{"motor_position": {"axis_1_motor_position": 44469, "axis_2_motor_position": 53275}, "target_name": "solar_tower_juelich_lower", "sun_elevation": 60.048749947446495, "sun_azimuth": -26.72707534760136, "focal_spot": {"HeliOS": [50.9133920603779, 6.38781458145712, 122.3066903805539], "UTIS": [50.913392075362076, 6.387815011408412, 122.27723693847656]}}