{"motor_position": {"axis_1_motor_position": 43522, "axis_2_motor_position": 58236}, "target_name": "solar_tower_juelich_upper", "sun_elevation": 54.259029891365834, "sun_azimuth": -50.06660848950142, "focal_spot": {"HeliOS": [50.913392033181324, 6.387820193894958, 129.90846036785905], "UTIS": [50.91339205683444, 6.387820580392985, 129.97103118896484]}}