{"motor_position": {"axis_1_motor_position": 44211, "axis_2_motor_position": 61049}, "target_name": "solar_tower_juelich_lower", "sun_elevation": 49.99599087640178, "sun_azimuth": -60.28307789668665, "focal_spot": {"HeliOS": [50.91339204634208, 6.387818389073217, 122.87520652895672], "UTIS": [50.913392063116376, 6.387818692196529, 122.79077529907228]}}