{"motor_position": {"axis_1_motor_position": 44216, "axis_2_motor_position": 63365}, "target_name": "solar_tower_juelich_lower", "sun_elevation": 45.833555221696905, "sun_azimuth": -68.20656627781747, "focal_spot": {"HeliOS": [50.913392049911934, 6.387817479920416, 122.68653474949276], "UTIS": [50.91339206557776, 6.387817952362788, 122.64568328857422]}}