{"motor_position": {"axis_1_motor_position": 44256, "axis_2_motor_position": 65851}, "target_name": "solar_tower_juelich_lower", "sun_elevation": 40.78669287649209, "sun_azimuth": -76.26960898564735, "focal_spot": {"HeliOS": [50.91339202184785, 6.3878271651780265, 122.68109142761908], "UTIS": [50.91339203182883, 6.387828096383735, 122.65058517456056]}}