{"motor_position": {"axis_1_motor_position": 44347, "axis_2_motor_position": 68179}, "target_name": "solar_tower_juelich_lower", "sun_elevation": 35.81555486539371, "sun_azimuth": -83.21383336480481, "focal_spot": {"HeliOS": [50.91339201783704, 6.387828772273497, 122.50262987103034], "UTIS": [50.91339202893474, 6.387828966257896, 122.44706344604492]}}