{"motor_position": {"axis_1_motor_position": 44473, "axis_2_motor_position": 70118}, "target_name": "solar_tower_juelich_lower", "sun_elevation": 31.44876956347834, "sun_azimuth": -88.81676129611962, "focal_spot": {"HeliOS": [50.91339201707166, 6.387829250670174, 122.32600210460602], "UTIS": [50.91339202748655, 6.387829401537369, 122.26374435424805]}}