{"motor_position": {"axis_1_motor_position": 44522, "axis_2_motor_position": 71740}, "target_name": "solar_tower_juelich_lower", "sun_elevation": 27.62356519754149, "sun_azimuth": -93.49338037214241, "focal_spot": {"HeliOS": [50.91339201926836, 6.387827821553228, 122.86071007349504], "UTIS": [50.91339203221934, 6.387827979008351, 122.87152481079102]}}