{"motor_position": {"axis_1_motor_position": 44786, "axis_2_motor_position": 73807}, "target_name": "solar_tower_juelich_lower", "sun_elevation": 22.59529680153914, "sun_azimuth": -99.47447216027969, "focal_spot": {"HeliOS": [50.913392017664165, 6.387828447491245, 122.8072267908094], "UTIS": [50.91339203140433, 6.3878282239765785, 122.78318405151369]}}