{"motor_position": {"axis_1_motor_position": 44956, "axis_2_motor_position": 74800}, "target_name": "solar_tower_juelich_lower", "sun_elevation": 20.102445094013365, "sun_azimuth": -102.42026775431484, "focal_spot": {"HeliOS": [50.91339201791518, 6.3878282950080605, 122.85820678149298], "UTIS": [50.91339203191626, 6.38782807010445, 122.83600997924805]}}