{"motor_position": {"axis_1_motor_position": 46007, "axis_2_motor_position": 29054}, "target_name": "solar_tower_juelich_lower", "sun_elevation": 43.77101601793473, "sun_azimuth": 71.86093981725958, "focal_spot": {"HeliOS": [50.91339202831569, 6.387827142864223, 121.01624609286576], "UTIS": [50.91339203515184, 6.387827097587847, 120.90127182006836]}}