{"motor_position": {"axis_1_motor_position": 45579, "axis_2_motor_position": 31903}, "target_name": "solar_tower_juelich_lower", "sun_elevation": 47.80707094871253, "sun_azimuth": 64.86484802400412, "focal_spot": {"HeliOS": [50.91339201247067, 6.387830653202346, 122.46424399441352], "UTIS": [50.91339202036483, 6.3878315420922505, 122.2371826171875]}}