{"motor_position": {"axis_1_motor_position": 45316, "axis_2_motor_position": 34704}, "target_name": "solar_tower_juelich_lower", "sun_elevation": 51.57724884406626, "sun_azimuth": 57.087591606695035, "focal_spot": {"HeliOS": [50.91339201149015, 6.387830531494112, 122.8548655373736], "UTIS": [50.913392019565826, 6.387831782250063, 122.6792106628418]}}