{"motor_position": {"axis_1_motor_position": 45087, "axis_2_motor_position": 37624}, "target_name": "solar_tower_juelich_lower", "sun_elevation": 55.20247119352964, "sun_azimuth": 47.694485086085244, "focal_spot": {"HeliOS": [50.9133920144641, 6.387829250714754, 123.05370284494256], "UTIS": [50.913392025622365, 6.387829961850233, 122.97872161865234]}}