{"motor_position": {"axis_1_motor_position": 44798, "axis_2_motor_position": 42028}, "target_name": "solar_tower_juelich_lower", "sun_elevation": 59.669515078491756, "sun_azimuth": 30.358251903564263, "focal_spot": {"HeliOS": [50.913392013834475, 6.387829205836626, 123.26477506734946], "UTIS": [50.91339202538975, 6.387830031772386, 123.18319320678712]}}