{"motor_position": {"axis_1_motor_position": 44668, "axis_2_motor_position": 44460}, "target_name": "solar_tower_juelich_lower", "sun_elevation": 61.34367342183686, "sun_azimuth": 18.996164016597756, "focal_spot": {"HeliOS": [50.9133920154272, 6.387828589905418, 123.30525532932344], "UTIS": [50.91339202526717, 6.387830068611523, 123.22563552856444]}}