{"motor_position": {"axis_1_motor_position": 44552, "axis_2_motor_position": 46851}, "target_name": "solar_tower_juelich_lower", "sun_elevation": 62.2398347847993, "sun_azimuth": 6.772222648181142, "focal_spot": {"HeliOS": [50.9133920165356, 6.387828192851663, 123.3084867981654], "UTIS": [50.91339202891115, 6.387828973349778, 123.22636795043944]}}