{"motor_position": {"axis_1_motor_position": 44447, "axis_2_motor_position": 49210}, "target_name": "solar_tower_juelich_lower", "sun_elevation": 62.271680054893366, "sun_azimuth": -5.895244310077766, "focal_spot": {"HeliOS": [50.91339201806325, 6.387827581441965, 123.3605201843352], "UTIS": [50.91339202908314, 6.387828921652268, 123.30036926269533]}}