{"motor_position": {"axis_1_motor_position": 44359, "axis_2_motor_position": 51527}, "target_name": "solar_tower_juelich_lower", "sun_elevation": 61.422542861731266, "sun_azimuth": -18.28786360827599, "focal_spot": {"HeliOS": [50.91339202034395, 6.387826814139718, 123.32947319605724], "UTIS": [50.9133920332545, 6.387827667874094, 123.19992065429688]}}