{"motor_position": {"axis_1_motor_position": 44189, "axis_2_motor_position": 56592}, "target_name": "solar_tower_juelich_lower", "sun_elevation": 56.74621020333652, "sun_azimuth": -42.943917032677895, "focal_spot": {"HeliOS": [50.91339202685113, 6.387824574770578, 123.2828187613886], "UTIS": [50.91339204172439, 6.387825122071758, 123.24114990234376]}}