{"motor_position": {"axis_1_motor_position": 44113, "axis_2_motor_position": 64687}, "target_name": "solar_tower_juelich_lower", "sun_elevation": 43.22861530838999, "sun_azimuth": -72.84365973055289, "focal_spot": {"HeliOS": [50.91339202309251, 6.387826081837042, 123.15763237201185], "UTIS": [50.91339203644021, 6.387826710341294, 123.12482452392578]}}