{"motor_position": {"axis_1_motor_position": 44462, "axis_2_motor_position": 72141}, "target_name": "solar_tower_juelich_lower", "sun_elevation": 26.737639748402287, "sun_azimuth": -94.79914314016423, "focal_spot": {"HeliOS": [50.91339201749704, 6.387828372008199, 122.91141284562347], "UTIS": [50.913392031276125, 6.387828262507325, 122.8971710205078]}}