{"motor_position": {"axis_1_motor_position": 43883, "axis_2_motor_position": 48064}, "target_name": "solar_tower_juelich_upper", "sun_elevation": 62.449143624772034, "sun_azimuth": -0.01830385794329646, "focal_spot": {"HeliOS": [50.91339201224636, 6.38783059079706, 129.38302190094552], "UTIS": [50.91339202189039, 6.387831083560763, 129.43064880371094]}}