{"motor_position": {"axis_1_motor_position": 43329, "axis_2_motor_position": 65759}, "target_name": "solar_tower_juelich_upper", "sun_elevation": 40.72216879671052, "sun_azimuth": -76.73179928404987, "focal_spot": {"HeliOS": [50.91339201399567, 6.3878298000845035, 129.4454757079048], "UTIS": [50.91339202466542, 6.387830249481618, 129.45790481567383]}}