{"motor_position": {"axis_1_motor_position": 43341, "axis_2_motor_position": 72104}, "target_name": "solar_tower_juelich_upper", "sun_elevation": 26.370630222116947, "sun_azimuth": -95.37854564129883, "focal_spot": {"HeliOS": [50.913392011054256, 6.387831277062776, 129.4025166380779], "UTIS": [50.91339201799173, 6.38783225536872, 129.52334213256836]}}