{"motor_position": {"axis_1_motor_position": 44449, "axis_2_motor_position": 37137}, "target_name": "solar_tower_juelich_upper", "sun_elevation": 54.72064853138023, "sun_azimuth": 49.64299392995929, "focal_spot": {"HeliOS": [50.91339201513375, 6.387828319801133, 129.05553609446463], "UTIS": [50.913392030348064, 6.387828541456917, 129.03773498535156]}}