{"motor_position": {"axis_1_motor_position": 43678, "axis_2_motor_position": 51689}, "target_name": "solar_tower_juelich_upper", "sun_elevation": 61.43312621884068, "sun_azimuth": -19.67351621841782, "focal_spot": {"HeliOS": [50.91339201986999, 6.387826979773213, 129.6068277666392], "UTIS": [50.91339203570807, 6.387826930399797, 129.71449661254883]}}