{"motor_position": {"axis_1_motor_position": 43335, "axis_2_motor_position": 72699}, "target_name": "solar_tower_juelich_upper", "sun_elevation": 24.922325864267467, "sun_azimuth": -97.12971910317275, "focal_spot": {"HeliOS": [50.91339201140116, 6.387831595755226, 129.60524860743288], "UTIS": [50.913392019952234, 6.387831666105251, 129.733154296875]}}