{"motor_position": {"axis_1_motor_position": 44644, "axis_2_motor_position": 34106}, "target_name": "solar_tower_juelich_upper", "sun_elevation": 50.81726320956498, "sun_azimuth": 59.200503457487116, "focal_spot": {"HeliOS": [50.913392015172484, 6.387828375832839, 129.09083487668107], "UTIS": [50.91339203034344, 6.387828542846817, 129.08435821533203]}}