{"motor_position": {"axis_1_motor_position": 44159, "axis_2_motor_position": 42749}, "target_name": "solar_tower_juelich_upper", "sun_elevation": 60.24249516152295, "sun_azimuth": 27.049204891825198, "focal_spot": {"HeliOS": [50.91339201012856, 6.387831924657642, 129.46255120088588], "UTIS": [50.91339201675348, 6.38783262754333, 129.4835090637207]}}