{"motor_position": {"axis_1_motor_position": 44128, "axis_2_motor_position": 59905}, "target_name": "solar_tower_juelich_lower", "sun_elevation": 51.881124556107615, "sun_azimuth": -56.36130520736641, "focal_spot": {"HeliOS": [50.91339207570762, 6.387806042428522, 123.8215304409962], "UTIS": [50.9133920856043, 6.387811932792886, 123.6890640258789]}}