{"motor_position": {"axis_1_motor_position": 44487, "axis_2_motor_position": 49281}, "target_name": "solar_tower_juelich_lower", "sun_elevation": 62.13722909209519, "sun_azimuth": -6.280105415302345, "focal_spot": {"HeliOS": [50.913392009934796, 6.387830427628147, 123.39450936794466], "UTIS": [50.91339202168473, 6.387831145377424, 123.3419418334961]}}