{"motor_position": {"axis_1_motor_position": 45875, "axis_2_motor_position": 22079}, "target_name": "solar_tower_juelich_upper", "sun_elevation": 33.23078231276996, "sun_azimuth": 86.31554638439012, "focal_spot": {"HeliOS": [50.91339201613475, 6.38782751320778, 128.9192588770398], "UTIS": [50.91339203937753, 6.38782582746987, 128.8878288269043]}}