{"motor_position": {"axis_1_motor_position": 45375, "axis_2_motor_position": 35131}, "target_name": "solar_tower_juelich_lower", "sun_elevation": 51.85840616854332, "sun_azimuth": 55.51411489083402, "focal_spot": {"HeliOS": [50.913392011445914, 6.387830027522528, 123.28363391881854], "UTIS": [50.91339202212482, 6.387831013099598, 123.12944412231444]}}