{"motor_position": {"axis_1_motor_position": 44596, "axis_2_motor_position": 48565}, "target_name": "solar_tower_juelich_lower", "sun_elevation": 62.01504306976331, "sun_azimuth": -2.3549264340093083, "focal_spot": {"HeliOS": [50.913392017603584, 6.387827616141217, 123.45603536936474], "UTIS": [50.91339203107877, 6.387828321825555, 123.36588287353516]}}