{"motor_position": {"axis_1_motor_position": 44257, "axis_2_motor_position": 62054}, "target_name": "solar_tower_juelich_lower", "sun_elevation": 47.96662668276761, "sun_azimuth": -63.73842769738707, "focal_spot": {"HeliOS": [50.91339202519861, 6.3878248539741955, 123.49164362699617], "UTIS": [50.91339204116524, 6.387825290134428, 123.49467086791992]}}