{"motor_position": {"axis_1_motor_position": 44526, "axis_2_motor_position": 70151}, "target_name": "solar_tower_juelich_lower", "sun_elevation": 31.203315327008777, "sun_azimuth": -88.68526880211263, "focal_spot": {"HeliOS": [50.91339201772887, 6.387828165185953, 123.00872946406702], "UTIS": [50.91339203113784, 6.387828304075514, 123.02630996704102]}}