{"motor_position": {"axis_1_motor_position": 44948, "axis_2_motor_position": 42769}, "target_name": "solar_tower_juelich_lower", "sun_elevation": 59.76709469311074, "sun_azimuth": 26.711910687782428, "focal_spot": {"HeliOS": [50.91339201216811, 6.3878296853424805, 123.35284451252356], "UTIS": [50.91339202459215, 6.387830271503062, 123.21448135375977]}}