{"motor_position": {"axis_1_motor_position": 46357, "axis_2_motor_position": 28396}, "target_name": "solar_tower_juelich_lower", "sun_elevation": 41.90358927704514, "sun_azimuth": 72.0760520647595, "focal_spot": {"HeliOS": [50.91339200903689, 6.387830444131486, 123.64241278593003], "UTIS": [50.91339202399737, 6.387830450274745, 123.5508155822754]}}