{"motor_position": {"axis_1_motor_position": 44987, "axis_2_motor_position": 48026}, "target_name": "solar_tower_juelich_lower", "sun_elevation": 61.02355906587783, "sun_azimuth": 0.5346850454065825, "focal_spot": {"HeliOS": [50.91339201498324, 6.387828310794916, 123.63786612081336], "UTIS": [50.91339203014532, 6.38782860239557, 123.4351043701172]}}