{"motor_position": {"axis_1_motor_position": 44474, "axis_2_motor_position": 48252}, "target_name": "solar_tower_juelich_upper", "sun_elevation": 60.72792595725212, "sun_azimuth": -0.9266234001543506, "focal_spot": {"HeliOS": [50.9133920190785, 6.387828299563445, 130.00058122486183], "UTIS": [50.91339202940894, 6.38782882372871, 130.02820587158203]}}