{"motor_position": {"axis_1_motor_position": 45232, "axis_2_motor_position": 48937}, "target_name": "solar_tower_juelich_lower", "sun_elevation": 60.194478430399116, "sun_azimuth": -4.080464506810926, "focal_spot": {"HeliOS": [50.91339201616741, 6.3878276372876694, 123.81956177139614], "UTIS": [50.913392032403124, 6.387827923764903, 123.77788925170898]}}