{"motor_position": {"axis_1_motor_position": 45176, "axis_2_motor_position": 65705}, "target_name": "solar_tower_juelich_lower", "sun_elevation": 39.75006355337406, "sun_azimuth": -73.74219388215141, "focal_spot": {"HeliOS": [50.913392022191516, 6.387826044545036, 123.41018601703674], "UTIS": [50.91339203800096, 6.387826241226227, 123.38068008422852]}}