{"motor_position": {"axis_1_motor_position": 44602, "axis_2_motor_position": 53066}, "target_name": "solar_tower_juelich_upper", "sun_elevation": 57.97840527708469, "sun_azimuth": -24.979904115668443, "focal_spot": {"HeliOS": [50.91339202462485, 6.38782682354263, 130.75011785235267], "UTIS": [50.9133920346831, 6.387827238476274, 130.78492736816406]}}