{"motor_position": {"axis_1_motor_position": 45084, "axis_2_motor_position": 34751}, "target_name": "multi_focus_tower", "sun_elevation": 46.35701427823995, "sun_azimuth": 59.28525331250261, "focal_spot": {"HeliOS": [50.91339642928554, 6.387580697447883, 138.58352781500594], "UTIS": [50.91339643161141, 6.387580910290608, 138.5288124084473]}}