{"motor_position": {"axis_1_motor_position": 44444, "axis_2_motor_position": 44349}, "target_name": "multi_focus_tower", "sun_elevation": 56.87480222764418, "sun_azimuth": 25.5385638878808, "focal_spot": {"HeliOS": [50.91339642795767, 6.387581023036633, 138.83878751701138], "UTIS": [50.91339642978777, 6.387581458765657, 138.79779434204102]}}