{"motor_position": {"axis_1_motor_position": 44014, "axis_2_motor_position": 53104}, "target_name": "multi_focus_tower", "sun_elevation": 57.98417940800405, "sun_azimuth": -17.25857881097708, "focal_spot": {"HeliOS": [50.9133964377224, 6.387578192657032, 139.09561230255107], "UTIS": [50.91339643833799, 6.387578887192218, 139.06922912597656]}}