{"motor_position": {"axis_1_motor_position": 43749, "axis_2_motor_position": 61140}, "target_name": "multi_focus_tower", "sun_elevation": 49.059284723505236, "sun_azimuth": -53.17961456431278, "focal_spot": {"HeliOS": [50.9133964255629, 6.387581595566449, 139.25288638902947], "UTIS": [50.913396429180914, 6.3875816412833135, 139.24092864990234]}}