{"motor_position": {"axis_1_motor_position": 43719, "axis_2_motor_position": 69156}, "target_name": "multi_focus_tower", "sun_elevation": 33.45518981191514, "sun_azimuth": -80.22216408955109, "focal_spot": {"HeliOS": [50.913396430373126, 6.3875802925860725, 139.00985369962712], "UTIS": [50.91339643307029, 6.38758047151599, 138.98812103271484]}}