{"motor_position": {"axis_1_motor_position": 45559, "axis_2_motor_position": 47997}, "target_name": "solar_tower_juelich_upper", "sun_elevation": 57.77917301975191, "sun_azimuth": 0.4540869851599205, "focal_spot": {"HeliOS": [50.91339201816654, 6.3878300393518455, 130.49348673184693], "UTIS": [50.91339202252483, 6.387830892866448, 130.61914825439453]}}