{"motor_position": {"axis_1_motor_position": 49708, "axis_2_motor_position": 24837}, "target_name": "solar_tower_juelich_lower", "sun_elevation": 32.38032182316556, "sun_azimuth": 74.45113203730473, "focal_spot": {"HeliOS": [50.913392031797486, 6.387822484420577, 123.4989996689474], "UTIS": [50.91339205171154, 6.387822120205852, 123.3802604675293]}}