{"motor_position": {"axis_1_motor_position": 49373, "axis_2_motor_position": 25938}, "target_name": "solar_tower_juelich_lower", "sun_elevation": 34.01966918377958, "sun_azimuth": 72.01370527426336, "focal_spot": {"HeliOS": [50.91339199922124, 6.387832957341165, 124.54955193003288], "UTIS": [50.91339201498135, 6.387833160190398, 124.49942016601562]}}