{"motor_position": {"axis_1_motor_position": 54832, "axis_2_motor_position": 49272}, "target_name": "solar_tower_juelich_lower", "sun_elevation": 34.22579214055579, "sun_azimuth": -3.4819997582880977, "focal_spot": {"HeliOS": [50.913392002865635, 6.387833360431627, 123.01203873241508], "UTIS": [50.91339201100185, 6.387834356280932, 122.94364547729492]}}