{"motor_position": {"axis_1_motor_position": 54681, "axis_2_motor_position": 47516}, "target_name": "solar_tower_juelich_lower", "sun_elevation": 34.259833647516075, "sun_azimuth": 2.4095610262007985, "focal_spot": {"HeliOS": [50.91339200569472, 6.38782962759961, 125.22796449909686], "UTIS": [50.91339202372872, 6.38783053101778, 125.0905876159668]}}