{"motor_position": {"axis_1_motor_position": 54912, "axis_2_motor_position": 52358}, "target_name": "solar_tower_juelich_lower", "sun_elevation": 33.39609618540264, "sun_azimuth": -13.81605057715801, "focal_spot": {"HeliOS": [50.913391999695214, 6.387834977480939, 122.50514612764198], "UTIS": [50.91339200567232, 6.387835958147757, 122.43012619018556]}}