{"motor_position": {"axis_1_motor_position": 55147, "axis_2_motor_position": 55490}, "target_name": "solar_tower_juelich_lower", "sun_elevation": 31.515347736610455, "sun_azimuth": -24.317168416302195, "focal_spot": {"HeliOS": [50.913391997990374, 6.387835990368809, 122.04650520695893], "UTIS": [50.913392002174376, 6.387837009498822, 121.97672653198242]}}