{"motor_position": {"axis_1_motor_position": 55443, "axis_2_motor_position": 58330}, "target_name": "solar_tower_juelich_lower", "sun_elevation": 28.921887878007023, "sun_azimuth": -33.6148763658153, "focal_spot": {"HeliOS": [50.91339200847737, 6.387832073443441, 122.41337818631462], "UTIS": [50.913392015591526, 6.387832976784585, 122.33341217041016]}}