{"motor_position": {"axis_1_motor_position": 58070, "axis_2_motor_position": 67318}, "target_name": "solar_tower_juelich_lower", "sun_elevation": 15.042267332587858, "sun_azimuth": -62.004793002457326, "focal_spot": {"HeliOS": [50.91339203335106, 6.387822789476038, 122.9513880855956], "UTIS": [50.913392050345735, 6.38782253072815, 122.8113021850586]}}