{"motor_position": {"axis_1_motor_position": 57879, "axis_2_motor_position": 61294}, "target_name": "solar_tower_juelich_lower", "sun_elevation": 20.587947370885235, "sun_azimuth": -41.58884293667137, "focal_spot": {"HeliOS": [50.91339202224734, 6.387826760654715, 122.87969388219976], "UTIS": [50.9133920345413, 6.38782728109536, 122.71402740478516]}}