{"motor_position": {"axis_1_motor_position": 56781, "axis_2_motor_position": 54180}, "target_name": "solar_tower_juelich_lower", "sun_elevation": 27.295546301970315, "sun_azimuth": -18.791740261057384, "focal_spot": {"HeliOS": [50.913392024288086, 6.387825293828284, 123.41313412327904], "UTIS": [50.91339203880397, 6.387825999864963, 123.34445190429688]}}