{"motor_position": {"axis_1_motor_position": 58723, "axis_2_motor_position": 36285}, "target_name": "solar_tower_juelich_lower", "sun_elevation": 20.847631321862117, "sun_azimuth": 34.43515629352487, "focal_spot": {"HeliOS": [50.91339202528604, 6.387824841829798, 123.4787268402772], "UTIS": [50.913392042648496, 6.387824844315447, 123.28823471069336]}}