{"motor_position": {"axis_1_motor_position": 57588, "axis_2_motor_position": 54767}, "target_name": "solar_tower_juelich_lower", "sun_elevation": 24.824497192651506, "sun_azimuth": -20.343702625447897, "focal_spot": {"HeliOS": [50.91339202563661, 6.387824885193687, 123.36452458864052], "UTIS": [50.9133920397595, 6.387825712664108, 123.29601287841795]}}