{"motor_position": {"axis_1_motor_position": 61326, "axis_2_motor_position": 26596}, "target_name": "solar_tower_juelich_upper", "sun_elevation": 8.573876508175372, "sun_azimuth": 57.402540205094354, "focal_spot": {"HeliOS": [50.9133920246279, 6.387824874055445, 129.85576895382383], "UTIS": [50.913392043983656, 6.387824443000391, 129.8871307373047]}}