{"motor_position": {"axis_1_motor_position": 60747, "axis_2_motor_position": 28050}, "target_name": "solar_tower_juelich_upper", "sun_elevation": 10.602533050242531, "sun_azimuth": 54.113469289095754, "focal_spot": {"HeliOS": [50.91339202404602, 6.387825165522208, 129.83968233393736], "UTIS": [50.913392041963945, 6.387825050068145, 129.83082962036133]}}