{"motor_position": {"axis_1_motor_position": 57048, "axis_2_motor_position": 46745}, "target_name": "solar_tower_juelich_upper", "sun_elevation": 26.150963798551313, "sun_azimuth": 4.738898434936432, "focal_spot": {"HeliOS": [50.91339202403496, 6.387826142671855, 130.29863800425093], "UTIS": [50.91339203864015, 6.387826049101331, 130.3179588317871]}}