{"motor_position": {"axis_1_motor_position": 59190, "axis_2_motor_position": 56927}, "target_name": "solar_tower_juelich_upper", "sun_elevation": 17.835613941680585, "sun_azimuth": -26.384570014882208, "focal_spot": {"HeliOS": [50.913392026242306, 6.387823584066587, 129.64990948013167], "UTIS": [50.91339204794134, 6.387823253428826, 129.71258163452148]}}