{"motor_position": {"axis_1_motor_position": 62547, "axis_2_motor_position": 61467}, "target_name": "solar_tower_juelich_upper", "sun_elevation": 6.790090914794395, "sun_azimuth": -39.61191514869873, "focal_spot": {"HeliOS": [50.91339202109043, 6.387825250516518, 129.07425588807533], "UTIS": [50.9133920423059, 6.387824947283323, 129.0285301208496]}}