{"motor_position": {"axis_1_motor_position": 58477, "axis_2_motor_position": 45142}, "target_name": "solar_tower_juelich_upper", "sun_elevation": 23.331642216509685, "sun_azimuth": 9.557031951157459, "focal_spot": {"HeliOS": [50.913392035813935, 6.387820764254965, 131.1361844081402], "UTIS": [50.913392054782406, 6.387821197183261, 131.0997657775879]}}