{"motor_position": {"axis_1_motor_position": 58912, "axis_2_motor_position": 57705}, "target_name": "solar_tower_juelich_upper", "sun_elevation": 19.30830735974029, "sun_azimuth": -29.187180883750905, "focal_spot": {"HeliOS": [50.91339203174421, 6.387824847014513, 131.81544471155104], "UTIS": [50.913392040428754, 6.387825511501471, 131.86147689819336]}}