{"motor_position": {"axis_1_motor_position": 61553, "axis_2_motor_position": 65197}, "target_name": "solar_tower_juelich_upper", "sun_elevation": 8.66884657370931, "sun_azimuth": -52.58302109917289, "focal_spot": {"HeliOS": [50.91339202355477, 6.387824911705712, 129.57727951154624], "UTIS": [50.91339204327658, 6.38782465552631, 129.55091094970703]}}