{"motor_position": {"axis_1_motor_position": 58062, "axis_2_motor_position": 37737}, "target_name": "multi_focus_tower", "sun_elevation": 19.364133973529334, "sun_azimuth": 34.84006668077632, "focal_spot": {"HeliOS": [50.91339646321771, 6.387570877152052, 138.89574396740304], "UTIS": [50.913396462662625, 6.387571571190259, 138.86387634277344]}}