{"motor_position": {"axis_1_motor_position": 56781, "axis_2_motor_position": 46931}, "target_name": "multi_focus_tower", "sun_elevation": 25.34389059769297, "sun_azimuth": 8.973880783715853, "focal_spot": {"HeliOS": [50.913396463201316, 6.387570877810753, 138.88667159945436], "UTIS": [50.913396462035955, 6.387571759674318, 138.83794403076172]}}