{"motor_position": {"axis_1_motor_position": 59148, "axis_2_motor_position": 37304}, "target_name": "solar_tower_juelich_lower", "sun_elevation": 20.845623333054366, "sun_azimuth": 31.703175034783776, "focal_spot": {"HeliOS": [50.913392036358395, 6.3878214157359565, 123.1551034807968], "UTIS": [50.913392053971045, 6.387821441059907, 123.09741592407228]}}