{"motor_position": {"axis_1_motor_position": 58947, "axis_2_motor_position": 38379}, "target_name": "solar_tower_juelich_lower", "sun_elevation": 21.7654344213162, "sun_azimuth": 28.846648230908137, "focal_spot": {"HeliOS": [50.913392037100756, 6.387821216513802, 123.1167071426916], "UTIS": [50.91339205388499, 6.387821466925612, 122.99241256713869]}}