{"motor_position": {"axis_1_motor_position": 58662, "axis_2_motor_position": 38869}, "target_name": "solar_tower_juelich_lower", "sun_elevation": 22.185896067337804, "sun_azimuth": 27.434414699085412, "focal_spot": {"HeliOS": [50.91339201582066, 6.387825768749288, 125.18605262661832], "UTIS": [50.913392037968656, 6.387826250935189, 125.0301742553711]}}