{"motor_position": {"axis_1_motor_position": 58277, "axis_2_motor_position": 41727}, "target_name": "solar_tower_juelich_lower", "sun_elevation": 24.125218539626633, "sun_azimuth": 19.55501654019156, "focal_spot": {"HeliOS": [50.913392018801886, 6.387825408364231, 124.6825601947338], "UTIS": [50.91339203782089, 6.387826295350977, 124.60721969604492]}}