{"motor_position": {"axis_1_motor_position": 58060, "axis_2_motor_position": 43639}, "target_name": "solar_tower_juelich_lower", "sun_elevation": 25.07986775854133, "sun_azimuth": 14.06622359226024, "focal_spot": {"HeliOS": [50.913392019340115, 6.387825129822904, 124.73118801421543], "UTIS": [50.913392040543904, 6.387825476889565, 124.65120697021484]}}