{"motor_position": {"axis_1_motor_position": 57831, "axis_2_motor_position": 46786}, "target_name": "solar_tower_juelich_lower", "sun_elevation": 25.984404840990482, "sun_azimuth": 4.691300534204254, "focal_spot": {"HeliOS": [50.913392020181014, 6.387824662670357, 124.8257556633088], "UTIS": [50.91339204011066, 6.387825607113051, 124.73564910888672]}}