{"motor_position": {"axis_1_motor_position": 57768, "axis_2_motor_position": 49099}, "target_name": "solar_tower_juelich_lower", "sun_elevation": 26.072639098149804, "sun_azimuth": -2.413230300582585, "focal_spot": {"HeliOS": [50.91339201864776, 6.387825279976566, 124.80351281156322], "UTIS": [50.91339203799433, 6.387826243219548, 124.71964263916016]}}