{"motor_position": {"axis_1_motor_position": 57798, "axis_2_motor_position": 51139}, "target_name": "solar_tower_juelich_lower", "sun_elevation": 25.719523085862754, "sun_azimuth": -8.744797244370684, "focal_spot": {"HeliOS": [50.91339202530171, 6.387823070850045, 124.61204640404569], "UTIS": [50.913392044826345, 6.387824189706323, 124.57462310791016]}}