{"motor_position": {"axis_1_motor_position": 58072, "axis_2_motor_position": 55069}, "target_name": "solar_tower_juelich_lower", "sun_elevation": 23.822474144175917, "sun_azimuth": -21.165755521879188, "focal_spot": {"HeliOS": [50.91339202280842, 6.387824410806645, 124.35738344418778], "UTIS": [50.913392041934344, 6.387825058963505, 124.30860900878906]}}