{"motor_position": {"axis_1_motor_position": 58697, "axis_2_motor_position": 58875}, "target_name": "solar_tower_juelich_lower", "sun_elevation": 20.402585534929017, "sun_azimuth": -33.16519727320827, "focal_spot": {"HeliOS": [50.91339202335411, 6.387824811887132, 123.9653203947378], "UTIS": [50.91339204088686, 6.387825373806424, 123.92119598388672]}}