{"motor_position": {"axis_1_motor_position": 59445, "axis_2_motor_position": 61621}, "target_name": "solar_tower_juelich_lower", "sun_elevation": 16.920957932272188, "sun_azimuth": -41.79176347147282, "focal_spot": {"HeliOS": [50.913392024166164, 6.387825165979956, 123.5305083062291], "UTIS": [50.91339204133104, 6.38782524030142, 123.3689422607422]}}