{"motor_position": {"axis_1_motor_position": 60375, "axis_2_motor_position": 64023}, "target_name": "solar_tower_juelich_lower", "sun_elevation": 13.156977844862142, "sun_azimuth": -49.323859519191, "focal_spot": {"HeliOS": [50.91339202301461, 6.387826268725597, 123.04320855289583], "UTIS": [50.91339203670309, 6.387826631327161, 122.97203826904295]}}