{"motor_position": {"axis_1_motor_position": 56780, "axis_2_motor_position": 56767}, "target_name": "solar_tower_juelich_upper", "sun_elevation": 24.881680101012265, "sun_azimuth": -27.177919181220012, "focal_spot": {"HeliOS": [50.91339201354386, 6.387827229286943, 128.12646739345257], "UTIS": [50.91339203381738, 6.387827498685943, 128.12620544433594]}}