{"motor_position": {"axis_1_motor_position": 55451, "axis_2_motor_position": 41260}, "target_name": "multi_focus_tower", "sun_elevation": 27.402028372574204, "sun_azimuth": 26.206670783256005, "focal_spot": {"HeliOS": [50.91339644293725, 6.3875766368691815, 137.58618269319552], "UTIS": [50.9133964431925, 6.3875774271323245, 137.5661849975586]}}