{"motor_position": {"axis_1_motor_position": 55209, "axis_2_motor_position": 43059}, "target_name": "multi_focus_tower", "sun_elevation": 28.62224257001802, "sun_azimuth": 20.98478365574682, "focal_spot": {"HeliOS": [50.913396444151466, 6.387576262492028, 137.6924505694955], "UTIS": [50.91339644509141, 6.387576856012064, 137.67641830444336]}}