{"motor_position": {"axis_1_motor_position": 58686, "axis_2_motor_position": 30948}, "target_name": "solar_tower_juelich_lower", "sun_elevation": 19.19033746875828, "sun_azimuth": 48.59409218699354, "focal_spot": {"HeliOS": [50.91339203176584, 6.387825987619253, 121.05179918309436], "UTIS": [50.91339203798849, 6.387826244975567, 120.9864616394043]}}