{"motor_position": {"axis_1_motor_position": 57976, "axis_2_motor_position": 33588}, "target_name": "solar_tower_juelich_lower", "sun_elevation": 22.23312255342702, "sun_azimuth": 42.20022359857153, "focal_spot": {"HeliOS": [50.913392039009025, 6.387823502822182, 121.16148866859623], "UTIS": [50.91339204472735, 6.387824219463747, 121.12964248657228]}}