{"motor_position": {"axis_1_motor_position": 57328, "axis_2_motor_position": 36441}, "target_name": "solar_tower_juelich_lower", "sun_elevation": 25.125218309656844, "sun_azimuth": 34.90384552465215, "focal_spot": {"HeliOS": [50.91339203205929, 6.38782509128426, 121.6586202887483], "UTIS": [50.91339204065291, 6.387825444128597, 121.51908111572266]}}