{"motor_position": {"axis_1_motor_position": 56314, "axis_2_motor_position": 43463}, "target_name": "solar_tower_juelich_lower", "sun_elevation": 30.049640020878996, "sun_azimuth": 15.060411578871745, "focal_spot": {"HeliOS": [50.9133920306418, 6.387825332389, 121.827350302192], "UTIS": [50.913392037444325, 6.387826408536318, 121.80701446533205]}}