{"motor_position": {"axis_1_motor_position": 56155, "axis_2_motor_position": 45400}, "target_name": "solar_tower_juelich_lower", "sun_elevation": 30.74314742147683, "sun_azimuth": 9.130378545788972, "focal_spot": {"HeliOS": [50.91339202866919, 6.387825938430721, 121.86485691780156], "UTIS": [50.91339203571319, 6.3878269288607346, 121.85911178588869]}}