{"motor_position": {"axis_1_motor_position": 56006, "axis_2_motor_position": 50716}, "target_name": "solar_tower_juelich_lower", "sun_elevation": 30.861697760094167, "sun_azimuth": -7.859574240956336, "focal_spot": {"HeliOS": [50.91339203394091, 6.3878242395380855, 121.82442608441542], "UTIS": [50.91339204020243, 6.387825579532004, 121.83193588256836]}}