{"motor_position": {"axis_1_motor_position": 56920, "axis_2_motor_position": 59640}, "target_name": "solar_tower_juelich_lower", "sun_elevation": 24.479656912511427, "sun_azimuth": -36.875599441817585, "focal_spot": {"HeliOS": [50.91339202849773, 6.38782448683483, 122.9484982945906], "UTIS": [50.913392037038626, 6.3878265304746416, 122.43399047851562]}}