{"motor_position": {"axis_1_motor_position": 58535, "axis_2_motor_position": 65428}, "target_name": "solar_tower_juelich_lower", "sun_elevation": 15.759183341835957, "sun_azimuth": -55.05383616056314, "focal_spot": {"HeliOS": [50.9133920412084, 6.387820085609106, 122.92888140824326], "UTIS": [50.91339205580075, 6.387820891093323, 122.89141082763672]}}