{"motor_position": {"axis_1_motor_position": 47605, "axis_2_motor_position": 23831}, "target_name": "solar_tower_juelich_lower", "sun_elevation": 34.67063542862273, "sun_azimuth": 80.65595593335442, "focal_spot": {"HeliOS": [50.913392017736676, 6.3878294228508254, 121.99681621763496], "UTIS": [50.91339202851887, 6.387829091254, 121.83035278320312]}}