{"motor_position": {"axis_1_motor_position": 47284, "axis_2_motor_position": 26002}, "target_name": "solar_tower_juelich_lower", "sun_elevation": 37.82203504735289, "sun_azimuth": 76.22312770385697, "focal_spot": {"HeliOS": [50.91339200917204, 6.387832100457035, 122.1733587596875], "UTIS": [50.9133920185454, 6.3878320889502, 121.9944839477539]}}