{"motor_position": {"axis_1_motor_position": 44896, "axis_2_motor_position": 50426}, "target_name": "solar_tower_juelich_lower", "sun_elevation": 60.59936580085955, "sun_azimuth": -11.956973809892528, "focal_spot": {"HeliOS": [50.91339201512867, 6.387828199930559, 123.681657124567], "UTIS": [50.913392029037645, 6.3878289353275335, 123.5945053100586]}}