{"motor_position": {"axis_1_motor_position": 44582, "axis_2_motor_position": 59463}, "target_name": "solar_tower_juelich_lower", "sun_elevation": 51.75752497054206, "sun_azimuth": -53.59224537711456, "focal_spot": {"HeliOS": [50.91339201817134, 6.387827264679786, 123.56489372673904], "UTIS": [50.913392032810286, 6.387827801385879, 123.51254272460938]}}