{"motor_position": {"axis_1_motor_position": 43298, "axis_2_motor_position": 45533}, "target_name": "multi_focus_tower", "sun_elevation": 60.17084745094361, "sun_azimuth": 21.55513525866155, "focal_spot": {"HeliOS": [50.913396430446646, 6.387580167284131, 139.5743956638349], "UTIS": [50.91339643353006, 6.3875803332310666, 139.53496551513672]}}