{"motor_position": {"axis_1_motor_position": 43070, "axis_2_motor_position": 50092}, "target_name": "multi_focus_tower", "sun_elevation": 61.514111534995976, "sun_azimuth": -2.197783722917296, "focal_spot": {"HeliOS": [50.913396436636575, 6.387578460649742, 139.67738036608776], "UTIS": [50.91339643922924, 6.387578619138055, 139.65159606933594]}}