{"motor_position": {"axis_1_motor_position": 42857, "axis_2_motor_position": 54587}, "target_name": "multi_focus_tower", "sun_elevation": 59.50494027687734, "sun_azimuth": -26.225491321144908, "focal_spot": {"HeliOS": [50.91339644658484, 6.387575747196559, 139.67974477868842], "UTIS": [50.913396447983175, 6.387575986273395, 139.6379356384277]}}