{"motor_position": {"axis_1_motor_position": 44716, "axis_2_motor_position": 24731}, "target_name": "multi_focus_tower", "sun_elevation": 33.651816346764384, "sun_azimuth": 84.89012460475914, "focal_spot": {"HeliOS": [50.913396429383276, 6.387580787138233, 138.0830945060593], "UTIS": [50.91339643435755, 6.387580084350751, 137.97980880737305]}}