{"motor_position": {"axis_1_motor_position": 44507, "axis_2_motor_position": 26988}, "target_name": "multi_focus_tower", "sun_elevation": 37.02820618702625, "sun_azimuth": 80.38691662410226, "focal_spot": {"HeliOS": [50.913396430480795, 6.387580422653054, 138.22245239726712], "UTIS": [50.91339643460301, 6.3875800105300895, 138.12268829345703]}}