{"motor_position": {"axis_1_motor_position": 45041, "axis_2_motor_position": 30003}, "target_name": "solar_tower_juelich_upper", "sun_elevation": 44.91534138807421, "sun_azimuth": 69.70874390373918, "focal_spot": {"HeliOS": [50.91339201008094, 6.387831581589988, 129.31510130094938], "UTIS": [50.91339201930169, 6.387831861640488, 129.31907272338867]}}