{"motor_position": {"axis_1_motor_position": 44345, "axis_2_motor_position": 39282}, "target_name": "solar_tower_juelich_upper", "sun_elevation": 56.94460356383725, "sun_azimuth": 41.55689696471613, "focal_spot": {"HeliOS": [50.91339201124671, 6.38783288939254, 130.06295835434128], "UTIS": [50.91339201315455, 6.38783370925863, 130.0808334350586]}}