{"motor_position": {"axis_1_motor_position": 44264, "axis_2_motor_position": 40598}, "target_name": "solar_tower_juelich_upper", "sun_elevation": 58.2837971078497, "sun_azimuth": 36.323038326886525, "focal_spot": {"HeliOS": [50.91339201534705, 6.387830667833114, 130.1040448173053], "UTIS": [50.9133920209393, 6.387831369425956, 130.12083053588867]}}