{"motor_position": {"axis_1_motor_position": 43562, "axis_2_motor_position": 35535}, "target_name": "multi_focus_tower", "sun_elevation": 49.95222536564555, "sun_azimuth": 60.459467586112005, "focal_spot": {"HeliOS": [50.913396423540085, 6.387582244757706, 138.99806779631996], "UTIS": [50.91339642718452, 6.387582241720302, 138.9299278259277]}}