{"motor_position": {"axis_1_motor_position": 43092, "axis_2_motor_position": 43667}, "target_name": "multi_focus_tower", "sun_elevation": 59.50595703513384, "sun_azimuth": 30.861798595498005, "focal_spot": {"HeliOS": [50.91339642519959, 6.387581623972335, 139.51664360427918], "UTIS": [50.91339642887578, 6.387581733057423, 139.46524047851562]}}