{"motor_position": {"axis_1_motor_position": 42829, "axis_2_motor_position": 55923}, "target_name": "multi_focus_tower", "sun_elevation": 58.524070575902094, "sun_azimuth": -32.40153369481573, "focal_spot": {"HeliOS": [50.91339650455802, 6.387558820448685, 138.75530478791745], "UTIS": [50.91339649882802, 6.387560693653169, 138.70300674438477]}}