{"motor_position": {"axis_1_motor_position": 42580, "axis_2_motor_position": 59665}, "target_name": "multi_focus_tower", "sun_elevation": 53.61775775563564, "sun_azimuth": -49.89765939276321, "focal_spot": {"HeliOS": [50.91339644629498, 6.387575823411981, 139.65294593433018], "UTIS": [50.91339644765486, 6.387576085017344, 139.60122680664062]}}