{"motor_position": {"axis_1_motor_position": 44510, "axis_2_motor_position": 28484}, "target_name": "multi_focus_tower", "sun_elevation": 39.083898915788346, "sun_azimuth": 76.95131529921873, "focal_spot": {"HeliOS": [50.91339642667514, 6.387581504729311, 138.44083882253295], "UTIS": [50.91339643217885, 6.387580739624394, 138.33003997802734]}}