{"motor_position": {"axis_1_motor_position": 44282, "axis_2_motor_position": 31251}, "target_name": "multi_focus_tower", "sun_elevation": 43.10802345571163, "sun_azimuth": 70.76600833032629, "focal_spot": {"HeliOS": [50.91339643961585, 6.387577662871056, 138.66513397620827], "UTIS": [50.91339644224301, 6.387577712706011, 138.58804321289062]}}