{"motor_position": {"axis_1_motor_position": 45912, "axis_2_motor_position": 25967}, "target_name": "solar_tower_juelich_upper", "sun_elevation": 38.38365808749823, "sun_azimuth": 77.71415616620224, "focal_spot": {"HeliOS": [50.9133920097285, 6.387831120088502, 129.0481536464465]}}