{"motor_position": {"axis_1_motor_position": 46509, "axis_2_motor_position": 33353}, "target_name": "solar_tower_juelich_lower", "sun_elevation": 47.79794422084256, "sun_azimuth": 58.42728314653562, "focal_spot": {"HeliOS": [50.91339200892742, 6.387831379754538, 122.89141460052238], "UTIS": [50.913392020321474, 6.387831555126802, 122.73792266845705]}}