{"motor_position": {"axis_1_motor_position": 46454, "axis_2_motor_position": 54932}, "target_name": "solar_tower_juelich_upper", "sun_elevation": 53.87177596670092, "sun_azimuth": -31.243647692184247, "focal_spot": {"HeliOS": [50.913392054317505, 6.387809424730367, 131.44819786591597], "UTIS": [50.913392095385035, 6.387808992869067, 131.57603454589844]}}