{"motor_position": {"axis_1_motor_position": 48824, "axis_2_motor_position": 30340}, "target_name": "solar_tower_juelich_upper", "sun_elevation": 39.81991851891828, "sun_azimuth": 61.90934438688255, "focal_spot": {"HeliOS": [50.913392027575526, 6.387827417795753, 131.7325359396138], "UTIS": [50.913392032301644, 6.387827954274907, 131.72744750976562]}}