{"motor_position": {"axis_1_motor_position": 48507, "axis_2_motor_position": 36185}, "target_name": "solar_tower_juelich_upper", "sun_elevation": 46.90380041834883, "sun_azimuth": 46.23227927896598, "focal_spot": {"HeliOS": [50.913392031699054, 6.387821925442582, 130.41994424977418], "UTIS": [50.913392048961256, 6.387822946864289, 130.4319305419922]}}