{"motor_position": {"axis_1_motor_position": 50298, "axis_2_motor_position": 40361}, "target_name": "solar_tower_juelich_lower", "sun_elevation": 45.25179816891961, "sun_azimuth": 29.00367397708841, "focal_spot": {"HeliOS": [50.913392012169865, 6.38783011923954, 123.00075422810018], "UTIS": [50.91339202337662, 6.387830636853599, 122.89784240722656]}}