{"motor_position": {"axis_1_motor_position": 51586, "axis_2_motor_position": 28746}, "target_name": "solar_tower_juelich_upper", "sun_elevation": 31.963109153458944, "sun_azimuth": 60.971184783622846, "focal_spot": {"HeliOS": [50.91339201693532, 6.387827389648087, 129.05985095687967], "UTIS": [50.91339203437869, 6.3878273299723904, 129.02893829345703]}}