{"motor_position": {"axis_1_motor_position": 51031, "axis_2_motor_position": 31789}, "target_name": "solar_tower_juelich_upper", "sun_elevation": 35.80984513939295, "sun_azimuth": 53.661270566543614, "focal_spot": {"HeliOS": [50.91339201887135, 6.387826855946512, 129.29333774796174], "UTIS": [50.91339203553225, 6.387826983249907, 129.2678108215332]}}