{"motor_position": {"axis_1_motor_position": 50603, "axis_2_motor_position": 34577}, "target_name": "solar_tower_juelich_upper", "sun_elevation": 39.06755882831796, "sun_azimuth": 46.30641072910846, "focal_spot": {"HeliOS": [50.913392020442295, 6.387826337312566, 129.44872659156172], "UTIS": [50.913392036520996, 6.387826686062112, 129.43414688110352]}}