{"motor_position": {"axis_1_motor_position": 50235, "axis_2_motor_position": 37433}, "target_name": "solar_tower_juelich_upper", "sun_elevation": 42.045308573663085, "sun_azimuth": 38.00216585557993, "focal_spot": {"HeliOS": [50.91339201561816, 6.38782924735087, 129.58463579484368], "UTIS": [50.91339202457363, 6.387830277066052, 129.62590408325195]}}