{"motor_position": {"axis_1_motor_position": 50817, "axis_2_motor_position": 43808}, "target_name": "solar_tower_juelich_lower", "sun_elevation": 45.25332184820412, "sun_azimuth": 16.365659383383672, "focal_spot": {"HeliOS": [50.91339201960347, 6.387827249670975, 123.20244651738668], "UTIS": [50.913392032663154, 6.387827845605046, 123.08726501464844]}}