{"motor_position": {"axis_1_motor_position": 50592, "axis_2_motor_position": 47996}, "target_name": "solar_tower_juelich_lower", "sun_elevation": 46.27673080586924, "sun_azimuth": 0.807597840404521, "focal_spot": {"HeliOS": [50.91339202059056, 6.387826768171447, 123.29943650346448], "UTIS": [50.91339203296266, 6.387827755586971, 123.17974090576172]}}