{"motor_position": {"axis_1_motor_position": 50550, "axis_2_motor_position": 53761}, "target_name": "solar_tower_juelich_lower", "sun_elevation": 44.47791820505239, "sun_azimuth": -21.38683430327338, "focal_spot": {"HeliOS": [50.91339202424695, 6.387825588674711, 123.21856002500893], "UTIS": [50.91339203757236, 6.3878263700530304, 123.1178741455078]}}