{"motor_position": {"axis_1_motor_position": 50669, "axis_2_motor_position": 56672}, "target_name": "solar_tower_juelich_lower", "sun_elevation": 42.0945435615673, "sun_azimuth": -32.2846587418908, "focal_spot": {"HeliOS": [50.9133920243594, 6.387825672149302, 123.13205180369091], "UTIS": [50.91339203757058, 6.387826370588653, 123.0533218383789]}}