{"motor_position": {"axis_1_motor_position": 50947, "axis_2_motor_position": 59931}, "target_name": "solar_tower_juelich_lower", "sun_elevation": 38.31830012539567, "sun_azimuth": -43.871637356474075, "focal_spot": {"HeliOS": [50.9133920284022, 6.387824580818785, 122.90679483768818], "UTIS": [50.91339204149359, 6.3878251914447315, 122.8393783569336]}}