{"motor_position": {"axis_1_motor_position": 51348, "axis_2_motor_position": 62744}, "target_name": "solar_tower_juelich_lower", "sun_elevation": 34.17634793830691, "sun_azimuth": -53.33406093395656, "focal_spot": {"HeliOS": [50.91339202436846, 6.387826355207631, 122.63764654620132], "UTIS": [50.91339203581181, 6.387826899225352, 122.5613136291504]}}