{"motor_position": {"axis_1_motor_position": 52048, "axis_2_motor_position": 65920}, "target_name": "solar_tower_juelich_lower", "sun_elevation": 28.606852394697995, "sun_azimuth": -63.47289661224749, "focal_spot": {"HeliOS": [50.91339201409301, 6.38783027170297, 122.31788973780316], "UTIS": [50.9133920229905, 6.387830752903491, 122.19120025634766]}}