{"motor_position": {"axis_1_motor_position": 53037, "axis_2_motor_position": 68840}, "target_name": "solar_tower_juelich_lower", "sun_elevation": 22.736746870091242, "sun_azimuth": -72.41892669056026, "focal_spot": {"HeliOS": [50.913392019621234, 6.387828950973705, 121.86544641064754], "UTIS": [50.91339202818426, 6.387829191828538, 121.69363021850586]}}