{"motor_position": {"axis_1_motor_position": 54545, "axis_2_motor_position": 71775}, "target_name": "solar_tower_juelich_lower", "sun_elevation": 16.049930592451314, "sun_azimuth": -81.43695937680273, "focal_spot": {"HeliOS": [50.91339201449143, 6.387830983499092, 121.57617903169614], "UTIS": [50.913392019205396, 6.387831890580923, 121.48454284667967]}}