{"motor_position": {"axis_1_motor_position": 49657, "axis_2_motor_position": 64011}, "target_name": "multi_focus_tower", "sun_elevation": 33.61569827875975, "sun_azimuth": -53.599178553965075, "focal_spot": {"HeliOS": [50.91339644342451, 6.387576551785113, 138.67926232695345], "UTIS": [50.91339644649086, 6.387576435109536, 138.6024055480957]}}