{"motor_position": {"axis_1_motor_position": 50247, "axis_2_motor_position": 67221}, "target_name": "multi_focus_tower", "sun_elevation": 27.784658612712107, "sun_azimuth": -64.08167539478818, "focal_spot": {"HeliOS": [50.913396438398685, 6.387578035292847, 138.27541194643734], "UTIS": [50.91339644151841, 6.387577930642401, 138.20406341552734]}}