{"motor_position": {"axis_1_motor_position": 51049, "axis_2_motor_position": 70008}, "target_name": "multi_focus_tower", "sun_elevation": 21.946052279725112, "sun_azimuth": -72.8813131800698, "focal_spot": {"HeliOS": [50.913396434925474, 6.387579131192725, 137.84410491343226], "UTIS": [50.91339643783844, 6.387579037437065, 137.8083038330078]}}