{"motor_position": {"axis_1_motor_position": 50800, "axis_2_motor_position": 50817}, "target_name": "solar_tower_juelich_lower", "sun_elevation": 45.144188449347176, "sun_azimuth": -9.965972463790933, "focal_spot": {"HeliOS": [50.913392020237474, 6.387826893499269, 123.29925983889368], "UTIS": [50.913392032191034, 6.3878279875172534, 123.20302200317384]}}