{"motor_position": {"axis_1_motor_position": 52311, "axis_2_motor_position": 38494}, "target_name": "solar_tower_juelich_lower", "sun_elevation": 39.15316380311676, "sun_azimuth": 33.02927496208628, "focal_spot": {"HeliOS": [50.91339203194842, 6.38782416373173, 122.35053969893096], "UTIS": [50.91339204172818, 6.3878251209327175, 122.14824295043944]}}