{"motor_position": {"axis_1_motor_position": 52673, "axis_2_motor_position": 35889}, "target_name": "solar_tower_juelich_lower", "sun_elevation": 36.71883988641677, "sun_azimuth": 40.59394670344045, "focal_spot": {"HeliOS": [50.913392033230835, 6.387823942173403, 122.20212008872164], "UTIS": [50.913392043857804, 6.387824480826017, 122.0796012878418]}}