{"motor_position": {"axis_1_motor_position": 51160, "axis_2_motor_position": 45929}, "target_name": "solar_tower_juelich_upper", "sun_elevation": 43.012386144960516, "sun_azimuth": 8.196975340929155, "focal_spot": {"HeliOS": [50.913392013213375, 6.387829875233971, 129.29860497775752], "UTIS": [50.91339202590437, 6.387829877090047, 129.332275390625]}}