{"motor_position": {"axis_1_motor_position": 53009, "axis_2_motor_position": 41011}, "target_name": "solar_tower_juelich_lower", "sun_elevation": 38.449291477001715, "sun_azimuth": 24.47550360985031, "focal_spot": {"HeliOS": [50.9133920314866, 6.387824193787795, 122.43907774275658], "UTIS": [50.91339204210046, 6.387825009035577, 122.26251220703124]}}