{"motor_position": {"axis_1_motor_position": 54512, "axis_2_motor_position": 31590}, "target_name": "multi_focus_tower", "sun_elevation": 24.36422568492619, "sun_azimuth": 53.6418022498299, "focal_spot": {"HeliOS": [50.91339644937263, 6.387574613441032, 137.62220690262495], "UTIS": [50.91339645290934, 6.3875745046530925, 137.56724548339844]}}