{"motor_position": {"axis_1_motor_position": 52583, "axis_2_motor_position": 42978}, "target_name": "multi_focus_tower", "sun_elevation": 35.61075649756473, "sun_azimuth": 22.682479269309443, "focal_spot": {"HeliOS": [50.91339646026213, 6.387571472954234, 138.27074503356403], "UTIS": [50.913396461140024, 6.38757202913872, 138.22081756591797]}}