{"motor_position": {"axis_1_motor_position": 53751, "axis_2_motor_position": 60392}, "target_name": "solar_tower_juelich_upper", "sun_elevation": 29.82683364131193, "sun_azimuth": -41.762978732121546, "focal_spot": {"HeliOS": [50.91339201616342, 6.387827289170289, 128.81713077027555], "UTIS": [50.91339203663558, 6.387826651619704, 128.8210487365723]}}