{"motor_position": {"axis_1_motor_position": 55139, "axis_2_motor_position": 62535}, "target_name": "multi_focus_tower", "sun_elevation": 23.531044668367276, "sun_azimuth": -42.57973383934212, "focal_spot": {"HeliOS": [50.91339645330231, 6.387573312310384, 137.40980931390345], "UTIS": [50.91339645513257, 6.387573835982164, 137.41759872436523]}}