{"motor_position": {"axis_1_motor_position": 55615, "axis_2_motor_position": 64349}, "target_name": "multi_focus_tower", "sun_elevation": 20.756036418379544, "sun_azimuth": -48.47232834082834, "focal_spot": {"HeliOS": [50.91339644166899, 6.387577031963872, 137.37730741399253], "UTIS": [50.91339644417456, 6.387577131768311, 137.38868713378906]}}