{"motor_position": {"axis_1_motor_position": 58302, "axis_2_motor_position": 62791}, "target_name": "solar_tower_juelich_lower", "sun_elevation": 18.821411047709578, "sun_azimuth": -46.448159601548, "focal_spot": {"HeliOS": [50.91339202532746, 6.387827753268957, 121.30560957326642], "UTIS": [50.913392029937675, 6.387828664805481, 121.24273300170898]}}