{"motor_position": {"axis_1_motor_position": 61428, "axis_2_motor_position": 58654}, "target_name": "solar_tower_juelich_lower", "sun_elevation": 13.059606000063816, "sun_azimuth": -31.16152916841236, "focal_spot": {"HeliOS": [50.913392031859004, 6.3878251125204475, 121.69178306875128], "UTIS": [50.913392042871315, 6.387824777335812, 121.71843719482422]}}