{"motor_position": {"axis_1_motor_position": 61235, "axis_2_motor_position": 57875}, "target_name": "solar_tower_juelich_lower", "sun_elevation": 13.888659268460474, "sun_azimuth": -28.767993723254893, "focal_spot": {"HeliOS": [50.91339202822986, 6.387826264616002, 121.7283366846956], "UTIS": [50.91339203372612, 6.387827526117827, 121.98580169677734]}}