{"motor_position": {"axis_1_motor_position": 59546, "axis_2_motor_position": 59305}, "target_name": "multi_focus_tower", "sun_elevation": 13.998580676377234, "sun_azimuth": -29.05173081882005, "focal_spot": {"HeliOS": [50.913396456119294, 6.387572908341066, 138.86825541848992], "UTIS": [50.913396456868796, 6.3875733137864, 138.8001594543457]}}