{"motor_position": {"axis_1_motor_position": 60731, "axis_2_motor_position": 33255}, "target_name": "multi_focus_tower", "sun_elevation": 9.68669327007961, "sun_azimuth": 45.09129353201519, "focal_spot": {"HeliOS": [50.91339645988972, 6.387571860569408, 138.9671720103321], "UTIS": [50.913396460598555, 6.387572191994373, 138.93902587890625]}}