{"motor_position": {"axis_1_motor_position": 58304, "axis_2_motor_position": 56039}, "target_name": "multi_focus_tower", "sun_elevation": 19.1440181921398, "sun_azimuth": -19.20332869656608, "focal_spot": {"HeliOS": [50.91339644459552, 6.387576114039418, 137.59142612428985], "UTIS": [50.913396447771724, 6.387576049869814, 137.57146453857422]}}