{"motor_position": {"axis_1_motor_position": 58836, "axis_2_motor_position": 39963}, "target_name": "multi_focus_tower", "sun_elevation": 17.58500245037752, "sun_azimuth": 28.290507443283953, "focal_spot": {"HeliOS": [50.9133964475682, 6.387575170209533, 137.55446486356195], "UTIS": [50.91339644960696, 6.387575497896283, 137.51942825317383]}}