{"motor_position": {"axis_1_motor_position": 57283, "axis_2_motor_position": 31010}, "target_name": "solar_tower_juelich_lower", "sun_elevation": 22.56524368140773, "sun_azimuth": 49.496450291309635, "focal_spot": {"HeliOS": [50.913392036581875, 6.387823891651097, 121.44956859101032], "UTIS": [50.91339204359775, 6.387824558992652, 121.39346694946288]}}