{"motor_position": {"axis_1_motor_position": 53528, "axis_2_motor_position": 45017}, "target_name": "solar_tower_juelich_upper", "sun_elevation": 36.35767714924912, "sun_azimuth": 10.736382374638442, "focal_spot": {"HeliOS": [50.91339201555075, 6.387827828095388, 128.92583689786662], "UTIS": [50.913392034245085, 6.3878273701303385, 128.9498405456543]}}