{"motor_position": {"axis_1_motor_position": 53328, "axis_2_motor_position": 50732}, "target_name": "solar_tower_juelich_upper", "sun_elevation": 36.55773319281502, "sun_azimuth": -8.601297918379212, "focal_spot": {"HeliOS": [50.91339201565973, 6.3878280630627335, 129.06370960151708], "UTIS": [50.91339203222904, 6.387827976092952, 129.06499862670898]}}