{"motor_position": {"axis_1_motor_position": 53375, "axis_2_motor_position": 53266}, "target_name": "solar_tower_juelich_upper", "sun_elevation": 35.55097426512492, "sun_azimuth": -17.36833817181817, "focal_spot": {"HeliOS": [50.91339201489478, 6.387828428814354, 129.04834499644795], "UTIS": [50.91339202869486, 6.387829038356433, 129.04195404052734]}}