{"motor_position": {"axis_1_motor_position": 53458, "axis_2_motor_position": 54938}, "target_name": "solar_tower_juelich_upper", "sun_elevation": 34.50412261989806, "sun_azimuth": -23.115928186901467, "focal_spot": {"HeliOS": [50.91339201391198, 6.387828808400757, 128.98794515877927], "UTIS": [50.91339202816116, 6.3878291987678715, 128.9676284790039]}}