{"motor_position": {"axis_1_motor_position": 53592, "axis_2_motor_position": 56656}, "target_name": "solar_tower_juelich_upper", "sun_elevation": 33.1102128820854, "sun_azimuth": -28.963372999643138, "focal_spot": {"HeliOS": [50.91339201449272, 6.387828353369512, 128.91620771480552], "UTIS": [50.91339202997621, 6.387828653225241, 128.86671829223633]}}