{"motor_position": {"axis_1_motor_position": 51837, "axis_2_motor_position": 47153}, "target_name": "solar_tower_juelich_upper", "sun_elevation": 41.153933562699926, "sun_azimuth": 3.728142644120341, "focal_spot": {"HeliOS": [50.913392016059824, 6.387828306481732, 129.273461046071], "UTIS": [50.91339202868315, 6.387829041875251, 129.3246192932129]}}