{"motor_position": {"axis_1_motor_position": 51781, "axis_2_motor_position": 48691}, "target_name": "solar_tower_juelich_upper", "sun_elevation": 41.20296016038522, "sun_azimuth": -1.77642859900903, "focal_spot": {"HeliOS": [50.91339201733984, 6.38782767095393, 129.2938456242574], "UTIS": [50.91339203051981, 6.387828489833988, 129.30183029174805]}}