{"motor_position": {"axis_1_motor_position": 51745, "axis_2_motor_position": 51770}, "target_name": "solar_tower_juelich_upper", "sun_elevation": 40.529524301238524, "sun_azimuth": -12.924793035278912, "focal_spot": {"HeliOS": [50.913392015504705, 6.387828673080534, 129.30586853483803], "UTIS": [50.91339202805081, 6.387829231939027, 129.3189239501953]}}