{"motor_position": {"axis_1_motor_position": 51811, "axis_2_motor_position": 54585}, "target_name": "solar_tower_juelich_upper", "sun_elevation": 38.9849769538407, "sun_azimuth": -23.089279063528124, "focal_spot": {"HeliOS": [50.913392016789174, 6.3878278993698885, 129.2641429860036], "UTIS": [50.913392029794295, 6.387828707905948, 129.2602195739746]}}