{"motor_position": {"axis_1_motor_position": 51879, "axis_2_motor_position": 55890}, "target_name": "solar_tower_juelich_upper", "sun_elevation": 37.965656146458336, "sun_azimuth": -27.739796050074787, "focal_spot": {"HeliOS": [50.91339201913382, 6.387826592187513, 129.23288138768726], "UTIS": [50.91339203496436, 6.387827153936438, 129.29838180541992]}}