{"motor_position": {"axis_1_motor_position": 51999, "axis_2_motor_position": 57521}, "target_name": "solar_tower_juelich_upper", "sun_elevation": 36.429617337469104, "sun_azimuth": -33.450449505158865, "focal_spot": {"HeliOS": [50.9133920196222, 6.387826241180662, 129.18688777386558], "UTIS": [50.913392035282016, 6.387827058460461, 129.1819076538086]}}