{"motor_position": {"axis_1_motor_position": 52110, "axis_2_motor_position": 58654}, "target_name": "solar_tower_juelich_upper", "sun_elevation": 35.19036839320105, "sun_azimuth": -37.356711351371096, "focal_spot": {"HeliOS": [50.91339202114709, 6.387825401595652, 129.16821074642303], "UTIS": [50.91339203738621, 6.3878264260016016, 129.10930633544922]}}