{"motor_position": {"axis_1_motor_position": 51373, "axis_2_motor_position": 48011}, "target_name": "solar_tower_juelich_upper", "sun_elevation": 42.384846586189106, "sun_azimuth": 0.6533687993205859, "focal_spot": {"HeliOS": [50.91339202371378, 6.387824533842122, 129.42649199066852], "UTIS": [50.91339204223819, 6.387824967636888, 129.43514251708984]}}