{"motor_position": {"axis_1_motor_position": 51355, "axis_2_motor_position": 48524}, "target_name": "solar_tower_juelich_upper", "sun_elevation": 42.38206106389403, "sun_azimuth": -1.2162301600746162, "focal_spot": {"HeliOS": [50.91339201861001, 6.3878271465147085, 129.3655254926325], "UTIS": [50.91339203360054, 6.387827563862095, 129.39536666870117]}}