{"motor_position": {"axis_1_motor_position": 47458, "axis_2_motor_position": 41857}, "target_name": "solar_tower_juelich_upper", "sun_elevation": 51.40977242378598, "sun_azimuth": 26.155219153358132, "focal_spot": {"HeliOS": [50.91339202899992, 6.387822579197698, 129.93346953878847], "UTIS": [50.9133920513597, 6.387822225960316, 129.98042678833008]}}