{"motor_position": {"axis_1_motor_position": 47353, "axis_2_motor_position": 43401}, "target_name": "solar_tower_juelich_upper", "sun_elevation": 52.399872850246936, "sun_azimuth": 20.11882482386908, "focal_spot": {"HeliOS": [50.91339202957298, 6.387822357467674, 129.98868861009004], "UTIS": [50.91339204925912, 6.387822857334371, 130.00421524047852]}}