{"motor_position": {"axis_1_motor_position": 47126, "axis_2_motor_position": 45571}, "target_name": "solar_tower_juelich_upper", "sun_elevation": 53.3829150754083, "sun_azimuth": 10.986032160692323, "focal_spot": {"HeliOS": [50.913392020418065, 6.387829713562655, 130.88339824857178], "UTIS": [50.913392027769454, 6.38782931650259, 131.04134368896484]}}