{
  "heliostat_position": [
    50.914182129784685,
    6.3885188639489545,
    88.66609955
  ],
  "height": 2.559999942779541,
  "width": 3.2200000286102295,
  "initial_orientation": [
    0.0,
    -1.0,
    0.0
  ],
  "kinematics_properties": {
    "actuators": [
      {
        "type_axis": "linear",
        "min_increment": 0,
        "max_increment": 69099,
        "increment": 154166.6667,
        "offset_shift": 0,
        "initial_stroke_length": 0.070533763,
        "offset": 0.335308,
        "pivot_radius": 0.338095,
        "radius_shift": 0,
        "clockwise_axis_movement": 0,
        "initial_angle": 0.004771719,
        "min_movement_angle": 0.008264134,
        "max_movement_angle": 1.570796327,
        "movement_speed": 0
      },
      {
        "type_axis": "linear",
        "min_increment": 0,
        "max_increment": 75334,
        "increment": 154166.6667,
        "offset_shift": 0,
        "initial_stroke_length": 0.076151237,
        "offset": 0.340771,
        "pivot_radius": 0.3191,
        "radius_shift": 0,
        "clockwise_axis_movement": 1,
        "initial_angle": 0.936160605,
        "min_movement_angle": -0.95993,
        "max_movement_angle": 0.926302393,
        "movement_speed": 0
      }
    ],
    "joint_translation_e_1": 0.0,
    "joint_translation_n_1": 0.0,
    "joint_translation_u_1": 0.0,
    "joint_translation_e_2": 0.0,
    "joint_translation_n_2": 0.0,
    "joint_translation_u_2": 0.0,
    "concentrator_translation_e": 0.0,
    "concentrator_translation_n": 0.175,
    "concentrator_translation_u": 0.0
  },
  "facet_properties": {
    "canting_type": "receiver canting",
    "number_of_facets": 4,
    "facets": [
      {
        "translation_vector": [
          -0.8075,
          0.6425,
          0.0402
        ],
        "canting_e": [
          0.80249470937437,
          -0.0,
          -0.0029227661049654532
        ],
        "canting_n": [
          6.687887617522395e-06,
          0.637497344011922,
          0.0018473796607020696
        ]
      },
      {
        "translation_vector": [
          0.8075,
          0.6425,
          0.0402
        ],
        "canting_e": [
          0.80249470937437,
          -0.0,
          0.0029227661049654532
        ],
        "canting_n": [
          -6.687887617522395e-06,
          0.637497344011922,
          0.0018473796607020696
        ]
      },
      {
        "translation_vector": [
          -0.8075,
          -0.6425,
          0.0402
        ],
        "canting_e": [
          0.80249470937437,
          -0.0,
          -0.0029227661049654532
        ],
        "canting_n": [
          -6.687887617522395e-06,
          0.637497344011922,
          -0.0018473796607020696
        ]
      },
      {
        "translation_vector": [
          0.8075,
          -0.6425,
          0.0402
        ],
        "canting_e": [
          0.80249470937437,
          -0.0,
          0.0029227661049654532
        ],
        "canting_n": [
          6.687887617522395e-06,
          0.637497344011922,
          -0.0018473796607020696
        ]
      }
    ]
  },
  "renovation": "2020-09-21/2020-10-04"
}