{"motor_position": {"axis_1_motor_position": 61356, "axis_2_motor_position": 15390}, "target_name": "multi_focus_tower", "sun_elevation": 6.51094794965496, "sun_azimuth": 59.33160091495277, "focal_spot": {"HeliOS": [50.91339643869872, 6.3875778917392765, 139.9072862411757], "UTIS": [50.91339644406861, 6.3875771636343215, 139.7877655029297]}}