{"motor_position": {"axis_1_motor_position": 60045, "axis_2_motor_position": 19055}, "target_name": "multi_focus_tower", "sun_elevation": 11.434559186284071, "sun_azimuth": 51.354775981445634, "focal_spot": {"HeliOS": [50.913396453918985, 6.387573765291215, 139.75651961189848], "UTIS": [50.91339645239827, 6.387574658369301, 139.65274047851562]}}