{"motor_position": {"axis_1_motor_position": 59250, "axis_2_motor_position": 21751}, "target_name": "multi_focus_tower", "sun_elevation": 14.702972523023972, "sun_azimuth": 45.27342456358133, "focal_spot": {"HeliOS": [50.913396438436315, 6.387577979056176, 139.40397485472812], "UTIS": [50.91339644124547, 6.387578012734667, 139.3665542602539]}}