{"motor_position": {"axis_1_motor_position": 58878, "axis_2_motor_position": 23209}, "target_name": "multi_focus_tower", "sun_elevation": 16.321090715736638, "sun_azimuth": 41.90925993022443, "focal_spot": {"HeliOS": [50.9133964393692, 6.387577719421587, 139.43523017792205], "UTIS": [50.9133964424248, 6.387577658032076, 139.3769760131836]}}