{"motor_position": {"axis_1_motor_position": 58611, "axis_2_motor_position": 24539}, "target_name": "multi_focus_tower", "sun_elevation": 17.715413293151535, "sun_azimuth": 38.75350239651315, "focal_spot": {"HeliOS": [50.91339643026011, 6.387580335220303, 138.95705034261707], "UTIS": [50.913396433175514, 6.38758043986694, 138.89329528808594]}}