{"motor_position": {"axis_1_motor_position": 58334, "axis_2_motor_position": 25890}, "target_name": "multi_focus_tower", "sun_elevation": 19.013928266271954, "sun_azimuth": 35.538010747595536, "focal_spot": {"HeliOS": [50.91339644287032, 6.3875767257901686, 138.93643048150534], "UTIS": [50.913396444918185, 6.387576908109603, 138.8694190979004]}}