{"motor_position": {"axis_1_motor_position": 57885, "axis_2_motor_position": 28399}, "target_name": "multi_focus_tower", "sun_elevation": 21.182444663217723, "sun_azimuth": 29.314920487170934, "focal_spot": {"HeliOS": [50.91339644005196, 6.387577532806161, 139.01772771619096], "UTIS": [50.91339644257402, 6.387577613148461, 138.9475059509277]}}