{"motor_position": {"axis_1_motor_position": 57677, "axis_2_motor_position": 29799}, "target_name": "multi_focus_tower", "sun_elevation": 22.22652570947615, "sun_azimuth": 25.742583042128295, "focal_spot": {"HeliOS": [50.913396446625775, 6.387575654183901, 138.97391245156015], "UTIS": [50.9133964474949, 6.38757613312824, 138.92631149291992]}}