{"motor_position": {"axis_1_motor_position": 57507, "axis_2_motor_position": 31099}, "target_name": "multi_focus_tower", "sun_elevation": 23.08940383333826, "sun_azimuth": 22.334955242080454, "focal_spot": {"HeliOS": [50.91339644720839, 6.387575496678784, 139.0425967926405], "UTIS": [50.91339644805766, 6.38757596387227, 138.9912986755371]}}