{"motor_position": {"axis_1_motor_position": 57360, "axis_2_motor_position": 32471}, "target_name": "multi_focus_tower", "sun_elevation": 23.875228825531575, "sun_azimuth": 18.670703523321386, "focal_spot": {"HeliOS": [50.91339644288557, 6.387576724049966, 138.99140674517065], "UTIS": [50.91339644410954, 6.387577151321839, 138.94224166870117]}}