{"motor_position": {"axis_1_motor_position": 57224, "axis_2_motor_position": 33962}, "target_name": "multi_focus_tower", "sun_elevation": 24.576651140827693, "sun_azimuth": 14.616023350015272, "focal_spot": {"HeliOS": [50.913396439950475, 6.387577562359296, 138.94932852683914], "UTIS": [50.91339644233463, 6.387577685152084, 138.89037322998047]}}