{"motor_position": {"axis_1_motor_position": 57128, "axis_2_motor_position": 35261}, "target_name": "multi_focus_tower", "sun_elevation": 25.051966918144227, "sun_azimuth": 11.034301878246195, "focal_spot": {"HeliOS": [50.913396440219294, 6.387577485184944, 139.00241519063863], "UTIS": [50.91339644264453, 6.387577591940614, 138.95240783691406]}}