{"motor_position": {"axis_1_motor_position": 55171, "axis_2_motor_position": 41134}, "target_name": "solar_tower_juelich_lower", "sun_elevation": 33.91713893468315, "sun_azimuth": -11.580739657984072, "focal_spot": {"HeliOS": [50.91339203937485, 6.387820699664349, 122.9442433242793], "UTIS": [50.913392054811396, 6.387821188470959, 122.85184860229492]}}