{"motor_position": {"axis_1_motor_position": 55376, "axis_2_motor_position": 24884}, "target_name": "solar_tower_juelich_lower", "sun_elevation": 30.871387077424593, "sun_azimuth": 36.08235514167771, "focal_spot": {"HeliOS": [50.91339205590756, 6.38781702288841, 121.77388675412598], "UTIS": [50.913392071391016, 6.38781620502764, 121.63932418823242]}}