{"motor_position": {"axis_1_motor_position": 54966, "axis_2_motor_position": 27135}, "target_name": "solar_tower_juelich_lower", "sun_elevation": 32.74163331633603, "sun_azimuth": 30.10056221613395, "focal_spot": {"HeliOS": [50.9133920446587, 6.387819011406613, 122.85331448910232], "UTIS": [50.91339206108467, 6.3878193028780235, 122.82696914672852]}}