{"motor_position": {"axis_1_motor_position": 53522, "axis_2_motor_position": 49495}, "target_name": "multi_focus_tower", "sun_elevation": 31.814532619335967, "sun_azimuth": -33.42364318718402, "focal_spot": {"HeliOS": [50.91339646733311, 6.387569513675655, 138.56049725454892], "UTIS": [50.91339646760012, 6.387570086152835, 138.51470184326172]}}