{"motor_position": {"axis_1_motor_position": 54259, "axis_2_motor_position": 54259}, "target_name": "multi_focus_tower", "sun_elevation": 26.249803462498303, "sun_azimuth": -47.650184955107314, "focal_spot": {"HeliOS": [50.913396442390585, 6.387576849653775, 138.58454321704767], "UTIS": [50.91339644764413, 6.387576088244627, 138.48129272460938]}}