{"motor_position": {"axis_1_motor_position": 47328, "axis_2_motor_position": 20726}, "target_name": "solar_tower_juelich_lower", "sun_elevation": 45.88848461043645, "sun_azimuth": 56.99749594862666, "focal_spot": {"HeliOS": [50.91339199761264, 6.387835880963301, 122.30243770314598], "UTIS": [50.91339200252589, 6.387836903846063, 122.19060134887695]}}