{"motor_position": {"axis_1_motor_position": 48445, "axis_2_motor_position": 10056}, "target_name": "solar_tower_juelich_lower", "sun_elevation": 31.667090507474192, "sun_azimuth": 80.84187695705381, "focal_spot": {"HeliOS": [50.913392010820296, 6.387831375287539, 122.32448307712065], "UTIS": [50.91339201641554, 6.387832729114528, 122.58475494384766]}}