{
  "heliostat_position": [
    50.91405858833831,
    6.38757915548476,
    88.64389801
  ],
  "height": 2.559999942779541,
  "width": 3.2200000286102295,
  "initial_orientation": [
    0.0,
    -1.0,
    0.0
  ],
  "kinematics_properties": {
    "actuators": [
      {
        "type_axis": "linear",
        "min_increment": 0,
        "max_increment": 69018,
        "increment": 154166.6667,
        "offset_shift": 0,
        "initial_stroke_length": 0.074865783,
        "offset": 0.335308,
        "pivot_radius": 0.338095,
        "radius_shift": 0,
        "clockwise_axis_movement": 0,
        "initial_angle": 0.013522453,
        "min_movement_angle": 0.009827949,
        "max_movement_angle": 1.570796327,
        "movement_speed": 0
      },
      {
        "type_axis": "linear",
        "min_increment": 0,
        "max_increment": 75542,
        "increment": 154166.6667,
        "offset_shift": 0,
        "initial_stroke_length": 0.078307313,
        "offset": 0.340771,
        "pivot_radius": 0.3191,
        "radius_shift": 0,
        "clockwise_axis_movement": 1,
        "initial_angle": 0.933686622,
        "min_movement_angle": -0.95993,
        "max_movement_angle": 0.931236438,
        "movement_speed": 0
      }
    ],
    "joint_translation_e_1": 0.0,
    "joint_translation_n_1": 0.0,
    "joint_translation_u_1": 0.0,
    "joint_translation_e_2": 0.0,
    "joint_translation_n_2": 0.0,
    "joint_translation_u_2": 0.0,
    "concentrator_translation_e": 0.0,
    "concentrator_translation_n": 0.175,
    "concentrator_translation_u": 0.0
  },
  "facet_properties": {
    "canting_type": "research level canting",
    "number_of_facets": 4,
    "facets": [
      {
        "translation_vector": [
          -0.8075,
          0.6425,
          0.0402
        ],
        "canting_e": [
          0.8024898912720363,
          -0.0,
          -0.004028866712594821
        ],
        "canting_n": [
          1.2779223779413478e-05,
          0.6374949213749822,
          0.002546488484209866
        ]
      },
      {
        "translation_vector": [
          0.8075,
          0.6425,
          0.0402
        ],
        "canting_e": [
          0.8024898912720363,
          -0.0,
          0.004028866712594821
        ],
        "canting_n": [
          -1.2779223779413478e-05,
          0.6374949213749822,
          0.002546488484209866
        ]
      },
      {
        "translation_vector": [
          -0.8075,
          -0.6425,
          0.0402
        ],
        "canting_e": [
          0.8024898912720363,
          -0.0,
          -0.004028866712594821
        ],
        "canting_n": [
          -1.2779223779413478e-05,
          0.6374949213749822,
          -0.002546488484209866
        ]
      },
      {
        "translation_vector": [
          0.8075,
          -0.6425,
          0.0402
        ],
        "canting_e": [
          0.8024898912720363,
          -0.0,
          0.004028866712594821
        ],
        "canting_n": [
          1.2779223779413478e-05,
          0.6374949213749822,
          -0.002546488484209866
        ]
      }
    ]
  },
  "renovation": "2020-10-26/2020-11-08"
}