{
  "heliostat_position": [
    50.915498550071085,
    6.388966826317319,
    88.79930115
  ],
  "height": 2.559999942779541,
  "width": 3.2200000286102295,
  "initial_orientation": [
    0.0,
    -1.0,
    0.0
  ],
  "kinematics_properties": {
    "actuators": [
      {
        "type_axis": "linear",
        "min_increment": 0,
        "max_increment": 68924,
        "increment": 154166.6667,
        "offset_shift": 0,
        "initial_stroke_length": 0.073831847,
        "offset": 0.335308,
        "pivot_radius": 0.338095,
        "radius_shift": 0,
        "clockwise_axis_movement": 0,
        "initial_angle": 0.028547123,
        "min_movement_angle": 0.0116588,
        "max_movement_angle": 1.570796327,
        "movement_speed": 0
      },
      {
        "type_axis": "linear",
        "min_increment": 0,
        "max_increment": 76016,
        "increment": 154166.6667,
        "offset_shift": 0,
        "initial_stroke_length": 0.077014826,
        "offset": 0.340771,
        "pivot_radius": 0.3191,
        "radius_shift": 0,
        "clockwise_axis_movement": 1,
        "initial_angle": 0.932731294,
        "min_movement_angle": -0.95993,
        "max_movement_angle": 0.942474612,
        "movement_speed": 0
      }
    ],
    "joint_translation_e_1": 0.0,
    "joint_translation_n_1": 0.0,
    "joint_translation_u_1": 0.0,
    "joint_translation_e_2": 0.0,
    "joint_translation_n_2": 0.0,
    "joint_translation_u_2": 0.0,
    "concentrator_translation_e": 0.0,
    "concentrator_translation_n": 0.175,
    "concentrator_translation_u": 0.0
  },
  "facet_properties": {
    "canting_type": "receiver canting",
    "number_of_facets": 4,
    "facets": [
      {
        "translation_vector": [
          -0.8075,
          0.6425,
          0.0402
        ],
        "canting_e": [
          0.8024989567712685,
          -0.0,
          -0.0012942320777771976
        ],
        "canting_n": [
          1.320987009999247e-06,
          0.6374994737772686,
          0.0008180449501730145
        ]
      },
      {
        "translation_vector": [
          0.8075,
          0.6425,
          0.0402
        ],
        "canting_e": [
          0.8024989567712685,
          -0.0,
          0.0012942320777771976
        ],
        "canting_n": [
          -1.320987009999247e-06,
          0.6374994737772686,
          0.0008180449501730145
        ]
      },
      {
        "translation_vector": [
          -0.8075,
          -0.6425,
          0.0402
        ],
        "canting_e": [
          0.8024989567712685,
          -0.0,
          -0.0012942320777771976
        ],
        "canting_n": [
          -1.320987009999247e-06,
          0.6374994737772686,
          -0.0008180449501730145
        ]
      },
      {
        "translation_vector": [
          0.8075,
          -0.6425,
          0.0402
        ],
        "canting_e": [
          0.8024989567712685,
          -0.0,
          0.0012942320777771976
        ],
        "canting_n": [
          1.320987009999247e-06,
          0.6374994737772686,
          -0.0008180449501730145
        ]
      }
    ]
  },
  "renovation": "2022-06-09"
}