{
  "heliostat_position": [
    50.91540648773356,
    6.386023496713547,
    88.25475311
  ],
  "height": 2.559999942779541,
  "width": 3.2200000286102295,
  "initial_orientation": [
    0.0,
    -1.0,
    0.0
  ],
  "kinematics_properties": {
    "actuators": [
      {
        "type_axis": "linear",
        "min_increment": 0,
        "max_increment": 68483,
        "increment": 154166.6667,
        "offset_shift": 0,
        "initial_stroke_length": 0.078168271,
        "offset": 0.335308,
        "pivot_radius": 0.338095,
        "radius_shift": 0,
        "clockwise_axis_movement": 0,
        "initial_angle": 0.015765806,
        "min_movement_angle": 0.020216148,
        "max_movement_angle": 1.570796327,
        "movement_speed": 0
      },
      {
        "type_axis": "linear",
        "min_increment": 0,
        "max_increment": 74477,
        "increment": 154166.6667,
        "offset_shift": 0,
        "initial_stroke_length": 0.074782627,
        "offset": 0.340771,
        "pivot_radius": 0.3191,
        "radius_shift": 0,
        "clockwise_axis_movement": 1,
        "initial_angle": 0.951018723,
        "min_movement_angle": -0.95993,
        "max_movement_angle": 0.929690075,
        "movement_speed": 0
      }
    ],
    "joint_translation_e_1": 0.0,
    "joint_translation_n_1": 0.0,
    "joint_translation_u_1": 0.0,
    "joint_translation_e_2": 0.0,
    "joint_translation_n_2": 0.0,
    "joint_translation_u_2": 0.0,
    "concentrator_translation_e": 0.0,
    "concentrator_translation_n": 0.175,
    "concentrator_translation_u": 0.0
  },
  "facet_properties": {
    "canting_type": "receiver canting",
    "number_of_facets": 4,
    "facets": [
      {
        "translation_vector": [
          -0.8075,
          0.6425,
          0.0402
        ],
        "canting_e": [
          0.8024990320354459,
          -0.0,
          -0.0012477569475615952
        ],
        "canting_n": [
          1.2256810958336167e-06,
          0.6374995115054535,
          0.0007886695199642591
        ]
      },
      {
        "translation_vector": [
          0.8075,
          0.6425,
          0.0402
        ],
        "canting_e": [
          0.8024990320354459,
          -0.0,
          0.0012477569475615952
        ],
        "canting_n": [
          -1.2256810958336167e-06,
          0.6374995115054535,
          0.0007886695199642591
        ]
      },
      {
        "translation_vector": [
          -0.8075,
          -0.6425,
          0.0402
        ],
        "canting_e": [
          0.8024990320354459,
          -0.0,
          -0.0012477569475615952
        ],
        "canting_n": [
          -1.2256810958336167e-06,
          0.6374995115054535,
          -0.0007886695199642591
        ]
      },
      {
        "translation_vector": [
          0.8075,
          -0.6425,
          0.0402
        ],
        "canting_e": [
          0.8024990320354459,
          -0.0,
          0.0012477569475615952
        ],
        "canting_n": [
          1.2256810958336167e-06,
          0.6374995115054535,
          -0.0007886695199642591
        ]
      }
    ]
  },
  "renovation": "2022-10-24/2022-12-11"
}