{"motor_position": {"axis_1_motor_position": 63523, "axis_2_motor_position": 13302}, "target_name": "solar_tower_juelich_lower", "sun_elevation": 6.453081841157085, "sun_azimuth": 59.41950371904386, "focal_spot": {"HeliOS": [50.91339197542603, 6.387842670274309, 123.4489783610876], "UTIS": [50.913391978337756, 6.387844173824448, 123.24925994873048]}}