{"motor_position": {"axis_1_motor_position": 59942, "axis_2_motor_position": 21814}, "target_name": "solar_tower_juelich_upper", "sun_elevation": 16.907651656535524, "sun_azimuth": 40.61438550643697, "focal_spot": {"HeliOS": [50.91339203309773, 6.387819775558695, 129.61346180349932], "UTIS": [50.91339205362633, 6.387821544671886, 129.6338996887207]}}