{"motor_position": {"axis_1_motor_position": 59450, "axis_2_motor_position": 23717}, "target_name": "solar_tower_juelich_upper", "sun_elevation": 18.826596270033676, "sun_azimuth": 36.02127295626175, "focal_spot": {"HeliOS": [50.913392027762605, 6.387822833516942, 129.6952483579878], "UTIS": [50.91339204399404, 6.387824439881589, 129.7335319519043]}}