{"motor_position": {"axis_1_motor_position": 58361, "axis_2_motor_position": 29558}, "target_name": "solar_tower_juelich_upper", "sun_elevation": 23.33476468776417, "sun_azimuth": 21.26134266415177, "focal_spot": {"HeliOS": [50.913392032696954, 6.387819779376347, 129.47368513315723], "UTIS": [50.91339205766295, 6.387820331363537, 129.47621154785156]}}