{"motor_position": {"axis_1_motor_position": 58073, "axis_2_motor_position": 31595}, "target_name": "solar_tower_juelich_upper", "sun_elevation": 24.411305716787304, "sun_azimuth": 15.668875743709942, "focal_spot": {"HeliOS": [50.91339203427835, 6.387819410311788, 129.7986105559263], "UTIS": [50.9133920564022, 6.387820710311368, 129.78030395507812]}}