{"motor_position": {"axis_1_motor_position": 56506, "axis_2_motor_position": 54324}, "target_name": "solar_tower_juelich_upper", "sun_elevation": 20.31034054595737, "sun_azimuth": -50.645270128316525, "focal_spot": {"HeliOS": [50.913392026771376, 6.387823300031807, 129.65294102232355], "UTIS": [50.91339204489598, 6.387824168783238, 129.72000122070312]}}