{"motor_position": {"axis_1_motor_position": 55704, "axis_2_motor_position": 25376}, "target_name": "solar_tower_juelich_upper", "sun_elevation": 28.884169530228895, "sun_azimuth": 33.22055858174606, "focal_spot": {"HeliOS": [50.91339202568849, 6.387827646319738, 131.3508023668159], "UTIS": [50.913392026823175, 6.387829600930426, 131.35364151000977]}}