{"motor_position": {"axis_1_motor_position": 55300, "axis_2_motor_position": 28457}, "target_name": "solar_tower_juelich_upper", "sun_elevation": 31.224352675733037, "sun_azimuth": 24.87059985580573, "focal_spot": {"HeliOS": [50.913392018057884, 6.38782950785892, 130.25987181793278], "UTIS": [50.91339202327828, 6.387830666407625, 130.3529815673828]}}