{"motor_position": {"axis_1_motor_position": 54445, "axis_2_motor_position": 36922}, "target_name": "solar_tower_juelich_upper", "sun_elevation": 34.12867501654585, "sun_azimuth": 0.019344044882111895, "focal_spot": {"HeliOS": [50.9133920173801, 6.387832378778615, 131.16048271371915], "UTIS": [50.91339201532529, 6.387833056808942, 131.14936065673828]}}