{"motor_position": {"axis_1_motor_position": 53809, "axis_2_motor_position": 14054}, "target_name": "solar_tower_juelich_lower", "sun_elevation": 28.55597385821018, "sun_azimuth": 64.17268115962992, "focal_spot": {"HeliOS": [50.913392016925854, 6.387829632256881, 122.0493156232399], "UTIS": [50.91339202075779, 6.387831423981235, 121.92215728759766]}}