{"motor_position": {"axis_1_motor_position": 49178, "axis_2_motor_position": 19354}, "target_name": "multi_focus_tower", "sun_elevation": 37.862453945653, "sun_azimuth": 59.112325419464895, "focal_spot": {"HeliOS": [50.913396442798415, 6.387576763595106, 139.31341036778196], "UTIS": [50.913396443790795, 6.387577247191066, 139.2360076904297]}}