{"motor_position": {"axis_1_motor_position": 47295, "axis_2_motor_position": 27368}, "target_name": "multi_focus_tower", "sun_elevation": 48.6715959535057, "sun_azimuth": 37.733981941912525, "focal_spot": {"HeliOS": [50.91339642024092, 6.387582868062131, 139.86308202566195], "UTIS": [50.913396428639075, 6.387581804247444, 139.7674331665039]}}