{"motor_position": {"axis_1_motor_position": 44363, "axis_2_motor_position": 40827}, "target_name": "solar_tower_juelich_upper", "sun_elevation": 57.95472705919757, "sun_azimuth": -24.747735261648693, "focal_spot": {"HeliOS": [50.91339199308074, 6.387844262975004, 130.3467810856936], "UTIS": [50.91339197509921, 6.387845147185153, 130.34580993652344]}}