{"motor_position": {"axis_1_motor_position": 43430, "axis_2_motor_position": 48582}, "target_name": "solar_tower_juelich_lower", "sun_elevation": 51.28683664072288, "sun_azimuth": -57.99962764177226, "focal_spot": {"HeliOS": [50.91339199626507, 6.387835262799321, 123.42305597303736], "UTIS": [50.913392002122386, 6.387837025123336, 123.2590789794922]}}