{"motor_position": {"axis_1_motor_position": 46344, "axis_2_motor_position": 12915}, "target_name": "solar_tower_juelich_lower", "sun_elevation": 40.58223383502278, "sun_azimuth": 76.80853977503949, "focal_spot": {"HeliOS": [50.913392007336434, 6.387830994929579, 123.69279487248129], "UTIS": [50.913392015444906, 6.387833020854592, 123.53657913208008]}}