{"motor_position": {"axis_1_motor_position": 58121, "axis_2_motor_position": 41997}, "target_name": "solar_tower_juelich_lower", "sun_elevation": 26.709694797412155, "sun_azimuth": 33.1420568770957, "focal_spot": {"HeliOS": [50.9133919926443, 6.387837496903718, 122.38310486471131], "UTIS": [50.91339199730041, 6.387838474423184, 122.3266944885254]}}