{"motor_position": {"axis_1_motor_position": 57698, "axis_2_motor_position": 44544}, "target_name": "solar_tower_juelich_lower", "sun_elevation": 28.75595432936329, "sun_azimuth": 26.122748629701082, "focal_spot": {"HeliOS": [50.9133920274944, 6.387824491977163, 123.18491888784683], "UTIS": [50.913392040746515, 6.387825415991594, 123.1367530822754]}}