{"motor_position": {"axis_1_motor_position": 57585, "axis_2_motor_position": 45533}, "target_name": "solar_tower_juelich_lower", "sun_elevation": 29.45412862998006, "sun_azimuth": 23.201779498580343, "focal_spot": {"HeliOS": [50.91339202737429, 6.387824538356074, 123.18217223084588], "UTIS": [50.91339203913896, 6.387825899175164, 123.13421630859376]}}