{"motor_position": {"axis_1_motor_position": 57486, "axis_2_motor_position": 46524}, "target_name": "solar_tower_juelich_lower", "sun_elevation": 30.07665245561183, "sun_azimuth": 20.21966093987767, "focal_spot": {"HeliOS": [50.91339202762618, 6.387824398544409, 123.21670816582451], "UTIS": [50.913392040882975, 6.387825374972586, 123.13716888427734]}}