{"motor_position": {"axis_1_motor_position": 57405, "axis_2_motor_position": 47484}, "target_name": "solar_tower_juelich_lower", "sun_elevation": 30.613776154868145, "sun_azimuth": 17.21259754215684, "focal_spot": {"HeliOS": [50.91339201751919, 6.387827919372624, 123.25198218106368], "UTIS": [50.91339202954848, 6.387828781780841, 123.12703704833984]}}