{"motor_position": {"axis_1_motor_position": 57247, "axis_2_motor_position": 55067}, "target_name": "solar_tower_juelich_lower", "sun_elevation": 31.70670849966125, "sun_azimuth": -7.833047505157425, "focal_spot": {"HeliOS": [50.91339202469681, 6.387825099896698, 123.44623527501749], "UTIS": [50.91339203743596, 6.387826411051699, 123.3781280517578]}}