{"motor_position": {"axis_1_motor_position": 57299, "axis_2_motor_position": 55985}, "target_name": "solar_tower_juelich_lower", "sun_elevation": 31.41760788130607, "sun_azimuth": -11.041693371570735, "focal_spot": {"HeliOS": [50.913392021025395, 6.38782648903185, 123.38924830851984], "UTIS": [50.91339203144618, 6.387828211399675, 123.24979400634766]}}