{"motor_position": {"axis_1_motor_position": 57455, "axis_2_motor_position": 57717}, "target_name": "solar_tower_juelich_lower", "sun_elevation": 30.603305193155958, "sun_azimuth": -17.08426762446505, "focal_spot": {"HeliOS": [50.91339201726178, 6.387828127367935, 123.16315025957424], "UTIS": [50.91339202591805, 6.387829872977975, 123.08625411987305]}}