{"motor_position": {"axis_1_motor_position": 57598, "axis_2_motor_position": 59018}, "target_name": "solar_tower_juelich_lower", "sun_elevation": 29.75065972001672, "sun_azimuth": -21.641475570334674, "focal_spot": {"HeliOS": [50.913392019464666, 6.387827298858237, 123.20228225458072], "UTIS": [50.91339203196191, 6.387828056381727, 123.04059219360352]}}