{"motor_position": {"axis_1_motor_position": 57779, "axis_2_motor_position": 60297}, "target_name": "solar_tower_juelich_lower", "sun_elevation": 28.71208872529863, "sun_azimuth": -26.09947850838599, "focal_spot": {"HeliOS": [50.913392017262396, 6.387828235288371, 123.08041296056984], "UTIS": [50.91339202722807, 6.387829479229404, 123.06088256835938]}}