{"motor_position": {"axis_1_motor_position": 59557, "axis_2_motor_position": 67080}, "target_name": "solar_tower_juelich_lower", "sun_elevation": 19.721931513103087, "sun_azimuth": -49.448996241882426, "focal_spot": {"HeliOS": [50.91339200922035, 6.387830740695457, 123.3458110385609], "UTIS": [50.913392020832404, 6.387831401556381, 123.2511215209961]}}