{"motor_position": {"axis_1_motor_position": 57799, "axis_2_motor_position": 59492}, "target_name": "solar_tower_juelich_lower", "sun_elevation": 29.01081117581398, "sun_azimuth": -23.255148663089997, "focal_spot": {"HeliOS": [50.913392007478656, 6.387831827441348, 122.9411859160507], "UTIS": [50.91339201710252, 6.38783252263298, 122.81058502197266]}}