{"motor_position": {"axis_1_motor_position": 58534, "axis_2_motor_position": 54370}, "target_name": "solar_tower_juelich_lower", "sun_elevation": 28.185159300415144, "sun_azimuth": -5.490086357876076, "focal_spot": {"HeliOS": [50.913392015692864, 6.38782859652479, 123.22769980320771], "UTIS": [50.91339202624431, 6.387829774915428, 123.16118621826172]}}