{"motor_position": {"axis_1_motor_position": 58595, "axis_2_motor_position": 55650}, "target_name": "solar_tower_juelich_lower", "sun_elevation": 27.856085289880557, "sun_azimuth": -9.79463625893624, "focal_spot": {"HeliOS": [50.91339201592744, 6.387828539756366, 123.20760096018353], "UTIS": [50.913392026012495, 6.387829844590112, 123.18225479125977]}}