{"motor_position": {"axis_1_motor_position": 61639, "axis_2_motor_position": 67007}, "target_name": "solar_tower_juelich_lower", "sun_elevation": 14.747520586080409, "sun_azimuth": -47.94928065473412, "focal_spot": {"HeliOS": [50.9133920173428, 6.387827702230355, 123.46118808849852], "UTIS": [50.91339203079147, 6.3878284081824335, 123.39102554321288]}}