{"motor_position": {"axis_1_motor_position": 60229, "axis_2_motor_position": 39390}, "target_name": "solar_tower_juelich_upper", "sun_elevation": 18.55263336618699, "sun_azimuth": 38.44038195529445, "focal_spot": {"HeliOS": [50.91339202015767, 6.387826934778541, 129.65913609986586], "UTIS": [50.91339203778489, 6.38782630617186, 129.73411560058594]}}