{"motor_position": {"axis_1_motor_position": 59734, "axis_2_motor_position": 48684}, "target_name": "multi_focus_tower", "sun_elevation": 20.67923680261327, "sun_azimuth": 15.294072608997334, "focal_spot": {"HeliOS": [50.913396465919945, 6.387570402372516, 139.52349585315656], "UTIS": [50.91339646566464, 6.387570668283815, 139.49818420410156]}}