{"motor_position": {"axis_1_motor_position": 62790, "axis_2_motor_position": 59186}, "target_name": "solar_tower_juelich_upper", "sun_elevation": 13.558106490095936, "sun_azimuth": -20.735298145134063, "focal_spot": {"HeliOS": [50.91339203512396, 6.387820181596313, 130.5746487285243], "UTIS": [50.91339205504688, 6.387821117694525, 130.61312103271484]}}