{"motor_position": {"axis_1_motor_position": 59967, "axis_2_motor_position": 46177}, "target_name": "solar_tower_juelich_upper", "sun_elevation": 21.804052551873383, "sun_azimuth": 19.474865292859054, "focal_spot": {"HeliOS": [50.91339203101064, 6.387821799134574, 130.1313623589607], "UTIS": [50.913392050363285, 6.38782252546009, 130.0955467224121]}}