{"motor_position": {"axis_1_motor_position": 60017, "axis_2_motor_position": 58863}, "target_name": "solar_tower_juelich_upper", "sun_elevation": 21.645979445021865, "sun_azimuth": -20.381431440344056, "focal_spot": {"HeliOS": [50.913392038541474, 6.387817645346326, 130.23178651664304], "UTIS": [50.91339206782557, 6.3878172767220995, 130.30070877075195]}}