{"motor_position": {"axis_1_motor_position": 62123, "axis_2_motor_position": 66410}, "target_name": "solar_tower_juelich_upper", "sun_elevation": 12.568427613427994, "sun_azimuth": -45.523607360533425, "focal_spot": {"HeliOS": [50.91339203104617, 6.387821596351183, 130.02819939280027], "UTIS": [50.91339205158712, 6.387822157604339, 130.0007667541504]}}