{"motor_position": {"axis_1_motor_position": 64359, "axis_2_motor_position": 70182}, "target_name": "solar_tower_juelich_upper", "sun_elevation": 4.98250219923635, "sun_azimuth": -58.49622984760244, "focal_spot": {"HeliOS": [50.91339202662932, 6.38782360204303, 129.77308575080357], "UTIS": [50.91339204492246, 6.387824160823517, 129.76102828979492]}}