{"motor_position": {"axis_1_motor_position": 59336, "axis_2_motor_position": 45639}, "target_name": "solar_tower_juelich_upper", "sun_elevation": 23.39800675063747, "sun_azimuth": 21.340311910590852, "focal_spot": {"HeliOS": [50.91339202285784, 6.387826136939756, 129.98644369938845], "UTIS": [50.913392036020205, 6.387826836584918, 129.9836463928223]}}