{"motor_position": {"axis_1_motor_position": 59127, "axis_2_motor_position": 57212}, "target_name": "solar_tower_juelich_upper", "sun_elevation": 24.607299092921004, "sun_azimuth": -15.107945484128393, "focal_spot": {"HeliOS": [50.91339202417635, 6.387825741843332, 130.1514702035558], "UTIS": [50.913392037887306, 6.387826275390655, 130.14616012573242]}}