{"motor_position": {"axis_1_motor_position": 59476, "axis_2_motor_position": 43762}, "target_name": "solar_tower_juelich_upper", "sun_elevation": 22.39062061502446, "sun_azimuth": 26.717942030337582, "focal_spot": {"HeliOS": [50.91339202726544, 6.387823632839017, 129.97571961834564], "UTIS": [50.91339204256739, 6.38782486868955, 129.97593688964844]}}