{"motor_position": {"axis_1_motor_position": 58939, "axis_2_motor_position": 56430}, "target_name": "solar_tower_juelich_upper", "sun_elevation": 25.313297161498138, "sun_azimuth": -12.522817197736682, "focal_spot": {"HeliOS": [50.91339202588781, 6.387824723188465, 130.13181420844833], "UTIS": [50.91339203980406, 6.387825699266827, 130.13364791870117]}}