{"motor_position": {"axis_1_motor_position": 60411, "axis_2_motor_position": 64322}, "target_name": "solar_tower_juelich_upper", "sun_elevation": 18.150467969228153, "sun_azimuth": -38.98464717163641, "focal_spot": {"HeliOS": [50.91339202035811, 6.387827500970762, 129.96673558319495], "UTIS": [50.913392031389286, 6.38782822849884, 129.94154357910156]}}