{"motor_position": {"axis_1_motor_position": 59325, "axis_2_motor_position": 61770}, "target_name": "solar_tower_juelich_lower", "sun_elevation": 23.86180078391957, "sun_azimuth": -30.62898388752139, "focal_spot": {"HeliOS": [50.913392004654185, 6.387832522860645, 123.20290192400591], "UTIS": [50.91339201209724, 6.387834027047461, 123.08173751831056]}}