{"motor_position": {"axis_1_motor_position": 57172, "axis_2_motor_position": 50366}, "target_name": "solar_tower_juelich_upper", "sun_elevation": 30.50035583708801, "sun_azimuth": 7.439175308581734, "focal_spot": {"HeliOS": [50.913392010914784, 6.387832867409337, 129.98639236225378], "UTIS": [50.913392012304804, 6.3878339646612785, 130.10562133789062]}}