{"motor_position": {"axis_1_motor_position": 57000, "axis_2_motor_position": 52373}, "target_name": "solar_tower_juelich_upper", "sun_elevation": 31.142667395778314, "sun_azimuth": 1.0222025111508293, "focal_spot": {"HeliOS": [50.9133920282992, 6.3878234726492815, 130.1966833206277], "UTIS": [50.913392044627585, 6.387824249451693, 130.15519332885742]}}