{"motor_position": {"axis_1_motor_position": 58561, "axis_2_motor_position": 64820}, "target_name": "solar_tower_juelich_upper", "sun_elevation": 22.49603865885428, "sun_azimuth": -41.801656209575015, "focal_spot": {"HeliOS": [50.913392021904315, 6.387826477490368, 129.89583962626753], "UTIS": [50.913392035691444, 6.387826935396658, 129.8710594177246]}}