{"motor_position": {"axis_1_motor_position": 60071, "axis_2_motor_position": 68670}, "target_name": "solar_tower_juelich_upper", "sun_elevation": 15.846927302881458, "sun_azimuth": -54.90369267865976, "focal_spot": {"HeliOS": [50.91339201529722, 6.387829845361563, 129.76240672818614], "UTIS": [50.91339202602203, 6.38782984172556, 129.7558822631836]}}