{"motor_position": {"axis_1_motor_position": 53839, "axis_2_motor_position": 41162}, "target_name": "solar_tower_juelich_upper", "sun_elevation": 34.952203906682634, "sun_azimuth": 39.35232125461965, "focal_spot": {"HeliOS": [50.913392011919505, 6.387832103219938, 129.91204240259887], "UTIS": [50.913392014359225, 6.387833347176054, 129.92633056640625]}}