{"motor_position": {"axis_1_motor_position": 53334, "axis_2_motor_position": 46456}, "target_name": "solar_tower_juelich_upper", "sun_elevation": 39.45762365078722, "sun_azimuth": 23.03754700676427, "focal_spot": {"HeliOS": [50.913392016445336, 6.3878298463194, 130.02530237565426], "UTIS": [50.91339202207501, 6.387831028073233, 130.02502822875977]}}