{"motor_position": {"axis_1_motor_position": 53019, "axis_2_motor_position": 65155}, "target_name": "solar_tower_juelich_upper", "sun_elevation": 35.17828476631688, "sun_azimuth": -47.68084981799811, "focal_spot": {"HeliOS": [50.91339200945293, 6.387832223548092, 129.43698823193387], "UTIS": [50.91339201679503, 6.387832615054568, 129.4231719970703]}}