{"motor_position": {"axis_1_motor_position": 53381, "axis_2_motor_position": 66914}, "target_name": "solar_tower_juelich_upper", "sun_elevation": 32.2244082107608, "sun_azimuth": -53.99750588310668, "focal_spot": {"HeliOS": [50.91339200228288, 6.387836521120651, 129.58855991144685], "UTIS": [50.91339200389356, 6.387836492774587, 129.58353424072266]}}