{"motor_position": {"axis_1_motor_position": 53231, "axis_2_motor_position": 69531}, "target_name": "solar_tower_juelich_upper", "sun_elevation": 28.86373938401012, "sun_azimuth": -64.06425406888975, "focal_spot": {"HeliOS": [50.91339200605598, 6.387834405598283, 129.56692202465462], "UTIS": [50.91339201040522, 6.387834535608576, 129.58282852172852]}}