{"motor_position": {"axis_1_motor_position": 54212, "axis_2_motor_position": 72136}, "target_name": "solar_tower_juelich_upper", "sun_elevation": 23.05393705612029, "sun_azimuth": -72.91078205048368, "focal_spot": {"HeliOS": [50.91339200461362, 6.38783477130938, 129.41692174854413], "UTIS": [50.91339200876849, 6.387835027548517, 129.4469108581543]}}