{"motor_position": {"axis_1_motor_position": 55269, "axis_2_motor_position": 74154}, "target_name": "solar_tower_juelich_upper", "sun_elevation": 18.021645902887307, "sun_azimuth": -79.78108197862146, "focal_spot": {"HeliOS": [50.9133920057197, 6.387834134912207, 129.40124515238224], "UTIS": [50.91339200943639, 6.3878348268062375, 129.46340942382812]}}