{"motor_position": {"axis_1_motor_position": 54095, "axis_2_motor_position": 27013}, "target_name": "solar_tower_juelich_upper", "sun_elevation": 21.61102206215397, "sun_azimuth": 75.9942608520481, "focal_spot": {"HeliOS": [50.91339199682111, 6.387838375380834, 129.2266912006718], "UTIS": [50.91339199458421, 6.387839290806525, 129.22091674804688]}}