{"motor_position": {"axis_1_motor_position": 52511, "axis_2_motor_position": 33921}, "target_name": "solar_tower_juelich_upper", "sun_elevation": 31.1811247095822, "sun_azimuth": 61.45652983018658, "focal_spot": {"HeliOS": [50.913392006592616, 6.387833967229004, 129.51311787561303], "UTIS": [50.91339200729784, 6.387835469574088, 129.55280685424805]}}