{"motor_position": {"axis_1_motor_position": 50950, "axis_2_motor_position": 52571}, "target_name": "solar_tower_juelich_upper", "sun_elevation": 47.40230473469047, "sun_azimuth": 1.851567465234546, "focal_spot": {"HeliOS": [50.91339201550101, 6.38783116208413, 130.32724242744155], "UTIS": [50.91339201769514, 6.387832344515568, 130.34748077392578]}}