{"motor_position": {"axis_1_motor_position": 50989, "axis_2_motor_position": 55515}, "target_name": "solar_tower_juelich_upper", "sun_elevation": 47.01659574713754, "sun_azimuth": -10.38156430023134, "focal_spot": {"HeliOS": [50.91339202407729, 6.38782607389356, 130.27849081948608], "UTIS": [50.913392034854226, 6.387827187043184, 130.3044204711914]}}