{"motor_position": {"axis_1_motor_position": 51105, "axis_2_motor_position": 58203}, "target_name": "solar_tower_juelich_upper", "sun_elevation": 45.64054361328808, "sun_azimuth": -21.618769814751484, "focal_spot": {"HeliOS": [50.91339201905488, 6.387828947933221, 130.2662643196578], "UTIS": [50.91339202577931, 6.387829914678374, 130.28863906860352]}}