{"motor_position": {"axis_1_motor_position": 51402, "axis_2_motor_position": 61862}, "target_name": "solar_tower_juelich_upper", "sun_elevation": 42.191086915949406, "sun_azimuth": -36.4139830717318, "focal_spot": {"HeliOS": [50.91339202206698, 6.387827303033124, 130.3074985480934], "UTIS": [50.91339203037954, 6.387828531992036, 130.18265533447266]}}