{"motor_position": {"axis_1_motor_position": 50821, "axis_2_motor_position": 42591}, "target_name": "solar_tower_juelich_lower", "sun_elevation": 44.02325240563485, "sun_azimuth": 40.28502693464957, "focal_spot": {"HeliOS": [50.91339202183696, 6.387826381338118, 123.26026869890848], "UTIS": [50.91339203311232, 6.387827710601663, 123.18135833740234]}}