{"motor_position": {"axis_1_motor_position": 50393, "axis_2_motor_position": 63345}, "target_name": "solar_tower_juelich_upper", "sun_elevation": 42.96103161137527, "sun_azimuth": -43.54897557721366, "focal_spot": {"HeliOS": [50.913392017820335, 6.387828606551455, 129.82984764937493], "UTIS": [50.91339202879815, 6.387829007310804, 129.8268814086914]}}