{"motor_position": {"axis_1_motor_position": 50605, "axis_2_motor_position": 65019}, "target_name": "solar_tower_juelich_upper", "sun_elevation": 40.42307050812471, "sun_azimuth": -49.98198166809013, "focal_spot": {"HeliOS": [50.913392025810005, 6.387824123629028, 129.80850806714983], "UTIS": [50.91339204285267, 6.387824782942874, 129.81153106689453]}}