{"motor_position": {"axis_1_motor_position": 51149, "axis_2_motor_position": 68144}, "target_name": "solar_tower_juelich_upper", "sun_elevation": 34.82744511518991, "sun_azimuth": -61.31763524120963, "focal_spot": {"HeliOS": [50.91339201928997, 6.387827527628571, 129.7125294667002], "UTIS": [50.913392032644325, 6.387827851273129, 129.7640151977539]}}