{"motor_position": {"axis_1_motor_position": 51821, "axis_2_motor_position": 70774}, "target_name": "solar_tower_juelich_upper", "sun_elevation": 29.288039552614833, "sun_azimuth": -70.38441120015914, "focal_spot": {"HeliOS": [50.91339201197337, 6.387831096220968, 129.5299991358967], "UTIS": [50.9133920209028, 6.387831380399387, 129.56485748291016]}}