{"motor_position": {"axis_1_motor_position": 52659, "axis_2_motor_position": 73101}, "target_name": "solar_tower_juelich_upper", "sun_elevation": 23.786338452603008, "sun_azimuth": -78.22783186222193, "focal_spot": {"HeliOS": [50.91339201673678, 6.387827907012077, 129.25481378376028], "UTIS": [50.91339203026082, 6.387828567675183, 129.3083267211914]}}