{"motor_position": {"axis_1_motor_position": 53521, "axis_2_motor_position": 74851}, "target_name": "solar_tower_juelich_upper", "sun_elevation": 19.263714048024344, "sun_azimuth": -84.16710614920345, "focal_spot": {"HeliOS": [50.91339200980867, 6.387831781829136, 129.33732133281018], "UTIS": [50.913392019153854, 6.387831906069835, 129.38551712036133]}}