{"motor_position": {"axis_1_motor_position": 49825, "axis_2_motor_position": 44727}, "target_name": "solar_tower_juelich_upper", "sun_elevation": 46.761073021982185, "sun_azimuth": 33.52288385517021, "focal_spot": {"HeliOS": [50.91339200448292, 6.387836632262987, 130.03198618091713], "UTIS": [50.91339199874167, 6.387838041231952, 130.14815521240234]}}