{"motor_position": {"axis_1_motor_position": 49690, "axis_2_motor_position": 47694}, "target_name": "solar_tower_juelich_upper", "sun_elevation": 49.091154669946604, "sun_azimuth": 22.62554930215453, "focal_spot": {"HeliOS": [50.91339200398592, 6.387837384835334, 130.18231288607964], "UTIS": [50.91339199551592, 6.387839010772134, 130.28430938720703]}}