{"motor_position": {"axis_1_motor_position": 49819, "axis_2_motor_position": 60152}, "target_name": "solar_tower_juelich_upper", "sun_elevation": 47.456224809399345, "sun_azimuth": -30.904838989610855, "focal_spot": {"HeliOS": [50.91339201641648, 6.387830777384917, 130.3832507812113], "UTIS": [50.91339202041078, 6.387831528284777, 130.48370742797852]}}