{"motor_position": {"axis_1_motor_position": 50611, "axis_2_motor_position": 29472}, "target_name": "solar_tower_juelich_upper", "sun_elevation": 29.0759693732779, "sun_azimuth": 75.43328936307282, "focal_spot": {"HeliOS": [50.913392002402766, 6.387835637617329, 129.30339787990278], "UTIS": [50.91339200150243, 6.387837211461501, 129.32863998413086]}}