{"motor_position": {"axis_1_motor_position": 49881, "axis_2_motor_position": 34372}, "target_name": "solar_tower_juelich_upper", "sun_elevation": 35.97739760517283, "sun_azimuth": 64.79629047712075, "focal_spot": {"HeliOS": [50.91339200276839, 6.387836216410521, 129.57479260022416], "UTIS": [50.913391999641505, 6.387837770784486, 129.6075439453125]}}