{"motor_position": {"axis_1_motor_position": 49557, "axis_2_motor_position": 37208}, "target_name": "solar_tower_juelich_upper", "sun_elevation": 39.79331107688764, "sun_azimuth": 57.821883570378176, "focal_spot": {"HeliOS": [50.91339200774822, 6.387834169640855, 129.81656466367963], "UTIS": [50.91339200652037, 6.38783570325022, 129.8510627746582]}}