{"motor_position": {"axis_1_motor_position": 49329, "axis_2_motor_position": 39756}, "target_name": "solar_tower_juelich_upper", "sun_elevation": 43.04465335517599, "sun_azimuth": 50.84512125992762, "focal_spot": {"HeliOS": [50.9133920091924, 6.38783373943143, 129.95116662725596], "UTIS": [50.91339200839252, 6.3878351405507985, 129.97086334228516]}}