{"motor_position": {"axis_1_motor_position": 48882, "axis_2_motor_position": 56903}, "target_name": "solar_tower_juelich_upper", "sun_elevation": 51.93003758162818, "sun_azimuth": -17.120496784990763, "focal_spot": {"HeliOS": [50.9133920122937, 6.387833081553533, 130.34719562455115], "UTIS": [50.91339201046034, 6.3878345190416415, 130.46070861816406]}}