{"motor_position": {"axis_1_motor_position": 49119, "axis_2_motor_position": 61590}, "target_name": "solar_tower_juelich_upper", "sun_elevation": 47.75594810298671, "sun_azimuth": -37.814950718345365, "focal_spot": {"HeliOS": [50.913392016367155, 6.387830762731261, 130.3667759477956], "UTIS": [50.91339202010229, 6.387831621004683, 130.41304779052734]}}