{"motor_position": {"axis_1_motor_position": 49644, "axis_2_motor_position": 66548}, "target_name": "solar_tower_juelich_upper", "sun_elevation": 40.153873408231135, "sun_azimuth": -57.27929304060029, "focal_spot": {"HeliOS": [50.91339201544037, 6.387830257784195, 129.96281057077545], "UTIS": [50.913392022518856, 6.387830894666537, 130.08804321289062]}}