{"motor_position": {"axis_1_motor_position": 48016, "axis_2_motor_position": 49317}, "target_name": "solar_tower_juelich_upper", "sun_elevation": 53.95646739334112, "sun_azimuth": 18.168469925913175, "focal_spot": {"HeliOS": [50.91339200773973, 6.387835878693918, 130.39477323024664], "UTIS": [50.91339200090116, 6.387837392175653, 130.43487167358398]}}