{"motor_position": {"axis_1_motor_position": 47994, "axis_2_motor_position": 51251}, "target_name": "solar_tower_juelich_upper", "sun_elevation": 54.76528622215225, "sun_azimuth": 9.46061470122898, "focal_spot": {"HeliOS": [50.91339201051676, 6.3878343046135, 130.411325002548], "UTIS": [50.91339200713977, 6.387835517084947, 130.45795059204102]}}