{"motor_position": {"axis_1_motor_position": 47994, "axis_2_motor_position": 53446}, "target_name": "solar_tower_juelich_upper", "sun_elevation": 55.062287175143176, "sun_azimuth": -0.8825617280406803, "focal_spot": {"HeliOS": [50.91339201763441, 6.3878298846760675, 130.3121922218397], "UTIS": [50.91339202214063, 6.387831008346818, 130.39496612548828]}}