{"motor_position": {"axis_1_motor_position": 48015, "axis_2_motor_position": 55250}, "target_name": "solar_tower_juelich_upper", "sun_elevation": 54.76770549180356, "sun_azimuth": -9.568573088332032, "focal_spot": {"HeliOS": [50.91339201515161, 6.387831531788874, 130.38916718031712], "UTIS": [50.91339201614909, 6.387832809203294, 130.43965530395508]}}