{"motor_position": {"axis_1_motor_position": 48079, "axis_2_motor_position": 57886}, "target_name": "solar_tower_juelich_upper", "sun_elevation": 53.423544032162845, "sun_azimuth": -22.191326947571394, "focal_spot": {"HeliOS": [50.91339201945438, 6.3878287934826625, 130.29761650530017], "UTIS": [50.91339202711859, 6.38782951213614, 130.34747695922852]}}