{"motor_position": {"axis_1_motor_position": 48128, "axis_2_motor_position": 59166}, "target_name": "solar_tower_juelich_upper", "sun_elevation": 52.38424699250599, "sun_azimuth": -28.143760686844427, "focal_spot": {"HeliOS": [50.913392017806636, 6.387829792274021, 130.31514877371336], "UTIS": [50.91339202277496, 6.387830817693184, 130.3619613647461]}}