{"motor_position": {"axis_1_motor_position": 48186, "axis_2_motor_position": 60408}, "target_name": "solar_tower_juelich_upper", "sun_elevation": 51.14150873132247, "sun_azimuth": -33.76333490111728, "focal_spot": {"HeliOS": [50.91339203073331, 6.387821460084795, 129.84830420136666], "UTIS": [50.91339205167151, 6.387822132240356, 129.9356689453125]}}