{"motor_position": {"axis_1_motor_position": 47806, "axis_2_motor_position": 41937}, "target_name": "solar_tower_juelich_upper", "sun_elevation": 48.30385308991975, "sun_azimuth": 47.02405788489282, "focal_spot": {"HeliOS": [50.91339199519906, 6.387841538049831, 129.93218063539996], "UTIS": [50.91339197742392, 6.387844448482296, 130.0641632080078]}}