{"motor_position": {"axis_1_motor_position": 47615, "axis_2_motor_position": 35473}, "target_name": "solar_tower_juelich_upper", "sun_elevation": 40.63848487088174, "sun_azimuth": 66.54593142963044, "focal_spot": {"HeliOS": [50.913392001391614, 6.387837059488645, 129.6062112390372], "UTIS": [50.91339199653053, 6.387838705824627, 129.64900970458984]}}