{"motor_position": {"axis_1_motor_position": 47162, "axis_2_motor_position": 44335}, "target_name": "solar_tower_juelich_upper", "sun_elevation": 52.025612889752054, "sun_azimuth": 40.14178431513084, "focal_spot": {"HeliOS": [50.913392007828925, 6.387834265412128, 129.8666249145657], "UTIS": [50.91339200482457, 6.387836212946986, 129.98731994628906]}}