{"motor_position": {"axis_1_motor_position": 47981, "axis_2_motor_position": 69737}, "target_name": "solar_tower_juelich_upper", "sun_elevation": 37.41002115076259, "sun_azimuth": -71.93538936521882, "focal_spot": {"HeliOS": [50.91339199898326, 6.387838610561724, 129.68201478181112], "UTIS": [50.91339199554809, 6.387839001103852, 129.74527740478516]}}