{"motor_position": {"axis_1_motor_position": 48923, "axis_2_motor_position": 74322}, "target_name": "solar_tower_juelich_upper", "sun_elevation": 26.30287098194505, "sun_azimuth": -87.22608720976083, "focal_spot": {"HeliOS": [50.91339198802506, 6.387843370955684, 129.32737602358287], "UTIS": [50.91339198047012, 6.387843532924489, 129.39449310302734]}}