{"motor_position": {"axis_1_motor_position": 47356, "axis_2_motor_position": 37619}, "target_name": "solar_tower_juelich_upper", "sun_elevation": 43.81071653463303, "sun_azimuth": 61.34839609951201, "focal_spot": {"HeliOS": [50.91339200188129, 6.387837017968436, 129.68167796273843], "UTIS": [50.91339199807158, 6.387838242638671, 129.7918472290039]}}