{"motor_position": {"axis_1_motor_position": 47412, "axis_2_motor_position": 65789}, "target_name": "solar_tower_juelich_upper", "sun_elevation": 45.61134848800189, "sun_azimuth": -57.863700712650335, "focal_spot": {"HeliOS": [50.91339200748902, 6.387834689105855, 129.9485486403211], "UTIS": [50.91339200586091, 6.387835901463558, 130.055908203125]}}