{"motor_position": {"axis_1_motor_position": 47610, "axis_2_motor_position": 67860}, "target_name": "solar_tower_juelich_upper", "sun_elevation": 41.60496477896976, "sun_azimuth": -65.53907611103409, "focal_spot": {"HeliOS": [50.913392005250955, 6.387835591092202, 129.82830079942505], "UTIS": [50.91339200434982, 6.387836355642282, 129.95466995239258]}}