{"motor_position": {"axis_1_motor_position": 47150, "axis_2_motor_position": 39445}, "target_name": "solar_tower_juelich_upper", "sun_elevation": 46.45709560023385, "sun_azimuth": 56.543901914537265, "focal_spot": {"HeliOS": [50.91339200901801, 6.387834039554066, 130.0227886726049], "UTIS": [50.91339200539996, 6.387836040006104, 130.1041030883789]}}