{"motor_position": {"axis_1_motor_position": 46902, "axis_2_motor_position": 46500}, "target_name": "solar_tower_juelich_upper", "sun_elevation": 54.58208173534012, "sun_azimuth": 32.19432746854476, "focal_spot": {"HeliOS": [50.91339201738305, 6.387830025765664, 130.31034930606802], "UTIS": [50.91339201994832, 6.387831667288361, 130.36997604370117]}}