{"motor_position": {"axis_1_motor_position": 46879, "axis_2_motor_position": 56357}, "target_name": "solar_tower_juelich_upper", "sun_elevation": 57.23152806785033, "sun_azimuth": -15.375863067350783, "focal_spot": {"HeliOS": [50.91339201669436, 6.387830621043831, 130.38548625188244], "UTIS": [50.91339201804005, 6.387832240849347, 130.51833724975586]}}