{"motor_position": {"axis_1_motor_position": 47004, "axis_2_motor_position": 71241}, "target_name": "solar_tower_juelich_lower", "sun_elevation": 37.01124479777704, "sun_azimuth": -79.5723974538721, "focal_spot": {"HeliOS": [50.91339199571586, 6.387835566527978, 123.31440061019175], "UTIS": [50.91339200496979, 6.387836169297337, 123.29114532470705]}}