{"motor_position": {"axis_1_motor_position": 47130, "axis_2_motor_position": 72134}, "target_name": "solar_tower_juelich_lower", "sun_elevation": 34.85603899231301, "sun_azimuth": -82.50514984481276, "focal_spot": {"HeliOS": [50.913391996239206, 6.387835499480098, 123.19500653868724], "UTIS": [50.91339200519984, 6.3878361001548845, 123.16617584228516]}}