{"motor_position": {"axis_1_motor_position": 46512, "axis_2_motor_position": 30563}, "target_name": "solar_tower_juelich_upper", "sun_elevation": 35.13677978882089, "sun_azimuth": 80.56487475637061, "focal_spot": {"HeliOS": [50.913391999757735, 6.387838609180491, 129.81681664683703], "UTIS": [50.91339199189035, 6.387840100477667, 129.9216423034668]}}