{"motor_position": {"axis_1_motor_position": 46207, "axis_2_motor_position": 36281}, "target_name": "solar_tower_juelich_upper", "sun_elevation": 43.6125931440567, "sun_azimuth": 67.67915067987128, "focal_spot": {"HeliOS": [50.91339200531904, 6.387836267438529, 130.06767414986723], "UTIS": [50.91339200031132, 6.387837569462517, 130.16542053222656]}}