{"motor_position": {"axis_1_motor_position": 45961, "axis_2_motor_position": 45062}, "target_name": "solar_tower_juelich_upper", "sun_elevation": 55.2345882077077, "sun_azimuth": 39.89444267498248, "focal_spot": {"HeliOS": [50.91339199262566, 6.387845381733576, 130.5632229367573], "UTIS": [50.91339196991695, 6.38784670474467, 130.714599609375]}}