{"motor_position": {"axis_1_motor_position": 45916, "axis_2_motor_position": 50167}, "target_name": "solar_tower_juelich_upper", "sun_elevation": 59.426520099401685, "sun_azimuth": 17.05192532116347, "focal_spot": {"HeliOS": [50.913391996259314, 6.387843293631151, 130.58130725822153], "UTIS": [50.9133919756163, 6.387844991773966, 130.79656219482422]}}