{"motor_position": {"axis_1_motor_position": 47221, "axis_2_motor_position": 48009}, "target_name": "solar_tower_juelich_upper", "sun_elevation": 55.057530691428255, "sun_azimuth": 25.191215757045914, "focal_spot": {"HeliOS": [50.91339202040486, 6.387829210745852, 130.68812985601474], "UTIS": [50.91339202339911, 6.387830630090548, 130.77774047851562]}}