{"motor_position": {"axis_1_motor_position": 48524, "axis_2_motor_position": 62799}, "target_name": "solar_tower_juelich_upper", "sun_elevation": 47.73073719786683, "sun_azimuth": -43.739792150128785, "focal_spot": {"HeliOS": [50.91339202288948, 6.387827503458719, 130.59848107991257], "UTIS": [50.91339203033795, 6.387828544494358, 130.62287521362305]}}