{"motor_position": {"axis_1_motor_position": 50320, "axis_2_motor_position": 72115}, "target_name": "multi_focus_tower", "sun_elevation": 28.560500538038077, "sun_azimuth": -72.9998400755725, "focal_spot": {"HeliOS": [50.913396440862876, 6.387577302432576, 139.09963249811136], "UTIS": [50.91339644698094, 6.387576287712287, 139.0821075439453]}}