{"motor_position": {"axis_1_motor_position": 52135, "axis_2_motor_position": 49383}, "target_name": "solar_tower_juelich_lower", "sun_elevation": 45.114323525000415, "sun_azimuth": 14.3977043369528, "focal_spot": {"HeliOS": [50.91339201552225, 6.387827749710545, 123.908377763276], "UTIS": [50.913392026417625, 6.38782972282129, 123.83023071289062]}}