{"motor_position": {"axis_1_motor_position": 53360, "axis_2_motor_position": 37529}, "target_name": "solar_tower_juelich_lower", "sun_elevation": 34.29770971152654, "sun_azimuth": 51.50547462656334, "focal_spot": {"HeliOS": [50.91339200627525, 6.387831651186088, 123.4617416094204]}}