{"motor_position": {"axis_1_motor_position": 52954, "axis_2_motor_position": 43275}, "target_name": "solar_tower_juelich_lower", "sun_elevation": 39.830212530426095, "sun_azimuth": 34.8656992434772, "focal_spot": {"HeliOS": [50.913392009079985, 6.387830363483073, 123.69496507946307], "UTIS": [50.91339201758856, 6.387832376547681, 123.6032943725586]}}