{"motor_position": {"axis_1_motor_position": 52828, "axis_2_motor_position": 59870}, "target_name": "solar_tower_juelich_lower", "sun_elevation": 41.77289696735694, "sun_azimuth": -27.24656151912883, "focal_spot": {"HeliOS": [50.913392017672834, 6.387826964183121, 123.91007681512428], "UTIS": [50.91339202980374, 6.387828705058349, 123.76902770996094]}}