{"motor_position": {"axis_1_motor_position": 53702, "axis_2_motor_position": 63193}, "target_name": "solar_tower_juelich_lower", "sun_elevation": 36.99999671244149, "sun_azimuth": -39.60411027550436, "focal_spot": {"HeliOS": [50.913392012292256, 6.3878290293884294, 123.82974659831552], "UTIS": [50.91339202366375, 6.387830550547574, 123.74956512451172]}}