{"motor_position": {"axis_1_motor_position": 53955, "axis_2_motor_position": 51029}, "target_name": "solar_tower_juelich_lower", "sun_elevation": 40.7687683408081, "sun_azimuth": 7.060917662024223, "focal_spot": {"HeliOS": [50.91339200901236, 6.387830165791266, 123.8724079399494], "UTIS": [50.91339201922189, 6.387831885624742, 123.77814865112305]}}