{"motor_position": {"axis_1_motor_position": 53949, "axis_2_motor_position": 53716}, "target_name": "solar_tower_juelich_lower", "sun_elevation": 40.93346779255373, "sun_azimuth": -2.890154643720411, "focal_spot": {"HeliOS": [50.91339201568707, 6.387827727295784, 123.88103354375424], "UTIS": [50.913392027448594, 6.387829412941329, 123.8026885986328]}}