{"motor_position": {"axis_1_motor_position": 54169, "axis_2_motor_position": 56133}, "target_name": "solar_tower_juelich_lower", "sun_elevation": 39.9627629165406, "sun_azimuth": -12.057086977662365, "focal_spot": {"HeliOS": [50.91339201879887, 6.387826613226684, 123.86862710335171], "UTIS": [50.913392031710224, 6.38782813203298, 123.85513687133788]}}