{"motor_position": {"axis_1_motor_position": 55179, "axis_2_motor_position": 48489}, "target_name": "solar_tower_juelich_lower", "sun_elevation": 37.219897988131265, "sun_azimuth": 15.49777156475598, "focal_spot": {"HeliOS": [50.913392033897125, 6.387823580879845, 122.29604252950011], "UTIS": [50.913392044013875, 6.3878244339151875, 122.11271667480467]}}