{"motor_position": {"axis_1_motor_position": 54999, "axis_2_motor_position": 39060}, "target_name": "multi_focus_tower", "sun_elevation": 27.804554927585855, "sun_azimuth": 46.69194030614436, "focal_spot": {"HeliOS": [50.91339646179773, 6.3875713679262205, 139.095656892744], "UTIS": [50.91339646372871, 6.387571250550397, 139.05352020263672]}}