{"motor_position": {"axis_1_motor_position": 54199, "axis_2_motor_position": 44606}, "target_name": "multi_focus_tower", "sun_elevation": 33.512604052766385, "sun_azimuth": 31.258030678714636, "focal_spot": {"HeliOS": [50.91339645582442, 6.38757312710032, 139.32259531930956], "UTIS": [50.91339645861024, 6.3875727900176775, 139.29972076416016]}}