{"motor_position": {"axis_1_motor_position": 56386, "axis_2_motor_position": 62093}, "target_name": "multi_focus_tower", "sun_elevation": 28.31927158158411, "sun_azimuth": -29.343317517029405, "focal_spot": {"HeliOS": [50.91339647025673, 6.3875690008866615, 139.14987026216642], "UTIS": [50.91339646595813, 6.387570580008188, 139.13929748535156]}}