{"motor_position": {"axis_1_motor_position": 59966, "axis_2_motor_position": 65741}, "target_name": "solar_tower_juelich_lower", "sun_elevation": 19.842134686642922, "sun_azimuth": -44.3305765775742, "focal_spot": {"HeliOS": [50.91339202016632, 6.387826854221505, 123.34611109042848], "UTIS": [50.91339203218147, 6.387827990391975, 123.2162857055664]}}