{"motor_position": {"axis_1_motor_position": 60733, "axis_2_motor_position": 60475}, "target_name": "solar_tower_juelich_lower", "sun_elevation": 20.59445025039827, "sun_azimuth": -25.55494205822988, "focal_spot": {"HeliOS": [50.91339202062944, 6.387826693539727, 123.34341756578836], "UTIS": [50.91339203381254, 6.3878275001436435, 123.28816986083984]}}