{"motor_position": {"axis_1_motor_position": 61028, "axis_2_motor_position": 61817}, "target_name": "solar_tower_juelich_lower", "sun_elevation": 19.252883056383535, "sun_azimuth": -30.01601956598667, "focal_spot": {"HeliOS": [50.913392031685, 6.387822880515514, 123.27190390791525], "UTIS": [50.913392046746054, 6.387823612701093, 123.28206253051758]}}