{"motor_position": {"axis_1_motor_position": 63353, "axis_2_motor_position": 64322}, "target_name": "solar_tower_juelich_upper", "sun_elevation": 10.407787000283406, "sun_azimuth": -37.761914918267486, "focal_spot": {"HeliOS": [50.913392018709125, 6.387827370161718, 129.49524504362816], "UTIS": [50.91339203097242, 6.387828353793263, 129.65741729736328]}}