{"motor_position": {"axis_1_motor_position": 63723, "axis_2_motor_position": 41785}, "target_name": "solar_tower_juelich_lower", "sun_elevation": 11.561120192108119, "sun_azimuth": 30.64974135201723, "focal_spot": {"HeliOS": [50.91339205373372, 6.387815506698152, 123.0445179298484], "UTIS": [50.91339207114947, 6.387816277634671, 123.00973892211914]}}