{"motor_position": {"axis_1_motor_position": 62378, "axis_2_motor_position": 43625}, "target_name": "solar_tower_juelich_lower", "sun_elevation": 15.81763842277477, "sun_azimuth": 26.09961110114762, "focal_spot": {"HeliOS": [50.91339204279995, 6.38781935315145, 123.03458817225626], "UTIS": [50.913392059232805, 6.387819859502566, 122.9324722290039]}}