{"motor_position": {"axis_1_motor_position": 58784, "axis_2_motor_position": 34525}, "target_name": "solar_tower_juelich_lower", "sun_elevation": 20.71101500149852, "sun_azimuth": 53.01122380489597, "focal_spot": {"HeliOS": [50.91339202192946, 6.387827161673573, 122.66251295600114], "UTIS": [50.913392031302905, 6.387828254459464, 122.55883407592772]}}