{"motor_position": {"axis_1_motor_position": 55100, "axis_2_motor_position": 57550}, "target_name": "solar_tower_juelich_upper", "sun_elevation": 35.56418789892896, "sun_azimuth": -17.28288207151918, "focal_spot": {"HeliOS": [50.913392016606615, 6.387829481568886, 129.91326378351073], "UTIS": [50.913392025600444, 6.3878299684403945, 129.8343505859375]}}