{"motor_position": {"axis_1_motor_position": 55242, "axis_2_motor_position": 59125}, "target_name": "solar_tower_juelich_upper", "sun_elevation": 34.521537886793894, "sun_azimuth": -23.03268472416379, "focal_spot": {"HeliOS": [50.91339201791292, 6.387828634439031, 129.86394671334756], "UTIS": [50.913392028549666, 6.3878290819993, 129.82728576660156]}}