{"motor_position": {"axis_1_motor_position": 56548, "axis_2_motor_position": 63860}, "target_name": "solar_tower_juelich_lower", "sun_elevation": 29.616064845340638, "sun_azimuth": -39.75020012689298, "focal_spot": {"HeliOS": [50.9133920261568, 6.387825259926128, 122.979013130373], "UTIS": [50.9133920359521, 6.387826857053741, 122.99793243408205]}}