{"motor_position": {"axis_1_motor_position": 47823, "axis_2_motor_position": 64091}, "target_name": "solar_tower_juelich_lower", "sun_elevation": 48.91391274110688, "sun_azimuth": -50.77171134851319, "focal_spot": {"HeliOS": [50.913392007055, 6.387831672264208, 123.20602515203213], "UTIS": [50.913392016054445, 6.387832837648789, 123.18229293823242]}}