{"motor_position": {"axis_1_motor_position": 46262, "axis_2_motor_position": 61203}, "target_name": "solar_tower_juelich_upper", "sun_elevation": 54.653462709589704, "sun_azimuth": -40.12400746643896, "focal_spot": {"HeliOS": [50.913392012872734, 6.387831877870374, 130.0295420923366], "UTIS": [50.9133920178313, 6.387832303584701, 130.1089859008789]}}