{"motor_position": {"axis_1_motor_position": 58484, "axis_2_motor_position": 62284}, "target_name": "solar_tower_juelich_lower", "sun_elevation": 20.670483178227062, "sun_azimuth": -39.55285530737111, "focal_spot": {"HeliOS": [50.91339208580633, 6.387805148979127, 122.6665306980799], "UTIS": [50.91339210519304, 6.387806044734666, 122.60707092285156]}}