{"motor_position": {"axis_1_motor_position": 59025, "axis_2_motor_position": 63859}, "target_name": "solar_tower_juelich_lower", "sun_elevation": 18.248228075762306, "sun_azimuth": -44.92999869811779, "focal_spot": {"HeliOS": [50.91339201829623, 6.387828106187352, 122.90176837997817], "UTIS": [50.91339202639439, 6.387829729808081, 122.82716369628906]}}