{"motor_position": {"axis_1_motor_position": 58861, "axis_2_motor_position": 63389}, "target_name": "solar_tower_juelich_lower", "sun_elevation": 18.958175897295586, "sun_azimuth": -43.43034832823756, "focal_spot": {"HeliOS": [50.91339201234536, 6.387830208269304, 122.87656240042712], "UTIS": [50.91339201930149, 6.387831861698116, 122.78594970703124]}}