{"motor_position": {"axis_1_motor_position": 59447, "axis_2_motor_position": 64952}, "target_name": "solar_tower_juelich_lower", "sun_elevation": 16.46245168469801, "sun_azimuth": -48.4776506708756, "focal_spot": {"HeliOS": [50.91339203700957, 6.387821531206295, 122.94003769070778], "UTIS": [50.913392050401235, 6.387822514049346, 122.88285446166992]}}