{"motor_position": {"axis_1_motor_position": 59200, "axis_2_motor_position": 64317}, "target_name": "solar_tower_juelich_lower", "sun_elevation": 17.525403793638652, "sun_azimuth": -46.401997066934655, "focal_spot": {"HeliOS": [50.91339202958182, 6.387824248132567, 122.85357632468114], "UTIS": [50.91339203931715, 6.387825845619932, 122.69610977172852]}}