{"motor_position": {"axis_1_motor_position": 59872, "axis_2_motor_position": 65904}, "target_name": "solar_tower_juelich_lower", "sun_elevation": 14.76409306886014, "sun_azimuth": -51.60626320853334, "focal_spot": {"HeliOS": [50.913392016317836, 6.387828475277519, 123.15119313458192], "UTIS": [50.913392026993584, 6.387829549704125, 123.08600616455078]}}