{"motor_position": {"axis_1_motor_position": 59635, "axis_2_motor_position": 65379}, "target_name": "solar_tower_juelich_lower", "sun_elevation": 15.692094488545468, "sun_azimuth": -49.92312251685522, "focal_spot": {"HeliOS": [50.913392006367516, 6.3878320343634405, 123.10129037647226], "UTIS": [50.913392013261, 6.3878336772604145, 122.96062469482422]}}