{"motor_position": {"axis_1_motor_position": 56431, "axis_2_motor_position": 51930}, "target_name": "solar_tower_juelich_upper", "sun_elevation": 28.1558169572166, "sun_azimuth": -5.999627985364618, "focal_spot": {"HeliOS": [50.91339201864161, 6.387830104124153, 130.62591551694143], "UTIS": [50.91339202069894, 6.387831441666869, 130.66727447509766]}}