{"motor_position": {"axis_1_motor_position": 60085, "axis_2_motor_position": 66339}, "target_name": "solar_tower_juelich_lower", "sun_elevation": 13.95950824402142, "sun_azimuth": -53.019273322460926, "focal_spot": {"HeliOS": [50.91339202452218, 6.387825769540696, 123.02269835870092], "UTIS": [50.9133920354641, 6.387827003732291, 122.86253356933594]}}