{"motor_position": {"axis_1_motor_position": 56547, "axis_2_motor_position": 53107}, "target_name": "solar_tower_juelich_upper", "sun_elevation": 27.853830359054886, "sun_azimuth": -9.817638603078803, "focal_spot": {"HeliOS": [50.91339202300275, 6.387826068516713, 129.99263498784651], "UTIS": [50.91339203376677, 6.387827513900264, 129.96781539916992]}}