{"motor_position": {"axis_1_motor_position": 57741, "axis_2_motor_position": 60995}, "target_name": "solar_tower_juelich_upper", "sun_elevation": 21.816989583110807, "sun_azimuth": -35.69093519363183, "focal_spot": {"HeliOS": [50.91339202316228, 6.38782542007777, 129.72417098936774], "UTIS": [50.91339203480103, 6.387827203030428, 129.69347763061523]}}