{"motor_position": {"axis_1_motor_position": 58028, "axis_2_motor_position": 62041}, "target_name": "solar_tower_juelich_upper", "sun_elevation": 20.460055315022938, "sun_azimuth": -39.12352746666542, "focal_spot": {"HeliOS": [50.91339202190367, 6.387826304547264, 129.8148350258939], "UTIS": [50.91339203138761, 6.38782822900056, 129.7722282409668]}}