{"motor_position": {"axis_1_motor_position": 58622, "axis_2_motor_position": 63859}, "target_name": "solar_tower_juelich_upper", "sun_elevation": 17.791857635919015, "sun_azimuth": -45.048601030577984, "focal_spot": {"HeliOS": [50.91339202163793, 6.387826580574889, 129.87465066215827], "UTIS": [50.913392031682406, 6.38782814039272, 129.89956665039062]}}