{"motor_position": {"axis_1_motor_position": 58985, "axis_2_motor_position": 64790}, "target_name": "solar_tower_juelich_upper", "sun_elevation": 16.26569972101064, "sun_azimuth": -48.07981208598675, "focal_spot": {"HeliOS": [50.91339202111399, 6.387826801265909, 129.84173240390106], "UTIS": [50.91339202978864, 6.387828709600949, 129.76907348632812]}}