{"motor_position": {"axis_1_motor_position": 60229, "axis_2_motor_position": 65140}, "target_name": "solar_tower_juelich_lower", "sun_elevation": 14.314705605760814, "sun_azimuth": -48.76320163406213, "focal_spot": {"HeliOS": [50.91339201222212, 6.3878295495517206, 123.44541671387476], "UTIS": [50.91339202199615, 6.387831051772727, 123.27064895629884]}}