{"motor_position": {"axis_1_motor_position": 57479, "axis_2_motor_position": 43398}, "target_name": "solar_tower_juelich_upper", "sun_elevation": 24.24512183383872, "sun_azimuth": 19.946911512801506, "focal_spot": {"HeliOS": [50.91339201813811, 6.387828961929817, 130.0556869123169], "UTIS": [50.91339202508929, 6.387830122075223, 130.1011962890625]}}