{"motor_position": {"axis_1_motor_position": 61187, "axis_2_motor_position": 62676}, "target_name": "solar_tower_juelich_lower", "sun_elevation": 13.102410561597129, "sun_azimuth": -39.881421171808434, "focal_spot": {"HeliOS": [50.91339201522502, 6.387828091595872, 123.73640012242282], "UTIS": [50.91339202253814, 6.387830888866246, 123.58907318115234]}}