{"motor_position": {"axis_1_motor_position": 61576, "axis_2_motor_position": 58485}, "target_name": "solar_tower_juelich_upper", "sun_elevation": 12.111342273041494, "sun_azimuth": -26.008535460010556, "focal_spot": {"HeliOS": [50.91339202606727, 6.387825304969564, 130.45809587162407], "UTIS": [50.91339203595742, 6.387826855453662, 130.43748474121094]}}