{"motor_position": {"axis_1_motor_position": 58358, "axis_2_motor_position": 43836}, "target_name": "solar_tower_juelich_upper", "sun_elevation": 22.038470902011184, "sun_azimuth": 18.311233219503716, "focal_spot": {"HeliOS": [50.91339201653503, 6.3878290761349135, 129.72626337018903], "UTIS": [50.91339202296625, 6.387830760195383, 129.66971969604492]}}