{"motor_position": {"axis_1_motor_position": 58532, "axis_2_motor_position": 56864}, "target_name": "solar_tower_juelich_upper", "sun_elevation": 21.359266605613225, "sun_azimuth": -21.66631697922178, "focal_spot": {"HeliOS": [50.91339202352456, 6.387825912549985, 130.05771911432606], "UTIS": [50.91339203445915, 6.387827305788124, 130.0369415283203]}}