{"motor_position": {"axis_1_motor_position": 60687, "axis_2_motor_position": 64556}, "target_name": "solar_tower_juelich_upper", "sun_elevation": 12.114786767836424, "sun_azimuth": -46.402761812036864, "focal_spot": {"HeliOS": [50.913392025620404, 6.38782446866308, 129.93050805892398], "UTIS": [50.91339203726857, 6.387826461359308, 129.8272705078125]}}