{"motor_position": {"axis_1_motor_position": 62912, "axis_2_motor_position": 68449}, "target_name": "solar_tower_juelich_upper", "sun_elevation": 4.490860466523295, "sun_azimuth": -59.248750405101354, "focal_spot": {"HeliOS": [50.913392026036206, 6.387823616237542, 129.6067075726107], "UTIS": [50.91339204308317, 6.387824713658042, 129.57532501220703]}}