{"motor_position": {"axis_1_motor_position": 57734, "axis_2_motor_position": 43063}, "target_name": "solar_tower_juelich_upper", "sun_elevation": 23.512594028986015, "sun_azimuth": 20.82063695702995, "focal_spot": {"HeliOS": [50.913392018714745, 6.387828028564717, 129.7943658887387], "UTIS": [50.91339202811847, 6.387829211602415, 129.81138229370117]}}