{"motor_position": {"axis_1_motor_position": 57592, "axis_2_motor_position": 54925}, "target_name": "solar_tower_juelich_upper", "sun_elevation": 24.527140702998203, "sun_azimuth": -15.617309681991612, "focal_spot": {"HeliOS": [50.913392021741274, 6.38782694796297, 130.0686255471289], "UTIS": [50.913392031051956, 6.387828329886978, 130.04384231567383]}}