{"motor_position": {"axis_1_motor_position": 57860, "axis_2_motor_position": 41184}, "target_name": "solar_tower_juelich_upper", "sun_elevation": 22.561450215041774, "sun_azimuth": 26.104082076102195, "focal_spot": {"HeliOS": [50.91339201924853, 6.387827706223531, 129.78254486449714], "UTIS": [50.913392027467104, 6.387829407381728, 129.75520706176758]}}