{"motor_position": {"axis_1_motor_position": 57401, "axis_2_motor_position": 54130}, "target_name": "solar_tower_juelich_upper", "sun_elevation": 25.242908525038658, "sun_azimuth": -13.064825837938697, "focal_spot": {"HeliOS": [50.91339202177164, 6.387826967803082, 130.0852464736462], "UTIS": [50.91339203077817, 6.387828412182634, 130.03834915161133]}}