{"motor_position": {"axis_1_motor_position": 58928, "axis_2_motor_position": 62266}, "target_name": "solar_tower_juelich_upper", "sun_elevation": 17.95380324732156, "sun_azimuth": -39.44842703251178, "focal_spot": {"HeliOS": [50.913392021491916, 6.387826761480462, 129.9203589284162], "UTIS": [50.91339203008046, 6.387828621888075, 129.84498977661133]}}