{"motor_position": {"axis_1_motor_position": 57625, "axis_2_motor_position": 58659}, "target_name": "solar_tower_juelich_lower", "sun_elevation": 24.657777768031156, "sun_azimuth": -27.97500386567026, "focal_spot": {"HeliOS": [50.91339200474074, 6.387832433143388, 123.2555883676488], "UTIS": [50.91339200959732, 6.3878347784343195, 123.0574836730957]}}