{"motor_position": {"axis_1_motor_position": 56247, "axis_2_motor_position": 47736}, "target_name": "solar_tower_juelich_upper", "sun_elevation": 28.647229197395017, "sun_azimuth": 7.378733204980978, "focal_spot": {"HeliOS": [50.913392017069576, 6.387829239971138, 129.9206307942074], "UTIS": [50.91339202592065, 6.387829872194886, 130.08255767822266]}}