{"motor_position": {"axis_1_motor_position": 55700, "axis_2_motor_position": 45160}, "target_name": "solar_tower_juelich_upper", "sun_elevation": 29.586194698310212, "sun_azimuth": 15.605446895319966, "focal_spot": {"HeliOS": [50.91339202216594, 6.387826777533371, 130.10050903048423], "UTIS": [50.913392035104096, 6.38782711193433, 130.20932006835938]}}