{"motor_position": {"axis_1_motor_position": 55948, "axis_2_motor_position": 56275}, "target_name": "solar_tower_juelich_upper", "sun_elevation": 28.752571822801716, "sun_azimuth": -20.536647787456573, "focal_spot": {"HeliOS": [50.91339201553016, 6.387830067503592, 129.90642743438164], "UTIS": [50.91339201907142, 6.387831930847348, 129.86048126220703]}}