{"motor_position": {"axis_1_motor_position": 55876, "axis_2_motor_position": 41833}, "target_name": "solar_tower_juelich_upper", "sun_elevation": 27.986392247958978, "sun_azimuth": 25.45718085843883, "focal_spot": {"HeliOS": [50.91339201992179, 6.387827824358502, 130.00083782513244], "UTIS": [50.91339202787369, 6.387829285175596, 129.9411735534668]}}