{"motor_position": {"axis_1_motor_position": 55425, "axis_2_motor_position": 49594}, "target_name": "solar_tower_juelich_upper", "sun_elevation": 31.133825762020866, "sun_azimuth": 1.6680334066126827, "focal_spot": {"HeliOS": [50.913392022084835, 6.387826604011659, 130.00087297854424], "UTIS": [50.913392035430014, 6.387827013976872, 130.04423141479492]}}