{"motor_position": {"axis_1_motor_position": 57010, "axis_2_motor_position": 36523}, "target_name": "solar_tower_juelich_lower", "sun_elevation": 23.992881974817596, "sun_azimuth": 40.019592602643286, "focal_spot": {"HeliOS": [50.913392007524536, 6.387831781906967, 122.96712232537077], "UTIS": [50.913392011791515, 6.387834118936818, 122.90460968017578]}}