{"motor_position": {"axis_1_motor_position": 56709, "axis_2_motor_position": 38045}, "target_name": "solar_tower_juelich_lower", "sun_elevation": 25.507272672271192, "sun_azimuth": 36.1105444338096, "focal_spot": {"HeliOS": [50.91339200739899, 6.3878317309233354, 123.05010780916771], "UTIS": [50.913392012774615, 6.387833823450803, 122.98200225830078]}}