{"motor_position": {"axis_1_motor_position": 51807, "axis_2_motor_position": 42057}, "target_name": "solar_tower_juelich_upper", "sun_elevation": 38.274508673791075, "sun_azimuth": 28.358261377366674, "focal_spot": {"HeliOS": [50.913392013636425, 6.387832365273608, 130.37065737962672], "UTIS": [50.913392010742484, 6.387834434233996, 130.32947540283203]}}