{"motor_position": {"axis_1_motor_position": 51537, "axis_2_motor_position": 62312}, "target_name": "solar_tower_juelich_upper", "sun_elevation": 36.22609741933975, "sun_azimuth": -45.175950720367894, "focal_spot": {"HeliOS": [50.91339200808721, 6.387832137567921, 129.11409147462828], "UTIS": [50.91339201368056, 6.387833551155781, 129.08150482177734]}}