{"motor_position": {"axis_1_motor_position": 51866, "axis_2_motor_position": 64042}, "target_name": "solar_tower_juelich_upper", "sun_elevation": 33.577585263530295, "sun_azimuth": -51.222717591293254, "focal_spot": {"HeliOS": [50.913392012052284, 6.387830732757919, 129.39877493515152], "UTIS": [50.91339201844509, 6.387832119104257, 129.3386268615723]}}