{"motor_position": {"axis_1_motor_position": 51791, "axis_2_motor_position": 66948}, "target_name": "solar_tower_juelich_upper", "sun_elevation": 30.11075018723707, "sun_azimuth": -61.97580569130917, "focal_spot": {"HeliOS": [50.91339200788883, 6.387832622955444, 129.265829405256], "UTIS": [50.91339201237412, 6.387833943826335, 129.23831176757812]}}