{"motor_position": {"axis_1_motor_position": 52732, "axis_2_motor_position": 69689}, "target_name": "solar_tower_juelich_upper", "sun_elevation": 24.418476535590692, "sun_azimuth": -70.94043199440176, "focal_spot": {"HeliOS": [50.91339200830649, 6.387832399946121, 129.26523764591636], "UTIS": [50.913392013670794, 6.387833554091524, 129.2724838256836]}}