{"motor_position": {"axis_1_motor_position": 53772, "axis_2_motor_position": 71859}, "target_name": "solar_tower_juelich_upper", "sun_elevation": 19.37746924647671, "sun_azimuth": -77.98128726505414, "focal_spot": {"HeliOS": [50.913392015613255, 6.387828247876655, 129.13837397491122], "UTIS": [50.913392029273055, 6.387828864571439, 129.17432403564453]}}