{"motor_position": {"axis_1_motor_position": 55090, "axis_2_motor_position": 73983}, "target_name": "solar_tower_juelich_upper", "sun_elevation": 13.948766468432632, "sun_azimuth": -85.0284385049505, "focal_spot": {"HeliOS": [50.91339200683106, 6.3878340035525945, 129.57405181869936], "UTIS": [50.91339199539065, 6.387839048424873, 129.8673553466797]}}