{"motor_position": {"axis_1_motor_position": 52039, "axis_2_motor_position": 25077}, "target_name": "solar_tower_juelich_upper", "sun_elevation": 23.076871450967154, "sun_azimuth": 73.9646922926409, "focal_spot": {"HeliOS": [50.913392033669346, 6.387819874234341, 129.87907764604384], "UTIS": [50.9133920549719, 6.38782114022447, 129.83495330810547]}}