{"motor_position": {"axis_1_motor_position": 49471, "axis_2_motor_position": 53020}, "target_name": "solar_tower_juelich_upper", "sun_elevation": 47.02452957612481, "sun_azimuth": -10.27943239113024, "focal_spot": {"HeliOS": [50.91339201153897, 6.387833934563193, 130.48919699489534], "UTIS": [50.913392006445534, 6.387835725746265, 130.4744529724121]}}