{"motor_position": {"axis_1_motor_position": 49384, "axis_2_motor_position": 50044}, "target_name": "solar_tower_juelich_upper", "sun_elevation": 47.4038634255661, "sun_azimuth": 1.7419551302916927, "focal_spot": {"HeliOS": [50.91339200781545, 6.387836795923467, 130.69659076689948], "UTIS": [50.91339199664613, 6.387838671073731, 130.6555633544922]}}