{"motor_position": {"axis_1_motor_position": 49626, "axis_2_motor_position": 55770}, "target_name": "solar_tower_juelich_upper", "sun_elevation": 45.676021599350854, "sun_azimuth": -21.40653575446683, "focal_spot": {"HeliOS": [50.91339200992415, 6.387834669292426, 130.41726407415672], "UTIS": [50.91339200444728, 6.387836326345897, 130.39492797851562]}}