{"motor_position": {"axis_1_motor_position": 49605, "axis_2_motor_position": 58750}, "target_name": "solar_tower_juelich_upper", "sun_elevation": 43.832313638845825, "sun_azimuth": -33.41147981586611, "focal_spot": {"HeliOS": [50.91339201279447, 6.387832434876387, 130.21935116668783], "UTIS": [50.91339201270746, 6.3878338436348665, 130.24829864501953]}}