{"motor_position": {"axis_1_motor_position": 50215, "axis_2_motor_position": 31638}, "target_name": "solar_tower_juelich_lower", "sun_elevation": 34.101239241200844, "sun_azimuth": 61.662443243840336, "focal_spot": {"HeliOS": [50.913392012250604, 6.387830406077977, 122.73868289449112], "UTIS": [50.91339202006194, 6.387831633134105, 122.59272003173828]}}