{"motor_position": {"axis_1_motor_position": 49319, "axis_2_motor_position": 37768}, "target_name": "solar_tower_juelich_lower", "sun_elevation": 41.89404106271902, "sun_azimuth": 46.206977204866384, "focal_spot": {"HeliOS": [50.913392019109665, 6.387827485693758, 123.15639116168704], "UTIS": [50.91339202771214, 6.387829333730576, 123.01888275146484]}}