{"motor_position": {"axis_1_motor_position": 49044, "axis_2_motor_position": 41552}, "target_name": "solar_tower_juelich_lower", "sun_elevation": 45.74330292035067, "sun_azimuth": 34.57660458844175, "focal_spot": {"HeliOS": [50.91339201644517, 6.387828172377116, 123.34832859623816], "UTIS": [50.91339202335342, 6.38783064382344, 123.1310806274414]}}