{"motor_position": {"axis_1_motor_position": 48947, "axis_2_motor_position": 60450}, "target_name": "solar_tower_juelich_upper", "sun_elevation": 43.85802322803316, "sun_azimuth": -40.965409842925844, "focal_spot": {"HeliOS": [50.913392017306194, 6.3878293673282664, 130.02850925746313], "UTIS": [50.91339202424793, 6.387830374962491, 130.0786361694336]}}