{"motor_position": {"axis_1_motor_position": 49183, "axis_2_motor_position": 62230}, "target_name": "solar_tower_juelich_upper", "sun_elevation": 41.42847944979804, "sun_azimuth": -47.56572750609883, "focal_spot": {"HeliOS": [50.9133920245258, 6.387825017893795, 129.89878836675211], "UTIS": [50.91339203552818, 6.387826984470305, 129.8811073303223]}}