{"motor_position": {"axis_1_motor_position": 49718, "axis_2_motor_position": 65280}, "target_name": "solar_tower_juelich_upper", "sun_elevation": 36.40975722192892, "sun_azimuth": -58.39851282597591, "focal_spot": {"HeliOS": [50.913392016334235, 6.387829005780188, 129.64885178752516], "UTIS": [50.913392022588205, 6.387830873818031, 129.56863021850586]}}