{"motor_position": {"axis_1_motor_position": 50428, "axis_2_motor_position": 68160}, "target_name": "solar_tower_juelich_upper", "sun_elevation": 30.814583929558623, "sun_azimuth": -68.03155738372519, "focal_spot": {"HeliOS": [50.913392011780346, 6.387830651357771, 129.30451576080037], "UTIS": [50.91339202251173, 6.387830896805626, 129.31160354614258]}}