{"motor_position": {"axis_1_motor_position": 51244, "axis_2_motor_position": 70592}, "target_name": "solar_tower_juelich_upper", "sun_elevation": 25.397914773003038, "sun_azimuth": -76.01605129019055, "focal_spot": {"HeliOS": [50.91339199477035, 6.3878398360903335, 129.3470157090672], "UTIS": [50.91339199566589, 6.387838965702077, 129.4704551696777]}}