{"motor_position": {"axis_1_motor_position": 52122, "axis_2_motor_position": 72536}, "target_name": "solar_tower_juelich_upper", "sun_elevation": 20.8290862099525, "sun_azimuth": -82.1488359122485, "focal_spot": {"HeliOS": [50.91339200069497, 6.387835460824628, 128.9138613345679], "UTIS": [50.91339200453515, 6.387836299937792, 128.9865379333496]}}