{"motor_position": {"axis_1_motor_position": 52697, "axis_2_motor_position": 73580}, "target_name": "solar_tower_juelich_upper", "sun_elevation": 18.171462985197586, "sun_azimuth": -85.55690327865712, "focal_spot": {"HeliOS": [50.913392005825436, 6.38783323938975, 129.08171799421334], "UTIS": [50.9133920139451, 6.387833471643316, 129.14154434204102]}}