{"motor_position": {"axis_1_motor_position": 53231, "axis_2_motor_position": 74419}, "target_name": "solar_tower_juelich_upper", "sun_elevation": 15.980959610950299, "sun_azimuth": -88.30814710761763, "focal_spot": {"HeliOS": [50.913392005101784, 6.387833012788173, 128.84349544752067], "UTIS": [50.913392012292135, 6.387833968464859, 128.92932510375977]}}