{"motor_position": {"axis_1_motor_position": 53620, "axis_2_motor_position": 74966}, "target_name": "solar_tower_juelich_upper", "sun_elevation": 14.511979571416019, "sun_azimuth": -90.13305104613647, "focal_spot": {"HeliOS": [50.91339200968976, 6.38783082749822, 128.9153725779865], "UTIS": [50.913392021114234, 6.387831316847045, 128.98569107055664]}}