{"motor_position": {"axis_1_motor_position": 48097, "axis_2_motor_position": 44452}, "target_name": "solar_tower_juelich_upper", "sun_elevation": 48.72405517224292, "sun_azimuth": 24.70445243482619, "focal_spot": {"HeliOS": [50.913392007890884, 6.387834938699142, 130.11249265093105], "UTIS": [50.913392001265066, 6.387837282797284, 130.07971572875977]}}