{"motor_position": {"axis_1_motor_position": 47997, "axis_2_motor_position": 33212}, "target_name": "solar_tower_juelich_upper", "sun_elevation": 38.42809442903787, "sun_azimuth": 60.4398169957858, "focal_spot": {"HeliOS": [50.9133919962749, 6.387838964655964, 129.32500585633176], "UTIS": [50.913391989681365, 6.387840764409288, 129.2851600646973]}}