{"motor_position": {"axis_1_motor_position": 47400, "axis_2_motor_position": 54402}, "target_name": "solar_tower_juelich_upper", "sun_elevation": 51.97494516158976, "sun_azimuth": -16.7401951735961, "focal_spot": {"HeliOS": [50.913392006773265, 6.38783693652187, 130.54889598392964], "UTIS": [50.91339199537289, 6.387839053760732, 130.64495468139648]}}