{"motor_position": {"axis_1_motor_position": 47521, "axis_2_motor_position": 39180}, "target_name": "solar_tower_juelich_upper", "sun_elevation": 45.69727120818382, "sun_azimuth": 44.040334517844535, "focal_spot": {"HeliOS": [50.91339200156444, 6.387837550408098, 129.79900442571767], "UTIS": [50.913391993844705, 6.387839513078697, 129.77965927124023]}}