{"motor_position": {"axis_1_motor_position": 47601, "axis_2_motor_position": 57800}, "target_name": "solar_tower_juelich_upper", "sun_elevation": 49.41708605699888, "sun_azimuth": -31.474064049903415, "focal_spot": {"HeliOS": [50.91339201365944, 6.387832735343005, 130.507021869008], "UTIS": [50.91339201103444, 6.387834346483828, 130.5223274230957]}}