{"motor_position": {"axis_1_motor_position": 47490, "axis_2_motor_position": 56178}, "target_name": "solar_tower_juelich_upper", "sun_elevation": 50.832185078713586, "sun_azimuth": -24.559601330556877, "focal_spot": {"HeliOS": [50.913392003313646, 6.387838956491158, 130.5399066236386], "UTIS": [50.91339199016838, 6.38784061803245, 130.53347778320312]}}