{"motor_position": {"axis_1_motor_position": 48272, "axis_2_motor_position": 63891}, "target_name": "solar_tower_juelich_upper", "sun_elevation": 41.17168872514216, "sun_azimuth": -55.18206703935626, "focal_spot": {"HeliOS": [50.91339201322802, 6.387832252322547, 130.24383121192437], "UTIS": [50.91339201317172, 6.38783370409566, 130.30022048950195]}}