{"motor_position": {"axis_1_motor_position": 46432, "axis_2_motor_position": 46470}, "target_name": "solar_tower_juelich_upper", "sun_elevation": 53.84370708502243, "sun_azimuth": 19.05903914354289, "focal_spot": {"HeliOS": [50.913392010204745, 6.387834303373646, 130.34929354669262], "UTIS": [50.91339200512541, 6.387836122525498, 130.3367919921875]}}