{"motor_position": {"axis_1_motor_position": 46436, "axis_2_motor_position": 48467}, "target_name": "solar_tower_juelich_upper", "sun_elevation": 54.704678655188644, "sun_azimuth": 10.377252304839445, "focal_spot": {"HeliOS": [50.91339200456403, 6.3878378461343495, 130.42867506698144], "UTIS": [50.913391993200385, 6.387839706732482, 130.4742088317871]}}