{"motor_position": {"axis_1_motor_position": 46463, "axis_2_motor_position": 50645}, "target_name": "solar_tower_juelich_upper", "sun_elevation": 55.063574267275214, "sun_azimuth": 0.4392289381456256, "focal_spot": {"HeliOS": [50.91339200751198, 6.387836281135366, 130.48057311697497], "UTIS": [50.91339199761754, 6.387838379109927, 130.5046615600586]}}