{"motor_position": {"axis_1_motor_position": 46508, "axis_2_motor_position": 52515}, "target_name": "solar_tower_juelich_upper", "sun_elevation": 54.84287285921533, "sun_azimuth": -8.28268122448777, "focal_spot": {"HeliOS": [50.9133920055824, 6.3878374461040375, 130.4892318837832], "UTIS": [50.913391994284474, 6.387839380899183, 130.5065574645996]}}