{"motor_position": {"axis_1_motor_position": 46853, "axis_2_motor_position": 59049}, "target_name": "solar_tower_juelich_upper", "sun_elevation": 50.10511844338452, "sun_azimuth": -37.712831028023906, "focal_spot": {"HeliOS": [50.913392011642216, 6.387833503131147, 130.36196250565877], "UTIS": [50.91339200749314, 6.387835410879618, 130.37354278564453]}}