{"motor_position": {"axis_1_motor_position": 47265, "axis_2_motor_position": 36456}, "target_name": "solar_tower_juelich_lower", "sun_elevation": 44.39998608295577, "sun_azimuth": 54.21038677173227, "focal_spot": {"HeliOS": [50.91339198544531, 6.38783950237713, 122.9530715784025], "UTIS": [50.91339198677756, 6.387841637171728, 122.78277587890624]}}