{"motor_position": {"axis_1_motor_position": 47018, "axis_2_motor_position": 40905}, "target_name": "solar_tower_juelich_lower", "sun_elevation": 49.52376210092083, "sun_azimuth": 40.61600087170756, "focal_spot": {"HeliOS": [50.913391988111044, 6.3878383277898125, 123.23958940479946], "UTIS": [50.913391990288815, 6.387840581834024, 123.0887565612793]}}