{"motor_position": {"axis_1_motor_position": 46046, "axis_2_motor_position": 61311}, "target_name": "solar_tower_juelich_upper", "sun_elevation": 49.295127866014745, "sun_azimuth": -48.49635315184111, "focal_spot": {"HeliOS": [50.913392010020694, 6.387834178451388, 130.27027393397944], "UTIS": [50.91339200399868, 6.3878364611797815, 130.33407974243164]}}