{"motor_position": {"axis_1_motor_position": 47141, "axis_2_motor_position": 69243}, "target_name": "solar_tower_juelich_upper", "sun_elevation": 34.308510047392076, "sun_azimuth": -76.54719847329211, "focal_spot": {"HeliOS": [50.91339199678677, 6.387840301981206, 129.8294951304262], "UTIS": [50.91339198430602, 6.387842380015786, 129.92559432983398]}}