{"motor_position": {"axis_1_motor_position": 47801, "axis_2_motor_position": 71905}, "target_name": "solar_tower_juelich_upper", "sun_elevation": 28.091588832341778, "sun_azimuth": -84.94943837234827, "focal_spot": {"HeliOS": [50.913391994129825, 6.387839744541424, 129.2093919236099], "UTIS": [50.913391989503644, 6.387840817822137, 129.33794784545898]}}