{"motor_position": {"axis_1_motor_position": 46157, "axis_2_motor_position": 27944}, "target_name": "solar_tower_juelich_upper", "sun_elevation": 34.192033253396104, "sun_azimuth": 77.02209799336538, "focal_spot": {"HeliOS": [50.91339202605396, 6.387822898579231, 129.21313005522205], "UTIS": [50.913392044892, 6.387824169976519, 129.2475814819336]}}