{"motor_position": {"axis_1_motor_position": 45920, "axis_2_motor_position": 30741}, "target_name": "solar_tower_juelich_upper", "sun_elevation": 38.31864407730776, "sun_azimuth": 70.86490353804365, "focal_spot": {"HeliOS": [50.91339199749162, 6.3878383002065675, 129.31976778833462], "UTIS": [50.91339199351493, 6.387839612188756, 129.3454818725586]}}