{"motor_position": {"axis_1_motor_position": 45762, "axis_2_motor_position": 32982}, "target_name": "solar_tower_juelich_upper", "sun_elevation": 41.46373794239376, "sun_azimuth": 65.65083023143644, "focal_spot": {"HeliOS": [50.913391999932195, 6.387837515637454, 129.49400599760378], "UTIS": [50.91339199438555, 6.387839350517997, 129.51913833618164]}}