{"motor_position": {"axis_1_motor_position": 45517, "axis_2_motor_position": 37906}, "target_name": "solar_tower_juelich_upper", "sun_elevation": 47.988604833384414, "sun_azimuth": 52.39954627095682, "focal_spot": {"HeliOS": [50.91339200528096, 6.387835707876998, 129.87377227943756], "UTIS": [50.91339199991197, 6.387837689488878, 129.9198226928711]}}