{"motor_position": {"axis_1_motor_position": 45400, "axis_2_motor_position": 42486}, "target_name": "solar_tower_juelich_upper", "sun_elevation": 53.1513806276814, "sun_azimuth": 37.05119977362036, "focal_spot": {"HeliOS": [50.913392010002546, 6.387833819310828, 130.14207721152286], "UTIS": [50.91339200655335, 6.387835693337859, 130.18322372436523]}}