{"motor_position": {"axis_1_motor_position": 45519, "axis_2_motor_position": 54275}, "target_name": "solar_tower_juelich_upper", "sun_elevation": 56.79037339636504, "sun_azimuth": -17.29376111410692, "focal_spot": {"HeliOS": [50.91339198834488, 6.38784835665741, 130.66399645164017], "UTIS": [50.91339196093016, 6.387849405758174, 130.76525497436523]}}