{"motor_position": {"axis_1_motor_position": 46366, "axis_2_motor_position": 65246}, "target_name": "solar_tower_juelich_upper", "sun_elevation": 42.8094921812499, "sun_azimuth": -63.369041031226104, "focal_spot": {"HeliOS": [50.913392009733116, 6.387833453910555, 129.9577773895769], "UTIS": [50.91339200847326, 6.387835116285172, 130.06326293945312]}}