{"motor_position": {"axis_1_motor_position": 45545, "axis_2_motor_position": 34733}, "target_name": "solar_tower_juelich_upper", "sun_elevation": 44.016566854770936, "sun_azimuth": 61.52009102109823, "focal_spot": {"HeliOS": [50.91339200121301, 6.387837378090997, 129.6794148278122], "UTIS": [50.91339199442343, 6.3878393391377655, 129.67220306396484]}}