{"motor_position": {"axis_1_motor_position": 45279, "axis_2_motor_position": 44553}, "target_name": "solar_tower_juelich_upper", "sun_elevation": 55.21435242758297, "sun_azimuth": 29.15828038466279, "focal_spot": {"HeliOS": [50.91339201312561, 6.387832309464809, 130.24313710600933], "UTIS": [50.913392010423244, 6.387834530191355, 130.2467498779297]}}