{"motor_position": {"axis_1_motor_position": 45485, "axis_2_motor_position": 55688}, "target_name": "solar_tower_juelich_upper", "sun_elevation": 56.15886067737518, "sun_azimuth": -23.903892613277485, "focal_spot": {"HeliOS": [50.91339201076735, 6.387834345821252, 130.4746176970499], "UTIS": [50.913392004635476, 6.3878362697803475, 130.5030059814453]}}