{"motor_position": {"axis_1_motor_position": 45556, "axis_2_motor_position": 57105}, "target_name": "solar_tower_juelich_upper", "sun_elevation": 54.95027132792847, "sun_azimuth": -30.59090334600998, "focal_spot": {"HeliOS": [50.91339201239917, 6.387833234734356, 130.42245067708257], "UTIS": [50.91339200761438, 6.387835374437111, 130.45759201049805]}}