{"motor_position": {"axis_1_motor_position": 44657, "axis_2_motor_position": 53046}, "target_name": "solar_tower_juelich_lower", "sun_elevation": 60.86654220390733, "sun_azimuth": -10.646621453515532, "focal_spot": {"HeliOS": [50.91339199019771, 6.387837036556909, 123.84074265965404], "UTIS": [50.91339199496927, 6.387839175078685, 123.75334167480467]}}