{"motor_position": {"axis_1_motor_position": 44887, "axis_2_motor_position": 58375}, "target_name": "solar_tower_juelich_lower", "sun_elevation": 56.75495507452971, "sun_azimuth": -37.85511171205552, "focal_spot": {"HeliOS": [50.913391998605256, 6.387834151508336, 123.68539131531833], "UTIS": [50.913392005570394, 6.387835988783195, 123.60215759277344]}}