{"motor_position": {"axis_1_motor_position": 44959, "axis_2_motor_position": 59554}, "target_name": "solar_tower_juelich_lower", "sun_elevation": 55.27013995755223, "sun_azimuth": -43.236686192905786, "focal_spot": {"HeliOS": [50.9133919990864, 6.387834069652589, 123.60012247491308], "UTIS": [50.91339200648213, 6.387835714745712, 123.52025985717772]}}