{"motor_position": {"axis_1_motor_position": 45169, "axis_2_motor_position": 62383}, "target_name": "solar_tower_juelich_lower", "sun_elevation": 50.997011696996964, "sun_azimuth": -55.10523804209353, "focal_spot": {"HeliOS": [50.913391998979655, 6.387834313587785, 123.40597553686416], "UTIS": [50.91339200561407, 6.38783597565372, 123.32596969604492]}}