{"motor_position": {"axis_1_motor_position": 44408, "axis_2_motor_position": 36071}, "target_name": "solar_tower_juelich_upper", "sun_elevation": 47.429091765853045, "sun_azimuth": 60.557378575723526, "focal_spot": {"HeliOS": [50.913391990782266, 6.387843497638748, 129.78947094341223], "UTIS": [50.91339197638354, 6.387844761175954, 129.8874168395996]}}