{"motor_position": {"axis_1_motor_position": 44348, "axis_2_motor_position": 47296}, "target_name": "solar_tower_juelich_upper", "sun_elevation": 59.27635476796652, "sun_azimuth": 18.453510324622943, "focal_spot": {"HeliOS": [50.91339199518995, 6.387842697403935, 130.25558742992834], "UTIS": [50.91339197618265, 6.387844821551864, 130.4418067932129]}}