{"motor_position": {"axis_1_motor_position": 45932, "axis_2_motor_position": 24349}, "target_name": "solar_tower_juelich_lower", "sun_elevation": 30.61163766160096, "sun_azimuth": 86.22310700797242, "focal_spot": {"HeliOS": [50.91339199146699, 6.387837809172348, 122.48682350613142], "UTIS": [50.9133919942416, 6.387839393784575, 122.3395004272461]}}