{"motor_position": {"axis_1_motor_position": 45707, "axis_2_motor_position": 39580}, "target_name": "solar_tower_juelich_upper", "sun_elevation": 49.541192325323316, "sun_azimuth": 46.64045131944306, "focal_spot": {"HeliOS": [50.91339201000618, 6.387833558207432, 130.05046181080286], "UTIS": [50.913392007339944, 6.387835456919214, 130.05451583862305]}}