{"motor_position": {"axis_1_motor_position": 47155, "axis_2_motor_position": 60299}, "target_name": "solar_tower_juelich_upper", "sun_elevation": 48.135411853300894, "sun_azimuth": -42.534821689966954, "focal_spot": {"HeliOS": [50.91339201353488, 6.387832073594493, 130.2431641064941], "UTIS": [50.913392011921275, 6.38783407993486, 130.24524688720703]}}