{"motor_position": {"axis_1_motor_position": 48461, "axis_2_motor_position": 66879}, "target_name": "multi_focus_tower", "sun_elevation": 35.75749484271379, "sun_azimuth": -61.48140605130621, "focal_spot": {"HeliOS": [50.91339643330688, 6.387579477946577, 138.85272835267585], "UTIS": [50.91339643912103, 6.387578651682064, 138.83197784423828]}}