{"motor_position": {"axis_1_motor_position": 47396, "axis_2_motor_position": 42676}, "target_name": "multi_focus_tower", "sun_elevation": 45.82931864785524, "sun_azimuth": 35.45537228601768, "focal_spot": {"HeliOS": [50.91339644175571, 6.387577058783586, 139.4643199695495], "UTIS": [50.913396445239194, 6.387576811562372, 139.413330078125]}}