{"motor_position": {"axis_1_motor_position": 48993, "axis_2_motor_position": 46876}, "target_name": "multi_focus_tower", "sun_elevation": 44.995944437028975, "sun_azimuth": 18.27027688944752, "focal_spot": {"HeliOS": [50.91339641964102, 6.387583193760721, 139.41706895909593], "UTIS": [50.913396429607516, 6.387581512978553, 139.3330307006836]}}