{"motor_position": {"axis_1_motor_position": 51633, "axis_2_motor_position": 35009}, "target_name": "solar_tower_juelich_lower", "sun_elevation": 34.77016923918624, "sun_azimuth": 50.49059652897837, "focal_spot": {"HeliOS": [50.9133920163117, 6.387828878228878, 122.83754593725716], "UTIS": [50.913392022294694, 6.387830962039411, 122.67849349975586]}}