{"motor_position": {"axis_1_motor_position": 50747, "axis_2_motor_position": 44493}, "target_name": "solar_tower_juelich_lower", "sun_elevation": 43.60464404134804, "sun_azimuth": 22.214418204196075, "focal_spot": {"HeliOS": [50.91339200343186, 6.387832702394517, 123.42933182190067], "UTIS": [50.91339200846585, 6.387835118512403, 123.3220672607422]}}