{"motor_position": {"axis_1_motor_position": 51263, "axis_2_motor_position": 39316}, "target_name": "solar_tower_juelich_lower", "sun_elevation": 39.08891301668985, "sun_azimuth": 38.505513383037176, "focal_spot": {"HeliOS": [50.91339201809428, 6.387827902656473, 123.11136260443796], "UTIS": [50.913392025997275, 6.3878298491666134, 122.97760391235352]}}