{"motor_position": {"axis_1_motor_position": 51508, "axis_2_motor_position": 60057}, "target_name": "solar_tower_juelich_lower", "sun_elevation": 39.56880194714722, "sun_azimuth": -36.83193898921591, "focal_spot": {"HeliOS": [50.91339201753649, 6.387827597811371, 123.48727678367408], "UTIS": [50.91339202767199, 6.387829345802366, 123.3829574584961]}}