{"motor_position": {"axis_1_motor_position": 51384, "axis_2_motor_position": 46755}, "target_name": "solar_tower_juelich_lower", "sun_elevation": 42.92253637249853, "sun_azimuth": 13.614230659235506, "focal_spot": {"HeliOS": [50.91339200466978, 6.387832141285018, 123.53380960031868], "UTIS": [50.91339201192094, 6.387834080036559, 123.3542137145996]}}