{"motor_position": {"axis_1_motor_position": 51741, "axis_2_motor_position": 57195}, "target_name": "solar_tower_juelich_lower", "sun_elevation": 40.93233534689886, "sun_azimuth": -25.705835706754737, "focal_spot": {"HeliOS": [50.913392011884284, 6.387829566358142, 123.52741824738186], "UTIS": [50.91339202056806, 6.387831481011218, 123.51047897338869]}}