{"motor_position": {"axis_1_motor_position": 51410, "axis_2_motor_position": 37136}, "target_name": "multi_focus_tower", "sun_elevation": 32.678043308187476, "sun_azimuth": 46.50932317415686, "focal_spot": {"HeliOS": [50.913396454064994, 6.3875735059296215, 138.891346802768], "UTIS": [50.91339645818896, 6.387572916722358, 138.84968948364258]}}