{"motor_position": {"axis_1_motor_position": 52388, "axis_2_motor_position": 51638}, "target_name": "solar_tower_juelich_lower", "sun_elevation": 40.86945776972845, "sun_azimuth": -4.833199673070351, "focal_spot": {"HeliOS": [50.91339198142856, 6.387840378056072, 123.64242688297554], "UTIS": [50.91339198303915, 6.3878427607840464, 123.49242782592772]}}