{"motor_position": {"axis_1_motor_position": 52356, "axis_2_motor_position": 49146}, "target_name": "solar_tower_juelich_lower", "sun_elevation": 40.890955706018616, "sun_azimuth": 4.473696450087459, "focal_spot": {"HeliOS": [50.913392017361964, 6.3878277360977265, 123.430973722337], "UTIS": [50.91339202715047, 6.387829502552609, 123.33156967163086]}}