{"motor_position": {"axis_1_motor_position": 52635, "axis_2_motor_position": 53947}, "target_name": "solar_tower_juelich_lower", "sun_elevation": 39.85215822815236, "sun_azimuth": -13.089583865798962, "focal_spot": {"HeliOS": [50.91339201028679, 6.3878301974042175, 123.47964905297556], "UTIS": [50.91339201789535, 6.387832284339666, 123.43552017211914]}}