{"motor_position": {"axis_1_motor_position": 53555, "axis_2_motor_position": 43943}, "target_name": "solar_tower_juelich_lower", "sun_elevation": 36.26742508740138, "sun_azimuth": 21.374095092963575, "focal_spot": {"HeliOS": [50.9133920220255, 6.387826261080923, 123.29852309507945], "UTIS": [50.913392032945204, 6.387827760834689, 123.13475799560548]}}