{"motor_position": {"axis_1_motor_position": 55242, "axis_2_motor_position": 28699}, "target_name": "multi_focus_tower", "sun_elevation": 18.298161800008675, "sun_azimuth": 63.87379842173755, "focal_spot": {"HeliOS": [50.913396445825484, 6.387575785783147, 138.09220324598346], "UTIS": [50.91339645144391, 6.38757494540747, 138.0426025390625]}}