{"motor_position": {"axis_1_motor_position": 54684, "axis_2_motor_position": 58388}, "target_name": "multi_focus_tower", "sun_elevation": 29.62354695113768, "sun_azimuth": -24.378141217293233, "focal_spot": {"HeliOS": [50.91339646569968, 6.387570092656104, 138.753225895461], "UTIS": [50.91339646719624, 6.3875702076233525, 138.73127365112305]}}