{"motor_position": {"axis_1_motor_position": 54978, "axis_2_motor_position": 60286}, "target_name": "multi_focus_tower", "sun_elevation": 27.84879618272836, "sun_azimuth": -30.925447840909413, "focal_spot": {"HeliOS": [50.91339645709992, 6.387572602419877, 138.7966437750576], "UTIS": [50.91339645869291, 6.387572765148631, 138.76412200927734]}}