{"motor_position": {"axis_1_motor_position": 59736, "axis_2_motor_position": 38064}, "target_name": "solar_tower_juelich_lower", "sun_elevation": 17.875158090396, "sun_azimuth": 34.1241005869291, "focal_spot": {"HeliOS": [50.913392064738765, 6.387811674891244, 123.03336883453426], "UTIS": [50.913392081857474, 6.3878130590189, 122.82858276367188]}}