{"motor_position": {"axis_1_motor_position": 59897, "axis_2_motor_position": 59969}, "target_name": "solar_tower_juelich_lower", "sun_elevation": 17.84678471540849, "sun_azimuth": -31.31297464243386, "focal_spot": {"HeliOS": [50.91339202318805, 6.387825593715056, 123.47689009242468], "UTIS": [50.91339203365295, 6.387827548112151, 123.39045715332033]}}