{"motor_position": {"axis_1_motor_position": 61063, "axis_2_motor_position": 39648}, "target_name": "solar_tower_juelich_lower", "sun_elevation": 14.828969239209716, "sun_azimuth": 29.24032783274974, "focal_spot": {"HeliOS": [50.913392057286245, 6.387814288100702, 123.03110435848836], "UTIS": [50.913392072767245, 6.38781579135942, 122.93278884887695]}}