{"motor_position": {"axis_1_motor_position": 59819, "axis_2_motor_position": 35316}, "target_name": "solar_tower_juelich_lower", "sun_elevation": 16.582474883629935, "sun_azimuth": 41.33771479632283, "focal_spot": {"HeliOS": [50.913392037808244, 6.387821208287941, 122.9677894657584], "UTIS": [50.9133920516405, 6.387822141562859, 122.89691925048828]}}