{"motor_position": {"axis_1_motor_position": 58013, "axis_2_motor_position": 45783}, "target_name": "solar_tower_juelich_lower", "sun_elevation": 24.789889812214973, "sun_azimuth": 13.131934590174277, "focal_spot": {"HeliOS": [50.91339203107103, 6.3878226978933, 123.5283134930419], "UTIS": [50.9133920444951, 6.387824289277422, 123.47883987426758]}}