{"motor_position": {"axis_1_motor_position": 54886, "axis_2_motor_position": 51602}, "target_name": "solar_tower_juelich_lower", "sun_elevation": 34.03444011359744, "sun_azimuth": -4.640016092766803, "focal_spot": {"HeliOS": [50.9133920277202, 6.38782346031318, 123.81136623653408], "UTIS": [50.91339204185335, 6.38782508331049, 123.70577239990234]}}