{"motor_position": {"axis_1_motor_position": 55167, "axis_2_motor_position": 62129}, "target_name": "solar_tower_juelich_lower", "sun_elevation": 28.974129486945195, "sun_azimuth": -41.39220471572032, "focal_spot": {"HeliOS": [50.91339201938041, 6.387826702345488, 123.65693984310596], "UTIS": [50.913392031096066, 6.387828316625295, 123.64112854003906]}}