{"motor_position": {"axis_1_motor_position": 56169, "axis_2_motor_position": 65121}, "target_name": "solar_tower_juelich_lower", "sun_elevation": 24.729522215188094, "sun_azimuth": -50.76014322409218, "focal_spot": {"HeliOS": [50.91339215194345, 6.387787470864572, 120.98786942834587], "UTIS": [50.91339211770196, 6.387802284708665, 121.77178955078124]}}