{"motor_position": {"axis_1_motor_position": 45587, "axis_2_motor_position": 66481}, "target_name": "solar_tower_juelich_upper", "sun_elevation": 42.043179575854396, "sun_azimuth": -69.32212746593152, "focal_spot": {"HeliOS": [50.91339201372429, 6.387831173336721, 129.94354277077673], "UTIS": [50.91339201793494, 6.387832272440765, 129.97304916381836]}}