{"motor_position": {"axis_1_motor_position": 45739, "axis_2_motor_position": 67619}, "target_name": "solar_tower_juelich_upper", "sun_elevation": 39.66137414982978, "sun_azimuth": -73.1265035892792, "focal_spot": {"HeliOS": [50.91339200976461, 6.387833178971318, 129.8641878031843], "UTIS": [50.913392012055276, 6.3878340396616515, 129.88019561767578]}}