{
  "heliostat_position": [
    50.913727107596856,
    6.387639586429039,
    88.68665314
  ],
  "height": 2.559999942779541,
  "width": 3.2200000286102295,
  "initial_orientation": [
    0.0,
    -1.0,
    0.0
  ],
  "kinematics_properties": {
    "actuators": [
      {
        "type_axis": "linear",
        "min_increment": 0,
        "max_increment": 68513,
        "increment": 154166.6667,
        "offset_shift": 0,
        "initial_stroke_length": 0.095434518,
        "offset": 0.335308,
        "pivot_radius": 0.338095,
        "radius_shift": 0,
        "clockwise_axis_movement": 0,
        "initial_angle": 0.031467083,
        "min_movement_angle": 0.019641936,
        "max_movement_angle": 1.570796327,
        "movement_speed": 0
      },
      {
        "type_axis": "linear",
        "min_increment": 0,
        "max_increment": 75394,
        "increment": 154166.6667,
        "offset_shift": 0,
        "initial_stroke_length": 0.021671,
        "offset": 0.340771,
        "pivot_radius": 0.3191,
        "radius_shift": 0,
        "clockwise_axis_movement": 1,
        "initial_angle": 1.057907459,
        "min_movement_angle": -0.95993,
        "max_movement_angle": 0.927724835,
        "movement_speed": 0
      }
    ],
    "joint_translation_e_1": 0.0,
    "joint_translation_n_1": 0.0,
    "joint_translation_u_1": 0.0,
    "joint_translation_e_2": 0.0,
    "joint_translation_n_2": 0.0,
    "joint_translation_u_2": 0.0,
    "concentrator_translation_e": 0.0,
    "concentrator_translation_n": 0.175,
    "concentrator_translation_u": 0.0
  },
  "facet_properties": {
    "canting_type": "receiver canting",
    "number_of_facets": 4,
    "facets": [
      {
        "translation_vector": [
          -0.8075,
          0.6425,
          0.0402
        ],
        "canting_e": [
          0.8024845719337463,
          -0.0,
          -0.004984567873179913
        ],
        "canting_n": [
          1.9569211872294545e-05,
          0.6374921798706055,
          0.0031505227088928223
        ]
      },
      {
        "translation_vector": [
          0.8075,
          0.6425,
          0.0402
        ],
        "canting_e": [
          0.8024845719337463,
          -0.0,
          0.004984567873179913
        ],
        "canting_n": [
          -1.9569211872294545e-05,
          0.6374921798706055,
          0.0031505227088928223
        ]
      },
      {
        "translation_vector": [
          -0.8075,
          -0.6425,
          0.0402
        ],
        "canting_e": [
          0.8024845719337463,
          -0.0,
          -0.004984567873179913
        ],
        "canting_n": [
          -1.9569211872294545e-05,
          0.6374921798706055,
          -0.0031505227088928223
        ]
      },
      {
        "translation_vector": [
          0.8075,
          -0.6425,
          0.0402
        ],
        "canting_e": [
          0.8024845719337463,
          -0.0,
          0.004984567873179913
        ],
        "canting_n": [
          1.9569211872294545e-05,
          0.6374921798706055,
          -0.0031505227088928223
        ]
      }
    ]
  },
  "renovation": "2021-03-04"
}