{"motor_position": {"axis_1_motor_position": 42621, "axis_2_motor_position": 64005}, "target_name": "solar_tower_juelich_lower", "sun_elevation": 55.527304755741646, "sun_azimuth": -46.3578357828662, "focal_spot": {"HeliOS": [50.91339199138031, 6.387837200783031, 123.20858251697553], "UTIS": [50.913392002608354, 6.387836879058379, 123.06771850585938]}}