{"motor_position": {"axis_1_motor_position": 42543, "axis_2_motor_position": 65508}, "target_name": "solar_tower_juelich_lower", "sun_elevation": 53.195208888658094, "sun_azimuth": -52.89623269817492, "focal_spot": {"HeliOS": [50.91339202339343, 6.387826024449383, 123.12305968794568], "UTIS": [50.91339204102716, 6.387825331641596, 122.93984985351562]}}