{"motor_position": {"axis_1_motor_position": 42486, "axis_2_motor_position": 66754}, "target_name": "solar_tower_juelich_lower", "sun_elevation": 50.98590847880475, "sun_azimuth": -58.147807600806885, "focal_spot": {"HeliOS": [50.91339203407097, 6.3878229566088995, 122.67724851954694], "UTIS": [50.9133920509583, 6.387822346610438, 122.44554901123048]}}