{"motor_position": {"axis_1_motor_position": 42379, "axis_2_motor_position": 68786}, "target_name": "solar_tower_juelich_lower", "sun_elevation": 46.99471375381834, "sun_azimuth": -66.14045027750751, "focal_spot": {"HeliOS": [50.913392052255915, 6.387817297477373, 122.32950761114142], "UTIS": [50.91339207285361, 6.387815765398794, 122.17448043823242]}}