{"motor_position": {"axis_1_motor_position": 42266, "axis_2_motor_position": 70811}, "target_name": "solar_tower_juelich_lower", "sun_elevation": 42.45470749009237, "sun_azimuth": -73.74430706310561, "focal_spot": {"HeliOS": [50.91339203018105, 6.387824828528644, 122.30501169074527], "UTIS": [50.913392046436655, 6.387823705695591, 122.1086769104004]}}