{"motor_position": {"axis_1_motor_position": 42151, "axis_2_motor_position": 72901}, "target_name": "solar_tower_juelich_lower", "sun_elevation": 37.4063125377651, "sun_azimuth": -81.0712431694716, "focal_spot": {"HeliOS": [50.91339202567005, 6.387826704177873, 122.04422918939258], "UTIS": [50.91339204135741, 6.387825232375599, 121.88792037963869]}}