{"motor_position": {"axis_1_motor_position": 42043, "axis_2_motor_position": 74757}, "target_name": "solar_tower_juelich_lower", "sun_elevation": 32.58147429147464, "sun_azimuth": -87.39614427993875, "focal_spot": {"HeliOS": [50.91339201346209, 6.387831079247293, 121.79648862634524], "UTIS": [50.91339202371603, 6.3878305348383115, 121.71131134033205]}}