{"motor_position": {"axis_1_motor_position": 44594, "axis_2_motor_position": 31597}, "target_name": "solar_tower_juelich_lower", "sun_elevation": 33.85575958657187, "sun_azimuth": 85.92934466493445, "focal_spot": {"HeliOS": [50.91339201857762, 6.387828051770188, 122.8682737597683], "UTIS": [50.913392030990686, 6.387828348301463, 122.748046875]}}