{"motor_position": {"axis_1_motor_position": 44025, "axis_2_motor_position": 38911}, "target_name": "solar_tower_juelich_lower", "sun_elevation": 45.12683005745524, "sun_azimuth": 69.62781155766912, "focal_spot": {"HeliOS": [50.91339200420015, 6.3878330614878625, 122.85745375849088], "UTIS": [50.91339201406743, 6.387833434875369, 122.75446319580078]}}