{"motor_position": {"axis_1_motor_position": 43795, "axis_2_motor_position": 42012}, "target_name": "solar_tower_juelich_lower", "sun_elevation": 49.71372573633859, "sun_azimuth": 61.121204644915814, "focal_spot": {"HeliOS": [50.91339200930963, 6.387830985108786, 123.11479286880896], "UTIS": [50.91339202013578, 6.387831610932991, 122.92611694335938]}}