{"motor_position": {"axis_1_motor_position": 43634, "axis_2_motor_position": 44457}, "target_name": "solar_tower_juelich_lower", "sun_elevation": 53.13456853069112, "sun_azimuth": 53.35112841796458, "focal_spot": {"HeliOS": [50.91339201455523, 6.387829054508004, 123.18359585599504], "UTIS": [50.91339202701342, 6.387829543744505, 123.07695770263672]}}