{"motor_position": {"axis_1_motor_position": 43474, "axis_2_motor_position": 47119}, "target_name": "solar_tower_juelich_lower", "sun_elevation": 56.52727640868584, "sun_azimuth": 43.49839918235932, "focal_spot": {"HeliOS": [50.913392015350475, 6.387828663123478, 123.26974736931716], "UTIS": [50.91339202793835, 6.387829265740724, 123.11645889282228]}}