{"motor_position": {"axis_1_motor_position": 43248, "axis_2_motor_position": 51140}, "target_name": "solar_tower_juelich_lower", "sun_elevation": 60.52659452520414, "sun_azimuth": 25.274941730263482, "focal_spot": {"HeliOS": [50.91339201821075, 6.387827627960831, 123.28701544044124], "UTIS": [50.91339203189302, 6.387828077094633, 123.17123794555664]}}