{"motor_position": {"axis_1_motor_position": 43129, "axis_2_motor_position": 53354}, "target_name": "solar_tower_juelich_lower", "sun_elevation": 61.85987740637692, "sun_azimuth": 13.44414950548329, "focal_spot": {"HeliOS": [50.91339201466455, 6.387828873511399, 123.2948913325931], "UTIS": [50.91339202774803, 6.387829322946983, 123.17531204223631]}}