{"motor_position": {"axis_1_motor_position": 43015, "axis_2_motor_position": 55517}, "target_name": "solar_tower_juelich_lower", "sun_elevation": 62.365223121004654, "sun_azimuth": 0.9899684189634403, "focal_spot": {"HeliOS": [50.913392018157985, 6.387827592596229, 123.32726188017438], "UTIS": [50.91339203214126, 6.387828002473936, 123.11957550048828]}}