{"motor_position": {"axis_1_motor_position": 42906, "axis_2_motor_position": 57651}, "target_name": "solar_tower_juelich_lower", "sun_elevation": 61.98771719865866, "sun_azimuth": -11.667935956632812, "focal_spot": {"HeliOS": [50.91339202089969, 6.387826713614534, 123.25968260179056], "UTIS": [50.913392036593805, 6.387826664176267, 123.04790496826172]}}