{"motor_position": {"axis_1_motor_position": 42797, "axis_2_motor_position": 59715}, "target_name": "solar_tower_juelich_lower", "sun_elevation": 60.76265574595923, "sun_azimuth": -23.675395322100677, "focal_spot": {"HeliOS": [50.9133920215574, 6.3878265505361025, 123.20958345390628], "UTIS": [50.91339203687051, 6.387826581005991, 123.02902603149414]}}