{"motor_position": {"axis_1_motor_position": 42514, "axis_2_motor_position": 64421}, "target_name": "solar_tower_juelich_lower", "sun_elevation": 55.112162878958145, "sun_azimuth": -48.135716006368476, "focal_spot": {"HeliOS": [50.913392020243904, 6.38782709707518, 123.1485215944226], "UTIS": [50.91339203786544, 6.387826281960475, 123.02043151855467]}}