{"motor_position": {"axis_1_motor_position": 42036, "axis_2_motor_position": 71680}, "target_name": "solar_tower_juelich_lower", "sun_elevation": 40.417792444908244, "sun_azimuth": -77.10628529373938, "focal_spot": {"HeliOS": [50.91339201439428, 6.387829210825779, 123.1048684078536], "UTIS": [50.913392030433165, 6.387828515875971, 123.00098419189452]}}