{"motor_position": {"axis_1_motor_position": 42552, "axis_2_motor_position": 52890}, "target_name": "solar_tower_juelich_upper", "sun_elevation": 61.786031102520106, "sun_azimuth": 15.35529511529591, "focal_spot": {"HeliOS": [50.913392010445726, 6.387831655571239, 129.42341403088676], "UTIS": [50.913392022131156, 6.38783101119442, 129.47917938232422]}}