{"motor_position": {"axis_1_motor_position": 41505, "axis_2_motor_position": 68516}, "target_name": "solar_tower_juelich_upper", "sun_elevation": 47.153074978175255, "sun_azimuth": -66.28790244765125, "focal_spot": {"HeliOS": [50.913392016535624, 6.387829441218821, 129.8800877683653], "UTIS": [50.91339203197445, 6.387828052612046, 129.8598289489746]}}