{"motor_position": {"axis_1_motor_position": 44242, "axis_2_motor_position": 34311}, "target_name": "solar_tower_juelich_lower", "sun_elevation": 38.109126870723514, "sun_azimuth": 80.59623123965757, "focal_spot": {"HeliOS": [50.91339200990217, 6.387830746854923, 123.1399528572778], "UTIS": [50.913392022656836, 6.38783085319327, 123.05387878417967]}}