{"motor_position": {"axis_1_motor_position": 44277, "axis_2_motor_position": 33923}, "target_name": "solar_tower_juelich_lower", "sun_elevation": 37.51288597122027, "sun_azimuth": 81.41319885148647, "focal_spot": {"HeliOS": [50.91339201072763, 6.387830492209361, 123.11030499869292], "UTIS": [50.91339202213302, 6.387831010638459, 123.01094436645508]}}