{"motor_position": {"axis_1_motor_position": 44276, "axis_2_motor_position": 35412}, "target_name": "solar_tower_juelich_lower", "sun_elevation": 39.70130177652526, "sun_azimuth": 78.36233287750576, "focal_spot": {"HeliOS": [50.91339204530994, 6.387819993396797, 122.1202565105382], "UTIS": [50.91339206155105, 6.387819162694716, 122.43535995483398]}}