{"motor_position": {"axis_1_motor_position": 44218, "axis_2_motor_position": 34642}, "target_name": "solar_tower_juelich_lower", "sun_elevation": 38.61871329493883, "sun_azimuth": 79.8898497266114, "focal_spot": {"HeliOS": [50.913392008616064, 6.3878312480399595, 123.09840326868876], "UTIS": [50.91339201974835, 6.387831727389682, 122.9948844909668]}}