{"motor_position": {"axis_1_motor_position": 44194, "axis_2_motor_position": 34960}, "target_name": "solar_tower_juelich_lower", "sun_elevation": 39.11171436118016, "sun_azimuth": 79.1989143017299, "focal_spot": {"HeliOS": [50.913392013693965, 6.38782939125635, 123.1572051735721], "UTIS": [50.913392026001375, 6.387829847936043, 123.0019187927246]}}