{"motor_position": {"axis_1_motor_position": 42844, "axis_2_motor_position": 46398}, "target_name": "solar_tower_juelich_upper", "sun_elevation": 55.88026225156296, "sun_azimuth": 46.20691444584698, "focal_spot": {"HeliOS": [50.913392012504325, 6.387830490502174, 129.39882610799015], "UTIS": [50.91339202637274, 6.387829736313493, 129.565673828125]}}