{"motor_position": {"axis_1_motor_position": 42101, "axis_2_motor_position": 59619}, "target_name": "solar_tower_juelich_upper", "sun_elevation": 60.86291258935135, "sun_azimuth": -24.12934411488773, "focal_spot": {"HeliOS": [50.91339202125082, 6.387827189287393, 130.0521659692788], "UTIS": [50.91339204013549, 6.387825599648268, 130.15696716308594]}}