{"motor_position": {"axis_1_motor_position": 48522, "axis_2_motor_position": 28030}, "target_name": "solar_tower_juelich_upper", "sun_elevation": 24.17905661063751, "sun_azimuth": 85.54590253513118, "focal_spot": {"HeliOS": [50.91339202737475, 6.387824592610084, 130.48476390831283], "UTIS": [50.91339204511934, 6.387824101647667, 130.5236473083496]}}