{"motor_position": {"axis_1_motor_position": 46743, "axis_2_motor_position": 38958}, "target_name": "solar_tower_juelich_upper", "sun_elevation": 40.189691744813125, "sun_azimuth": 61.71984617504436, "focal_spot": {"HeliOS": [50.91339202659827, 6.38782595414791, 130.8912309442496], "UTIS": [50.91339203810285, 6.387826210600959, 130.92811965942383]}}