{"motor_position": {"axis_1_motor_position": 46035, "axis_2_motor_position": 46991}, "target_name": "solar_tower_juelich_upper", "sun_elevation": 50.15263048877754, "sun_azimuth": 36.78175226618702, "focal_spot": {"HeliOS": [50.9133920218024, 6.387827717336885, 130.4187061332515], "UTIS": [50.91339203253496, 6.387827884142575, 130.43341445922852]}}