{"motor_position": {"axis_1_motor_position": 54231, "axis_2_motor_position": 57877}, "target_name": "solar_tower_juelich_lower", "sun_elevation": 33.86831271991119, "sun_azimuth": -9.439637603100776, "focal_spot": {"HeliOS": [50.91339203520736, 6.387822050888571, 123.00951610100998], "UTIS": [50.913392054469334, 6.387821291282898, 122.90645217895508]}}