{"motor_position": {"axis_1_motor_position": 54444, "axis_2_motor_position": 61162}, "target_name": "solar_tower_juelich_lower", "sun_elevation": 32.06949934409797, "sun_azimuth": -21.776703422638036, "focal_spot": {"HeliOS": [50.91339198559286, 6.387839992779885, 122.25795203772664], "UTIS": [50.913391992978795, 6.387839773332435, 122.12314224243164]}}