{"motor_position": {"axis_1_motor_position": 54680, "axis_2_motor_position": 63725}, "target_name": "solar_tower_juelich_lower", "sun_elevation": 29.75027154838306, "sun_azimuth": -30.976116677473392, "focal_spot": {"HeliOS": [50.91339200934951, 6.387831836013375, 122.35947474719627], "UTIS": [50.91339202053423, 6.387831491181219, 122.21944046020508]}}