{"motor_position": {"axis_1_motor_position": 57029, "axis_2_motor_position": 71808}, "target_name": "solar_tower_juelich_lower", "sun_elevation": 16.54642594949107, "sun_azimuth": -59.64392260867026, "focal_spot": {"HeliOS": [50.91339203281614, 6.387823611715951, 122.52679813332486], "UTIS": [50.91339204776725, 6.387823305756878, 122.40655517578124]}}