{"motor_position": {"axis_1_motor_position": 57217, "axis_2_motor_position": 66634}, "target_name": "solar_tower_juelich_lower", "sun_elevation": 21.299869191021344, "sun_azimuth": -39.931838756763796, "focal_spot": {"HeliOS": [50.91339202813024, 6.387824902641313, 122.7488232313526], "UTIS": [50.91339204542368, 6.387824010171888, 122.6300811767578]}}