{"motor_position": {"axis_1_motor_position": 56261, "axis_2_motor_position": 60079}, "target_name": "solar_tower_juelich_lower", "sun_elevation": 27.646357123591947, "sun_azimuth": -16.820062823402683, "focal_spot": {"HeliOS": [50.91339203228167, 6.387822202541463, 123.56710621306536], "UTIS": [50.91339205352814, 6.3878215741852316, 123.44464874267578]}}