{"motor_position": {"axis_1_motor_position": 58019, "axis_2_motor_position": 68365}, "target_name": "solar_tower_juelich_lower", "sun_elevation": 16.031614714620048, "sun_azimuth": -45.441215154236836, "focal_spot": {"HeliOS": [50.913392020685926, 6.387827126067889, 123.01233689258096], "UTIS": [50.913392039165686, 6.387825891140862, 122.9090576171875]}}