{"motor_position": {"axis_1_motor_position": 57296, "axis_2_motor_position": 48612}, "target_name": "solar_tower_juelich_upper", "sun_elevation": 24.064130952732533, "sun_azimuth": 20.81014974382267, "focal_spot": {"HeliOS": [50.91339205236839, 6.387810104206936, 130.7757203973747], "UTIS": [50.9133920967755, 6.387808574922668, 130.83206939697266]}}