{"motor_position": {"axis_1_motor_position": 60068, "axis_2_motor_position": 66393}, "target_name": "solar_tower_juelich_lower", "sun_elevation": 14.258278930681355, "sun_azimuth": -37.240383420823726, "focal_spot": {"HeliOS": [50.913392089888326, 6.387799889946521, 124.20496294944246], "UTIS": [50.91339212841386, 6.387799064811465, 124.07514190673828]}}