{"motor_position": {"axis_1_motor_position": 57871, "axis_2_motor_position": 62645}, "target_name": "solar_tower_juelich_upper", "sun_elevation": 20.48621274817363, "sun_azimuth": -25.160687908929706, "focal_spot": {"HeliOS": [50.91339204771259, 6.387813453469951, 131.25364946097926], "UTIS": [50.91339208432379, 6.38781231769356, 131.24705123901367]}}