{"motor_position": {"axis_1_motor_position": 60004, "axis_2_motor_position": 69618}, "target_name": "solar_tower_juelich_upper", "sun_elevation": 10.650723184881555, "sun_azimuth": -49.12686703191831, "focal_spot": {"HeliOS": [50.91339205133453, 6.387810855459486, 130.91999442600428], "UTIS": [50.91339209386459, 6.3878094498953955, 130.90945434570312]}}