{"motor_position": {"axis_1_motor_position": 62422, "axis_2_motor_position": 73138}, "target_name": "solar_tower_juelich_upper", "sun_elevation": 2.7987409161939403, "sun_azimuth": -61.803808818162686, "focal_spot": {"HeliOS": [50.91339205149469, 6.38781022717582, 130.27833193896294], "UTIS": [50.91339209927246, 6.387807824376526, 130.34429931640625]}}