{"motor_position": {"axis_1_motor_position": 57413, "axis_2_motor_position": 48958}, "target_name": "solar_tower_juelich_upper", "sun_elevation": 23.763875726735275, "sun_azimuth": 19.630992552079167, "focal_spot": {"HeliOS": [50.91339203959111, 6.3878168975056875, 130.12667025810458], "UTIS": [50.9133920717314, 6.387816102717419, 130.1239891052246]}}