{"motor_position": {"axis_1_motor_position": 56877, "axis_2_motor_position": 60012}, "target_name": "solar_tower_juelich_upper", "sun_elevation": 24.38949224298719, "sun_azimuth": -16.45416729757244, "focal_spot": {"HeliOS": [50.91339204035575, 6.387817487805833, 130.8558091098465], "UTIS": [50.91339207131953, 6.387816226513462, 130.8512191772461]}}