{"motor_position": {"axis_1_motor_position": 57615, "axis_2_motor_position": 47049}, "target_name": "solar_tower_juelich_upper", "sun_elevation": 22.779368229333876, "sun_azimuth": 25.298075647535573, "focal_spot": {"HeliOS": [50.913392039813864, 6.387816490664603, 129.91440817823488], "UTIS": [50.913392074231716, 6.387815351174616, 129.95786666870117]}}