{"motor_position": {"axis_1_motor_position": 56714, "axis_2_motor_position": 59209}, "target_name": "solar_tower_juelich_upper", "sun_elevation": 25.151089281526946, "sun_azimuth": -13.739000569379838, "focal_spot": {"HeliOS": [50.91339203818288, 6.387818580339059, 130.71180053209133], "UTIS": [50.913392065595254, 6.3878179471015075, 130.6970558166504]}}