{"motor_position": {"axis_1_motor_position": 57948, "axis_2_motor_position": 66856}, "target_name": "solar_tower_juelich_upper", "sun_elevation": 17.64253971861118, "sun_azimuth": -40.17045324052916, "focal_spot": {"HeliOS": [50.91339203845488, 6.387818243452712, 130.60031018029196], "UTIS": [50.91339206843756, 6.387817092767106, 130.58977890014648]}}