{"motor_position": {"axis_1_motor_position": 58220, "axis_2_motor_position": 66150}, "target_name": "solar_tower_juelich_lower", "sun_elevation": 19.495721334390936, "sun_azimuth": -37.532512961433575, "focal_spot": {"HeliOS": [50.91339205088132, 6.387817659981689, 122.39046964128678], "UTIS": [50.913392068335, 6.387817123595771, 122.18831634521484]}}