{"motor_position": {"axis_1_motor_position": 56212, "axis_2_motor_position": 52983}, "target_name": "solar_tower_juelich_upper", "sun_elevation": 28.641398477277633, "sun_azimuth": 7.4578708963022935, "focal_spot": {"HeliOS": [50.9133920597686, 6.3878057193607525, 131.00044784336563], "UTIS": [50.91339211412784, 6.38780335904733, 131.1997184753418]}}