{"motor_position": {"axis_1_motor_position": 55703, "axis_2_motor_position": 50215}, "target_name": "solar_tower_juelich_upper", "sun_elevation": 29.46248486594086, "sun_azimuth": 16.398030428927008, "focal_spot": {"HeliOS": [50.91339203352123, 6.387820115409642, 129.97798948816916], "UTIS": [50.913392060631935, 6.387819438959429, 129.9842529296875]}}