{"motor_position": {"axis_1_motor_position": 55492, "axis_2_motor_position": 55111}, "target_name": "solar_tower_juelich_upper", "sun_elevation": 30.771450733792438, "sun_azimuth": 0.1872433990841735, "focal_spot": {"HeliOS": [50.91339202565694, 6.387821406333355, 128.16089874004058], "UTIS": [50.91339205629693, 6.387820741960414, 128.2387733459473]}}