{"motor_position": {"axis_1_motor_position": 55667, "axis_2_motor_position": 47672}, "target_name": "solar_tower_juelich_upper", "sun_elevation": 28.248371666268763, "sun_azimuth": 24.39406095664114, "focal_spot": {"HeliOS": [50.91339203124459, 6.387819683907049, 128.89186408889117], "UTIS": [50.91339205994827, 6.387819644454486, 128.87445449829102]}}