{"motor_position": {"axis_1_motor_position": 55375, "axis_2_motor_position": 64676}, "target_name": "solar_tower_juelich_upper", "sun_elevation": 25.560782844392158, "sun_azimuth": -33.85176028720556, "focal_spot": {"HeliOS": [50.91339203800338, 6.387817912461301, 130.20255439966724], "UTIS": [50.91339206819521, 6.387817165618219, 130.14694213867188]}}