{"motor_position": {"axis_1_motor_position": 56097, "axis_2_motor_position": 67822}, "target_name": "solar_tower_juelich_upper", "sun_elevation": 21.08382269735898, "sun_azimuth": -44.94474338402119, "focal_spot": {"HeliOS": [50.913392035051075, 6.387819599478298, 130.19763442657867], "UTIS": [50.91339206454853, 6.387818261720687, 130.1697120666504]}}