{"motor_position": {"axis_1_motor_position": 56703, "axis_2_motor_position": 69593}, "target_name": "solar_tower_juelich_upper", "sun_elevation": 17.9521109600127, "sun_azimuth": -51.15809173249505, "focal_spot": {"HeliOS": [50.91339203229221, 6.387821059278354, 130.12634409326523], "UTIS": [50.91339206088821, 6.387819361931835, 130.1412696838379]}}