{"motor_position": {"axis_1_motor_position": 57138, "axis_2_motor_position": 42254}, "target_name": "solar_tower_juelich_lower", "sun_elevation": 23.938704247389435, "sun_azimuth": 40.15158363778844, "focal_spot": {"HeliOS": [50.913392059552606, 6.3878164730487255, 121.39054452784094], "UTIS": [50.91339206667035, 6.387817623953085, 121.34622955322266]}}