{"motor_position": {"axis_1_motor_position": 56776, "axis_2_motor_position": 43626}, "target_name": "solar_tower_juelich_lower", "sun_elevation": 25.39369293302283, "sun_azimuth": 36.42001928335213, "focal_spot": {"HeliOS": [50.91339204997074, 6.387818970169971, 121.7875836852152], "UTIS": [50.9133920589768, 6.387819936455582, 121.74721908569336]}}