{"motor_position": {"axis_1_motor_position": 54549, "axis_2_motor_position": 56347}, "target_name": "solar_tower_juelich_upper", "sun_elevation": 31.82637005692695, "sun_azimuth": -4.254251455627892, "focal_spot": {"HeliOS": [50.91339202880325, 6.387823073339217, 130.13909574546463], "UTIS": [50.913392049378125, 6.387822821569865, 130.09375]}}