{"motor_position": {"axis_1_motor_position": 54671, "axis_2_motor_position": 53627}, "target_name": "solar_tower_juelich_upper", "sun_elevation": 31.775540889507063, "sun_azimuth": 5.202326453778465, "focal_spot": {"HeliOS": [50.913392026753925, 6.387824016027259, 130.02443115965866], "UTIS": [50.91339204630121, 6.387823746409499, 129.98467254638672]}}