{"motor_position": {"axis_1_motor_position": 54555, "axis_2_motor_position": 59065}, "target_name": "solar_tower_juelich_upper", "sun_elevation": 31.000491936948556, "sun_azimuth": -13.94364453678587, "focal_spot": {"HeliOS": [50.91339202722098, 6.387824153933772, 130.2278134113924], "UTIS": [50.91339204609859, 6.387823807307471, 130.17396545410156]}}