{"motor_position": {"axis_1_motor_position": 54749, "axis_2_motor_position": 62244}, "target_name": "solar_tower_juelich_upper", "sun_elevation": 28.84600668525227, "sun_azimuth": -25.370469689476508, "focal_spot": {"HeliOS": [50.9133920267475, 6.387824575695872, 130.30063349805098], "UTIS": [50.91339204529831, 6.387824047855136, 130.25238037109375]}}