{"motor_position": {"axis_1_motor_position": 55274, "axis_2_motor_position": 65790}, "target_name": "solar_tower_juelich_upper", "sun_elevation": 24.859023799142246, "sun_azimuth": -38.043796439248155, "focal_spot": {"HeliOS": [50.913392028825854, 6.387823208284263, 130.21638572434557], "UTIS": [50.91339204878893, 6.3878229986634985, 130.17295455932617]}}