{"motor_position": {"axis_1_motor_position": 44072, "axis_2_motor_position": 43174}, "target_name": "solar_tower_juelich_upper", "sun_elevation": 49.826417200042286, "sun_azimuth": 54.599554429003405, "focal_spot": {"HeliOS": [50.91339201856359, 6.387830943375343, 130.91799209881475], "UTIS": [50.91339202103263, 6.38783134137709, 131.0026969909668]}}