{"motor_position": {"axis_1_motor_position": 43913, "axis_2_motor_position": 45560}, "target_name": "solar_tower_juelich_upper", "sun_elevation": 52.919474685908845, "sun_azimuth": 46.488735976337594, "focal_spot": {"HeliOS": [50.913392013144055, 6.387835129708142, 131.18852223736886], "UTIS": [50.91339200727387, 6.38783547678123, 131.24591445922852]}}