{"motor_position": {"axis_1_motor_position": 44537, "axis_2_motor_position": 49067}, "target_name": "solar_tower_juelich_lower", "sun_elevation": 56.847786362234984, "sun_azimuth": 33.76736870962133, "focal_spot": {"HeliOS": [50.91339205645922, 6.387812417168053, 124.11418917235224], "UTIS": [50.91339208420109, 6.387812354576767, 124.1117172241211]}}