{"motor_position": {"axis_1_motor_position": 43899, "axis_2_motor_position": 62150}, "target_name": "solar_tower_juelich_lower", "sun_elevation": 56.5046425480602, "sun_azimuth": -35.35595904451646, "focal_spot": {"HeliOS": [50.91339203971486, 6.387819421060865, 123.63456928171128], "UTIS": [50.913392062970935, 6.387818735913976, 123.6032943725586]}}