{"motor_position": {"axis_1_motor_position": 43880, "axis_2_motor_position": 52227}, "target_name": "solar_tower_juelich_lower", "sun_elevation": 59.861205227137724, "sun_azimuth": 18.452403278715913, "focal_spot": {"HeliOS": [50.91339199930975, 6.387833531452623, 124.01857467715864], "UTIS": [50.913392012314624, 6.387833961708588, 123.92875289916992]}}