{"motor_position": {"axis_1_motor_position": 44443, "axis_2_motor_position": 48540}, "target_name": "solar_tower_juelich_lower", "sun_elevation": 56.7769779276148, "sun_azimuth": 36.2975332790266, "focal_spot": {"HeliOS": [50.91339203814214, 6.3878202393725525, 123.4855389574552], "UTIS": [50.91339205820092, 6.387820169660507, 123.4050636291504]}}