{"motor_position": {"axis_1_motor_position": 44466, "axis_2_motor_position": 47819}, "target_name": "solar_tower_juelich_lower", "sun_elevation": 56.026605246762486, "sun_azimuth": 39.25969632338929, "focal_spot": {"HeliOS": [50.91339203307264, 6.387821654569561, 123.72957859950164], "UTIS": [50.9133920547698, 6.387821200973281, 123.66240310668944]}}