{"motor_position": {"axis_1_motor_position": 44454, "axis_2_motor_position": 48132}, "target_name": "solar_tower_juelich_lower", "sun_elevation": 56.366088903481085, "sun_azimuth": 37.95618781806988, "focal_spot": {"HeliOS": [50.913392033901125, 6.387821498984657, 123.64233764523873], "UTIS": [50.91339205509353, 6.3878211036667025, 123.5637435913086]}}