{"motor_position": {"axis_1_motor_position": 43886, "axis_2_motor_position": 52073}, "target_name": "solar_tower_juelich_lower", "sun_elevation": 59.77196586319261, "sun_azimuth": 19.240486137142963, "focal_spot": {"HeliOS": [50.91339199883866, 6.387833673359085, 124.04609812731807], "UTIS": [50.91339201254691, 6.387833891888135, 123.97573852539062]}}