{"motor_position": {"axis_1_motor_position": 43874, "axis_2_motor_position": 52362}, "target_name": "solar_tower_juelich_lower", "sun_elevation": 59.93675508878474, "sun_azimuth": 17.755856569589454, "focal_spot": {"HeliOS": [50.913391998804066, 6.387833738259721, 123.99895039951632], "UTIS": [50.91339201176373, 6.387834127289779, 123.92004776000977]}}