{"motor_position": {"axis_1_motor_position": 44061, "axis_2_motor_position": 40292}, "target_name": "solar_tower_juelich_lower", "sun_elevation": 47.13430192578278, "sun_azimuth": 65.81648295587378, "focal_spot": {"HeliOS": [50.91339199624905, 6.387835162153104, 123.52808332638536], "UTIS": [50.91339200703092, 6.387835549801844, 123.39296340942384]}}