{"motor_position": {"axis_1_motor_position": 42775, "axis_2_motor_position": 49693}, "target_name": "solar_tower_juelich_upper", "sun_elevation": 59.367073280807176, "sun_azimuth": 31.579426127212876, "focal_spot": {"HeliOS": [50.913392011314066, 6.38783512016845, 130.83325981125668], "UTIS": [50.91339200900903, 6.387834955249972, 130.92911529541016]}}