{"motor_position": {"axis_1_motor_position": 42488, "axis_2_motor_position": 54361}, "target_name": "solar_tower_juelich_upper", "sun_elevation": 62.27414581582686, "sun_azimuth": 6.782695314267029, "focal_spot": {"HeliOS": [50.9133920142979, 6.387833549049256, 130.91446515882825], "UTIS": [50.91339201376033, 6.387833527181698, 131.0117416381836]}}