{"motor_position": {"axis_1_motor_position": 43448, "axis_2_motor_position": 36774}, "target_name": "solar_tower_juelich_upper", "sun_elevation": 41.93129192730729, "sun_azimuth": 74.89093849215458, "focal_spot": {"HeliOS": [50.913392010662946, 6.387832842725796, 129.92527210993828], "UTIS": [50.91339201334084, 6.3878336532626, 130.00748825073242]}}