{"motor_position": {"axis_1_motor_position": 42336, "axis_2_motor_position": 56285}, "target_name": "solar_tower_juelich_upper", "sun_elevation": 62.45213624378623, "sun_azimuth": -4.833924885628185, "focal_spot": {"HeliOS": [50.91339200783634, 6.387837594848044, 130.93882637700233], "UTIS": [50.91339199909987, 6.387837933579095, 131.09219360351562]}}