{"motor_position": {"axis_1_motor_position": 42077, "axis_2_motor_position": 60959}, "target_name": "solar_tower_juelich_upper", "sun_elevation": 59.56136038008977, "sun_azimuth": -31.768464946153216, "focal_spot": {"HeliOS": [50.91339201702097, 6.387831305689434, 130.7112269063885], "UTIS": [50.91339202343234, 6.387830620103606, 130.85247802734375]}}