{"motor_position": {"axis_1_motor_position": 42001, "axis_2_motor_position": 62227}, "target_name": "solar_tower_juelich_upper", "sun_elevation": 58.06520863629102, "sun_azimuth": -38.483402123486, "focal_spot": {"HeliOS": [50.913392016456456, 6.38783154827292, 130.67647925385057], "UTIS": [50.913392023157705, 6.387830702646732, 130.7698974609375]}}