{"motor_position": {"axis_1_motor_position": 42891, "axis_2_motor_position": 47999}, "target_name": "solar_tower_juelich_upper", "sun_elevation": 57.59732742141424, "sun_azimuth": 39.23017964361087, "focal_spot": {"HeliOS": [50.913392011914674, 6.387834396848119, 130.71753013770248], "UTIS": [50.913392007910396, 6.3878352854665446, 130.87804412841797]}}