{"motor_position": {"axis_1_motor_position": 44364, "axis_2_motor_position": 39912}, "target_name": "solar_tower_juelich_lower", "sun_elevation": 46.20772906238737, "sun_azimuth": 66.22137263735043, "focal_spot": {"HeliOS": [50.913392003009115, 6.387832863909211, 123.41959298905556], "UTIS": [50.91339200920056, 6.387834897684371, 123.30951690673828]}}