{"motor_position": {"axis_1_motor_position": 44397, "axis_2_motor_position": 39484}, "target_name": "solar_tower_juelich_lower", "sun_elevation": 45.57584218998614, "sun_azimuth": 67.34861792049276, "focal_spot": {"HeliOS": [50.91339200224116, 6.38783316161149, 123.39768544021835], "UTIS": [50.913392008331975, 6.3878351587517095, 123.28607559204102]}}