{"motor_position": {"axis_1_motor_position": 43909, "axis_2_motor_position": 46337}, "target_name": "solar_tower_juelich_lower", "sun_elevation": 55.06382234051745, "sun_azimuth": 45.72351451303117, "focal_spot": {"HeliOS": [50.913392008515025, 6.387830480021277, 123.76545233009388], "UTIS": [50.913392018005794, 6.38783225114139, 123.6682472229004]}}