{"motor_position": {"axis_1_motor_position": 43328, "axis_2_motor_position": 56473}, "target_name": "solar_tower_juelich_lower", "sun_elevation": 61.60791748868827, "sun_azimuth": -4.839722164450617, "focal_spot": {"HeliOS": [50.913392006298224, 6.38783080940333, 124.15084134016648], "UTIS": [50.91339201683959, 6.387832601660675, 124.10987854003906]}}