{"motor_position": {"axis_1_motor_position": 46060, "axis_2_motor_position": 44409}, "target_name": "solar_tower_juelich_lower", "sun_elevation": 49.05934767702852, "sun_azimuth": 47.9671122525894, "focal_spot": {"HeliOS": [50.91339200733686, 6.387830862687346, 123.80107342025798], "UTIS": [50.91339202153851, 6.387831189322001, 123.7121467590332]}}