{"motor_position": {"axis_1_motor_position": 45581, "axis_2_motor_position": 50355}, "target_name": "solar_tower_juelich_lower", "sun_elevation": 55.083101657469804, "sun_azimuth": 25.038489094606717, "focal_spot": {"HeliOS": [50.913392009913224, 6.387829488109979, 124.14326178003392], "UTIS": [50.91339202576649, 6.387829918532806, 124.12478637695312]}}