{"motor_position": {"axis_1_motor_position": 45299, "axis_2_motor_position": 55056}, "target_name": "solar_tower_juelich_lower", "sun_elevation": 57.08766432415954, "sun_azimuth": 2.3877552617222553, "focal_spot": {"HeliOS": [50.91339200551069, 6.387830803784632, 124.38757091865202], "UTIS": [50.913392023368864, 6.387830639182529, 124.37734985351562]}}