{"motor_position": {"axis_1_motor_position": 44091, "axis_2_motor_position": 67744}, "target_name": "multi_focus_tower", "sun_elevation": 43.99932334533658, "sun_azimuth": -53.26261399771422, "focal_spot": {"HeliOS": [50.913396437947206, 6.387578105679339, 139.6168628547135], "UTIS": [50.91339644500376, 6.387576882372713, 139.58638763427734]}}