{"motor_position": {"axis_1_motor_position": 41442, "axis_2_motor_position": 41114}, "target_name": "multi_focus_tower", "sun_elevation": 40.79632590737826, "sun_azimuth": 59.383131957343345, "focal_spot": {"HeliOS": [50.91339644809283, 6.387575221136859, 138.882205632541], "UTIS": [50.91339645243794, 6.387574646436498, 138.8364219665527]}}