{"motor_position": {"axis_1_motor_position": 46945, "axis_2_motor_position": 56763}, "target_name": "solar_tower_juelich_lower", "sun_elevation": 53.019385663065634, "sun_azimuth": -5.898021979054461, "focal_spot": {"HeliOS": [50.913392034688755, 6.387822051297032, 123.1248096952016], "UTIS": [50.91339205333626, 6.387821631855922, 123.01550674438477]}}