{"motor_position": {"axis_1_motor_position": 48378, "axis_2_motor_position": 33461}, "target_name": "multi_focus_tower", "sun_elevation": 27.480989022983557, "sun_azimuth": 74.75457917605061, "focal_spot": {"HeliOS": [50.91339645093151, 6.387574571154742, 139.73025154670287], "UTIS": [50.91339645371258, 6.387574263068059, 139.73779296875]}}