{"motor_position": {"axis_1_motor_position": 51723, "axis_2_motor_position": 28914}, "target_name": "solar_tower_juelich_lower", "sun_elevation": 23.0572648726426, "sun_azimuth": 80.80455901610864, "focal_spot": {"HeliOS": [50.913392031841724, 6.387824608413004, 122.06206557723982], "UTIS": [50.913392045998975, 6.387823837254737, 121.96266555786131]}}