{"motor_position": {"axis_1_motor_position": 51170, "axis_2_motor_position": 30599}, "target_name": "solar_tower_juelich_lower", "sun_elevation": 25.52980281200666, "sun_azimuth": 77.47865651108741, "focal_spot": {"HeliOS": [50.91339202302098, 6.387826757484085, 122.68347909637124], "UTIS": [50.91339203568129, 6.387826938454438, 122.60022735595705]}}