{"motor_position": {"axis_1_motor_position": 47871, "axis_2_motor_position": 36185}, "target_name": "multi_focus_tower", "sun_elevation": 31.483377005041824, "sun_azimuth": 68.80043573185168, "focal_spot": {"HeliOS": [50.91339645020623, 6.387574830260868, 140.09353144880686], "UTIS": [50.91339645291945, 6.387574501615652, 140.08367538452148]}}