{"motor_position": {"axis_1_motor_position": 45698, "axis_2_motor_position": 65699}, "target_name": "multi_focus_tower", "sun_elevation": 44.310791882075776, "sun_azimuth": -42.484948781740016, "focal_spot": {"HeliOS": [50.91339644899281, 6.3875751293695435, 139.93685071767706], "UTIS": [50.913396453689586, 6.387574269983658, 139.90257263183594]}}