{"motor_position": {"axis_1_motor_position": 45803, "axis_2_motor_position": 68959}, "target_name": "multi_focus_tower", "sun_elevation": 38.830194842037976, "sun_azimuth": -55.622737900861885, "focal_spot": {"HeliOS": [50.91339643560232, 6.387578765279361, 139.41313450822062], "UTIS": [50.91339644410358, 6.387577153111758, 139.3775749206543]}}