{"motor_position": {"axis_1_motor_position": 46047, "axis_2_motor_position": 72244}, "target_name": "multi_focus_tower", "sun_elevation": 31.915513147839075, "sun_azimuth": -67.92589082298942, "focal_spot": {"HeliOS": [50.91339640664613, 6.3875872131785805, 138.7760852538449], "UTIS": [50.9133964205483, 6.387584237617318, 138.7288360595703]}}