{"motor_position": {"axis_1_motor_position": 45911, "axis_2_motor_position": 70653}, "target_name": "multi_focus_tower", "sun_elevation": 35.428581702202564, "sun_azimuth": -62.066542355049464, "focal_spot": {"HeliOS": [50.913396419745894, 6.387583317946839, 139.02191558732665], "UTIS": [50.9133964315253, 6.387580936190215, 138.97601318359375]}}