{"motor_position": {"axis_1_motor_position": 46204, "axis_2_motor_position": 73714}, "target_name": "multi_focus_tower", "sun_elevation": 28.432294579760274, "sun_azimuth": -73.18579936758553, "focal_spot": {"HeliOS": [50.913396410044086, 6.387586353062527, 138.57409929356083], "UTIS": [50.91339642433078, 6.387583100014327, 138.5043182373047]}}