{"motor_position": {"axis_1_motor_position": 47323, "axis_2_motor_position": 42233}, "target_name": "multi_focus_tower", "sun_elevation": 39.3191094519324, "sun_azimuth": 53.12860858321356, "focal_spot": {"HeliOS": [50.91339648843111, 6.387564815551931, 140.26614668807926], "UTIS": [50.91339648304603, 6.38756544046826, 140.2371482849121]}}