{"motor_position": {"axis_1_motor_position": 46803, "axis_2_motor_position": 48717}, "target_name": "multi_focus_tower", "sun_elevation": 46.69674092116526, "sun_azimuth": 32.1725888975624, "focal_spot": {"HeliOS": [50.913396464563064, 6.387570565142398, 139.05480935034512], "UTIS": [50.91339646664179, 6.387570374384285, 139.01829528808594]}}