{"motor_position": {"axis_1_motor_position": 48888, "axis_2_motor_position": 62557}, "target_name": "solar_tower_juelich_lower", "sun_elevation": 44.76604512607687, "sun_azimuth": -30.863204317069375, "focal_spot": {"HeliOS": [50.913392038722435, 6.387822108711681, 122.18793412857372]}}