{"motor_position": {"axis_1_motor_position": 48714, "axis_2_motor_position": 63412}, "target_name": "solar_tower_juelich_lower", "sun_elevation": 43.7718571931311, "sun_azimuth": -34.62285613013418, "focal_spot": {"HeliOS": [50.913392025775224, 6.387823621854563, 124.1606527307247], "UTIS": [50.91339204938275, 6.387822820179966, 124.1798095703125]}}