{"motor_position": {"axis_1_motor_position": 48933, "axis_2_motor_position": 66670}, "target_name": "solar_tower_juelich_lower", "sun_elevation": 39.247417012949185, "sun_azimuth": -47.650474708929785, "focal_spot": {"HeliOS": [50.91339201850666, 6.387826590860537, 123.95887777805376], "UTIS": [50.91339203885679, 6.3878259839861995, 123.9083480834961]}}