{"motor_position": {"axis_1_motor_position": 49010, "axis_2_motor_position": 67399}, "target_name": "solar_tower_juelich_lower", "sun_elevation": 38.0435121777361, "sun_azimuth": -50.44325812690404, "focal_spot": {"HeliOS": [50.91339201606929, 6.387827676012253, 123.8172739828204], "UTIS": [50.91339203485333, 6.387827187314385, 123.78369903564452]}}