{"motor_position": {"axis_1_motor_position": 49083, "axis_2_motor_position": 68018}, "target_name": "solar_tower_juelich_lower", "sun_elevation": 36.96946038719003, "sun_azimuth": -52.77928871119651, "focal_spot": {"HeliOS": [50.91339201809701, 6.387827084544748, 123.71442869991856], "UTIS": [50.91339203807054, 6.387826220309922, 123.6869659423828]}}