{"motor_position": {"axis_1_motor_position": 49171, "axis_2_motor_position": 68669}, "target_name": "solar_tower_juelich_lower", "sun_elevation": 35.78879345369807, "sun_azimuth": -55.204324352428124, "focal_spot": {"HeliOS": [50.91339201583999, 6.387827946426829, 123.6795375983208], "UTIS": [50.913392035048076, 6.387827128775854, 123.65511322021484]}}