{"motor_position": {"axis_1_motor_position": 50979, "axis_2_motor_position": 38780}, "target_name": "solar_tower_juelich_lower", "sun_elevation": 34.29740889051712, "sun_azimuth": 56.67699881729506, "focal_spot": {"HeliOS": [50.913392023355044, 6.387825609226422, 123.4248323788464], "UTIS": [50.9133920406307, 6.387825450800121, 123.29156112670898]}}