{"motor_position": {"axis_1_motor_position": 50083, "axis_2_motor_position": 44034}, "target_name": "solar_tower_juelich_lower", "sun_elevation": 40.669716602498596, "sun_azimuth": 42.08799751596429, "focal_spot": {"HeliOS": [50.913392019975255, 6.387825922801211, 124.04924011750307], "UTIS": [50.913392039675344, 6.387825737953513, 123.89044570922852]}}