{"motor_position": {"axis_1_motor_position": 49698, "axis_2_motor_position": 47022}, "target_name": "solar_tower_juelich_lower", "sun_elevation": 43.68791027212426, "sun_azimuth": 32.3060438138235, "focal_spot": {"HeliOS": [50.91339200080799, 6.387832605025878, 124.3449211254276], "UTIS": [50.913392018640614, 6.387832060335205, 124.32658386230467]}}