{"motor_position": {"axis_1_motor_position": 50954, "axis_2_motor_position": 50691}, "target_name": "solar_tower_juelich_lower", "sun_elevation": 44.87626645985157, "sun_azimuth": 19.08801212624048, "focal_spot": {"HeliOS": [50.91339208324624, 6.387802434422052, 124.16849972384162], "UTIS": [50.91339212075754, 6.3878013662286675, 124.0920639038086]}}