{"motor_position": {"axis_1_motor_position": 50725, "axis_2_motor_position": 54052}, "target_name": "solar_tower_juelich_lower", "sun_elevation": 46.16069686526727, "sun_azimuth": 5.638750112918018, "focal_spot": {"HeliOS": [50.91339206757775, 6.387808128661115, 124.2024571880585], "UTIS": [50.913392102179564, 6.3878069505428385, 124.11767578125]}}