{"motor_position": {"axis_1_motor_position": 51897, "axis_2_motor_position": 72789}, "target_name": "solar_tower_juelich_lower", "sun_elevation": 25.52971448777145, "sun_azimuth": -68.32342490499128, "focal_spot": {"HeliOS": [50.91339210538351, 6.38779173023532, 125.00274053354836], "UTIS": [50.91339215190768, 6.387792002701082, 124.86063766479492]}}