{"motor_position": {"axis_1_motor_position": 52466, "axis_2_motor_position": 33106}, "target_name": "multi_focus_tower", "sun_elevation": 22.903330330539184, "sun_azimuth": 71.74602841142482, "focal_spot": {"HeliOS": [50.91339646585279, 6.3875700802991435, 138.81658832060043], "UTIS": [50.91339646733377, 6.3875701662653395, 138.7679443359375]}}