{"motor_position": {"axis_1_motor_position": 51995, "axis_2_motor_position": 34779}, "target_name": "multi_focus_tower", "sun_elevation": 25.399931562229455, "sun_azimuth": 68.04888703212417, "focal_spot": {"HeliOS": [50.91339643417908, 6.387579190657373, 139.15018418813074], "UTIS": [50.913396442189, 6.3875777289508955, 139.0967025756836]}}