{"motor_position": {"axis_1_motor_position": 51880, "axis_2_motor_position": 35253}, "target_name": "multi_focus_tower", "sun_elevation": 26.072987089289523, "sun_azimuth": 67.01444394492916, "focal_spot": {"HeliOS": [50.913396435687524, 6.387578760934404, 139.19146082490158], "UTIS": [50.91339644361721, 6.387577299397083, 139.1448631286621]}}