{"motor_position": {"axis_1_motor_position": 52026, "axis_2_motor_position": 43587}, "target_name": "solar_tower_juelich_lower", "sun_elevation": 38.60653890460917, "sun_azimuth": 42.21502249195114, "focal_spot": {"HeliOS": [50.913391995278005, 6.387835856218564, 123.17674554466024], "UTIS": [50.91339200549943, 6.387836010106297, 123.07125854492188]}}