{"motor_position": {"axis_1_motor_position": 52249, "axis_2_motor_position": 33816}, "target_name": "multi_focus_tower", "sun_elevation": 24.007503925556126, "sun_azimuth": 70.13625271205316, "focal_spot": {"HeliOS": [50.91339643658649, 6.387578520158187, 139.0208313544856], "UTIS": [50.91339644307582, 6.387577462225613, 138.97292709350586]}}