{"motor_position": {"axis_1_motor_position": 51753, "axis_2_motor_position": 35792}, "target_name": "multi_focus_tower", "sun_elevation": 26.846144583411938, "sun_azimuth": 65.80362427707732, "focal_spot": {"HeliOS": [50.91339643381908, 6.387579281562488, 139.23714643831943], "UTIS": [50.91339644253859, 6.387577623806624, 139.19124221801758]}}