{"motor_position": {"axis_1_motor_position": 52471, "axis_2_motor_position": 40545}, "target_name": "solar_tower_juelich_lower", "sun_elevation": 35.0087378615997, "sun_azimuth": 50.89603590842329, "focal_spot": {"HeliOS": [50.913392032314405, 6.387822281523483, 123.51037441149325], "UTIS": [50.91339205190014, 6.387822063518263, 123.4380111694336]}}