{"motor_position": {"axis_1_motor_position": 52235, "axis_2_motor_position": 33688}, "target_name": "multi_focus_tower", "sun_elevation": 23.721346607195937, "sun_azimuth": 70.55708951834947, "focal_spot": {"HeliOS": [50.91339648276279, 6.38756569767712, 139.44015244474605], "UTIS": [50.913396479637775, 6.38756646557746, 139.4082260131836]}}