{"motor_position": {"axis_1_motor_position": 51691, "axis_2_motor_position": 46129}, "target_name": "solar_tower_juelich_lower", "sun_elevation": 41.16605687744906, "sun_azimuth": 34.396750086502564, "focal_spot": {"HeliOS": [50.91339200866362, 6.3878312866291935, 123.0510954869502], "UTIS": [50.913392021093216, 6.387831323166007, 122.94791793823242]}}