{"motor_position": {"axis_1_motor_position": 51402, "axis_2_motor_position": 48792}, "target_name": "solar_tower_juelich_lower", "sun_elevation": 43.387827355416, "sun_azimuth": 25.3552141237, "focal_spot": {"HeliOS": [50.91339201097985, 6.387830599717404, 122.94681637238529], "UTIS": [50.91339202366333, 6.387830550679784, 122.88070678710938]}}