{"motor_position": {"axis_1_motor_position": 51160, "axis_2_motor_position": 51673}, "target_name": "solar_tower_juelich_lower", "sun_elevation": 45.08024005663802, "sun_azimuth": 14.698602522834516, "focal_spot": {"HeliOS": [50.91339201317587, 6.387829866695679, 122.9198329858427], "UTIS": [50.913392026474, 6.387829705881456, 122.81181716918944]}}