{"motor_position": {"axis_1_motor_position": 50947, "axis_2_motor_position": 56007}, "target_name": "solar_tower_juelich_lower", "sun_elevation": 45.87737417808688, "sun_azimuth": -2.7871258982381537, "focal_spot": {"HeliOS": [50.913392011560006, 6.387830805227798, 122.60169593790307], "UTIS": [50.9133920234942, 6.387830601509453, 122.54093933105467]}}