{"motor_position": {"axis_1_motor_position": 50902, "axis_2_motor_position": 59973}, "target_name": "solar_tower_juelich_lower", "sun_elevation": 44.423763530079185, "sun_azimuth": -19.39119614755695, "focal_spot": {"HeliOS": [50.91339202087031, 6.387827919555949, 122.3583265368316]}}