{"motor_position": {"axis_1_motor_position": 51041, "axis_2_motor_position": 64375}, "target_name": "solar_tower_juelich_lower", "sun_elevation": 40.19472288552587, "sun_azimuth": -37.39713474153428, "focal_spot": {"HeliOS": [50.91339201670751, 6.387829115262981, 122.5379424510079], "UTIS": [50.91339202959061, 6.387828769122581, 122.44135665893556]}}