{"motor_position": {"axis_1_motor_position": 50948, "axis_2_motor_position": 62406}, "target_name": "solar_tower_juelich_lower", "sun_elevation": 42.41742008696295, "sun_azimuth": -29.497313458065573, "focal_spot": {"HeliOS": [50.91339201152026, 6.3878309962969935, 122.44820428789856], "UTIS": [50.913392023544695, 6.38783058633242, 122.37087631225586]}}