{"motor_position": {"axis_1_motor_position": 51227, "axis_2_motor_position": 66455}, "target_name": "solar_tower_juelich_lower", "sun_elevation": 37.26815392338644, "sun_azimuth": -45.483350519161995, "focal_spot": {"HeliOS": [50.91339200641912, 6.387832653239263, 122.52661414365322], "UTIS": [50.91339201701149, 6.387832549997065, 122.36712646484376]}}