{"motor_position": {"axis_1_motor_position": 49410, "axis_2_motor_position": 68871}, "target_name": "multi_focus_tower", "sun_elevation": 34.48188256504212, "sun_azimuth": -51.815999639683085, "focal_spot": {"HeliOS": [50.91339646259282, 6.387570959672924, 138.67582120807785], "UTIS": [50.91339646591603, 6.3875705926732325, 138.62630462646484]}}