{"motor_position": {"axis_1_motor_position": 49570, "axis_2_motor_position": 70510}, "target_name": "multi_focus_tower", "sun_elevation": 31.267884139072837, "sun_azimuth": -58.09818824883623, "focal_spot": {"HeliOS": [50.9133964273907, 6.3875810867692095, 139.23677653060898], "UTIS": [50.91339643529192, 6.387579803333223, 139.20307159423828]}}