{"motor_position": {"axis_1_motor_position": 49865, "axis_2_motor_position": 72057}, "target_name": "multi_focus_tower", "sun_elevation": 27.99944515156123, "sun_azimuth": -63.73196417663312, "focal_spot": {"HeliOS": [50.91339642103759, 6.387583022227894, 138.83127174450212], "UTIS": [50.913396430954045, 6.387581107995469, 138.7734832763672]}}