{"motor_position": {"axis_1_motor_position": 50198, "axis_2_motor_position": 73420}, "target_name": "multi_focus_tower", "sun_elevation": 24.87010596504572, "sun_azimuth": -68.62735187780066, "focal_spot": {"HeliOS": [50.913396423550964, 6.387582427422792, 138.45173399545868], "UTIS": [50.913396433462694, 6.387580353489712, 138.41431427001953]}}