{"motor_position": {"axis_1_motor_position": 50119, "axis_2_motor_position": 53650}, "target_name": "multi_focus_tower", "sun_elevation": 41.70696652824847, "sun_azimuth": 10.227857108752458, "focal_spot": {"HeliOS": [50.9133964272531, 6.3875811823496615, 139.0092976557001], "UTIS": [50.913396433847915, 6.387580237633038, 138.97026824951172]}}