{"motor_position": {"axis_1_motor_position": 52024, "axis_2_motor_position": 58509}, "target_name": "solar_tower_juelich_lower", "sun_elevation": 39.911446564597604, "sun_azimuth": -12.546852726556894, "focal_spot": {"HeliOS": [50.913392014505355, 6.387830326390871, 122.1515339538482], "UTIS": [50.913392022983665, 6.38783075495783, 122.0696792602539]}}