{"motor_position": {"axis_1_motor_position": 53893, "axis_2_motor_position": 41088}, "target_name": "solar_tower_juelich_lower", "sun_elevation": 30.587920347413856, "sun_azimuth": 46.326582432990975, "focal_spot": {"HeliOS": [50.91339203159294, 6.387823684815562, 122.76261873598988], "UTIS": [50.91339204759536, 6.387823357420486, 122.6226577758789]}}