{"motor_position": {"axis_1_motor_position": 53363, "axis_2_motor_position": 69656}, "target_name": "solar_tower_juelich_lower", "sun_elevation": 26.5690736966592, "sun_azimuth": -54.36522068369621, "focal_spot": {"HeliOS": [50.91339203471085, 6.3878224292974375, 122.87766450070552], "UTIS": [50.91339205442525, 6.3878213045378, 122.71290588378906]}}