{"motor_position": {"axis_1_motor_position": 53356, "axis_2_motor_position": 44020}, "target_name": "solar_tower_juelich_lower", "sun_elevation": 33.805340046977705, "sun_azimuth": 38.17307303185829, "focal_spot": {"HeliOS": [50.913392030557155, 6.387824316677645, 122.57455193213772], "UTIS": [50.91339204557286, 6.38782396532896, 122.4096565246582]}}