{"motor_position": {"axis_1_motor_position": 56588, "axis_2_motor_position": 33457}, "target_name": "solar_tower_juelich_lower", "sun_elevation": 19.91810084284195, "sun_azimuth": 64.28102486162797, "focal_spot": {"HeliOS": [50.91339203275865, 6.387822773969087, 123.0962262043962], "UTIS": [50.91339205143444, 6.387822203498169, 122.9897346496582]}}