{"motor_position": {"axis_1_motor_position": 55216, "axis_2_motor_position": 73890}, "target_name": "solar_tower_juelich_lower", "sun_elevation": 17.493033342037226, "sun_azimuth": -69.07547025724223, "focal_spot": {"HeliOS": [50.91339208264457, 6.387808867527637, 121.42347593177836], "UTIS": [50.913392102418925, 6.387806878593464, 121.3408660888672]}}