{"motor_position": {"axis_1_motor_position": 52452, "axis_2_motor_position": 64640}, "target_name": "solar_tower_juelich_lower", "sun_elevation": 34.483995167644636, "sun_azimuth": -35.97142094678244, "focal_spot": {"HeliOS": [50.91339205558115, 6.387815690307575, 122.59584260350864], "UTIS": [50.91339207997136, 6.38781362594905, 122.60591506958008]}}