{"motor_position": {"axis_1_motor_position": 55791, "axis_2_motor_position": 35382}, "target_name": "solar_tower_juelich_lower", "sun_elevation": 22.624855557015, "sun_azimuth": 59.933407175869085, "focal_spot": {"HeliOS": [50.91339201621371, 6.387826697288842, 124.47114398636027], "UTIS": [50.91339203800129, 6.387826241124527, 124.4480323791504]}}