{"motor_position": {"axis_1_motor_position": 53463, "axis_2_motor_position": 46992}, "target_name": "solar_tower_juelich_lower", "sun_elevation": 35.7822590955428, "sun_azimuth": 28.94840302278225, "focal_spot": {"HeliOS": [50.913392031183825, 6.387823476389348, 122.99738601041744], "UTIS": [50.9133920473699, 6.3878234251866, 122.85775375366212]}}