{"motor_position": {"axis_1_motor_position": 53136, "axis_2_motor_position": 49688}, "target_name": "solar_tower_juelich_lower", "sun_elevation": 37.69297927032411, "sun_azimuth": 20.115722151762313, "focal_spot": {"HeliOS": [50.913392028406165, 6.387824363034297, 123.0548627164282], "UTIS": [50.91339204400781, 6.38782443574579, 122.90896606445312]}}