{"motor_position": {"axis_1_motor_position": 52962, "axis_2_motor_position": 55300}, "target_name": "solar_tower_juelich_lower", "sun_elevation": 38.25193236656785, "sun_azimuth": -0.23384300821133536, "focal_spot": {"HeliOS": [50.913392007032776, 6.3878323615074, 122.60118220799188], "UTIS": [50.913392015458726, 6.387833016701842, 122.40648651123048]}}