{"motor_position": {"axis_1_motor_position": 53136, "axis_2_motor_position": 52453}, "target_name": "solar_tower_juelich_lower", "sun_elevation": 37.82136731659899, "sun_azimuth": 10.071286489197764, "focal_spot": {"HeliOS": [50.91339199556642, 6.387836481562257, 122.405636054119], "UTIS": [50.913392003093406, 6.387836733271403, 122.21864318847656]}}