{"motor_position": {"axis_1_motor_position": 52806, "axis_2_motor_position": 61290}, "target_name": "solar_tower_juelich_upper", "sun_elevation": 35.49531133224593, "sun_azimuth": -23.04434547983773, "focal_spot": {"HeliOS": [50.913392032463385, 6.387821064142441, 130.1858677510351], "UTIS": [50.91339205889817, 6.387819960083886, 130.19573211669922]}}