{"motor_position": {"axis_1_motor_position": 55093, "axis_2_motor_position": 41757}, "target_name": "multi_focus_tower", "sun_elevation": 24.118736899160652, "sun_azimuth": 45.264968460749394, "focal_spot": {"HeliOS": [50.913396449173376, 6.387574605414756, 137.27888796866137], "UTIS": [50.91339645647069, 6.387573433521238, 137.40824127197266]}}