{"motor_position": {"axis_1_motor_position": 54610, "axis_2_motor_position": 66370}, "target_name": "solar_tower_juelich_upper", "sun_elevation": 26.003241909571088, "sun_azimuth": -40.70144375047028, "focal_spot": {"HeliOS": [50.91339203484825, 6.387820235386733, 130.51066128040534], "UTIS": [50.91339206323295, 6.3878186571574815, 130.6863670349121]}}