{"motor_position": {"axis_1_motor_position": 56154, "axis_2_motor_position": 47319}, "target_name": "solar_tower_juelich_upper", "sun_elevation": 27.162199023632017, "sun_azimuth": 25.14024127731613, "focal_spot": {"HeliOS": [50.91339201098403, 6.387829582445132, 128.65635140120116], "UTIS": [50.913392029650176, 6.387828751216597, 128.6624984741211]}}