{"motor_position": {"axis_1_motor_position": 55764, "axis_2_motor_position": 50006}, "target_name": "solar_tower_juelich_upper", "sun_elevation": 28.865738013312786, "sun_azimuth": 16.88437228241807, "focal_spot": {"HeliOS": [50.913392012393366, 6.387829590996434, 128.98581620180872], "UTIS": [50.91339202969388, 6.3878287380837335, 128.99648666381836]}}