{"motor_position": {"axis_1_motor_position": 56025, "axis_2_motor_position": 52966}, "target_name": "solar_tower_juelich_lower", "sun_elevation": 29.964277492908316, "sun_azimuth": 7.553641638897061, "focal_spot": {"HeliOS": [50.91339201956823, 6.387827601031144, 122.94900832307324], "UTIS": [50.91339203674448, 6.387826618885858, 122.82405853271484]}}