{"motor_position": {"axis_1_motor_position": 54620, "axis_2_motor_position": 61775}, "target_name": "multi_focus_tower", "sun_elevation": 27.93125508837985, "sun_azimuth": -19.8049741208547, "focal_spot": {"HeliOS": [50.91339646073949, 6.387571554072522, 138.8079918888379], "UTIS": [50.91339646345513, 6.387571332832503, 138.7621078491211]}}