{"motor_position": {"axis_1_motor_position": 54757, "axis_2_motor_position": 63438}, "target_name": "multi_focus_tower", "sun_elevation": 26.5672954040948, "sun_azimuth": -25.790667830223786, "focal_spot": {"HeliOS": [50.91339645616703, 6.387572914167475, 138.9316663333019], "UTIS": [50.91339646159936, 6.387571890989398, 138.88834381103516]}}