{"motor_position": {"axis_1_motor_position": 57087, "axis_2_motor_position": 67019}, "target_name": "solar_tower_juelich_lower", "sun_elevation": 21.161189547597886, "sun_azimuth": -41.41454334222118, "focal_spot": {"HeliOS": [50.913392041020565, 6.38781744691228, 124.46014524587504], "UTIS": [50.91339206887765, 6.387816960489281, 124.37291717529295]}}