{"motor_position": {"axis_1_motor_position": 57477, "axis_2_motor_position": 68292}, "target_name": "solar_tower_juelich_lower", "sun_elevation": 19.09983282492446, "sun_azimuth": -45.881324613452925, "focal_spot": {"HeliOS": [50.91339204171462, 6.387816981512872, 124.56778704895204], "UTIS": [50.91339207276389, 6.38781579236964, 124.49991226196288]}}