{"motor_position": {"axis_1_motor_position": 59045, "axis_2_motor_position": 42684}, "target_name": "solar_tower_juelich_upper", "sun_elevation": 17.772052891880595, "sun_azimuth": 37.04417414608955, "focal_spot": {"HeliOS": [50.913392034898976, 6.3878191813029455, 129.87469494924494], "UTIS": [50.91339206474094, 6.387818203894054, 129.91300582885742]}}