{"motor_position": {"axis_1_motor_position": 58384, "axis_2_motor_position": 45487}, "target_name": "solar_tower_juelich_upper", "sun_elevation": 20.502858708987308, "sun_azimuth": 29.42275271352261, "focal_spot": {"HeliOS": [50.91339203147022, 6.387821199546937, 129.93679825754296], "UTIS": [50.91339206020532, 6.387819567189593, 130.010498046875]}}