{"motor_position": {"axis_1_motor_position": 57909, "axis_2_motor_position": 64536}, "target_name": "solar_tower_juelich_upper", "sun_elevation": 19.605472545863663, "sun_azimuth": -31.97268417453321, "focal_spot": {"HeliOS": [50.91339203535544, 6.387820087186789, 130.5998847662155], "UTIS": [50.91339206120403, 6.387819267005036, 130.66450119018555]}}