{"motor_position": {"axis_1_motor_position": 56777, "axis_2_motor_position": 60849}, "target_name": "multi_focus_tower", "sun_elevation": 22.757328464550575, "sun_azimuth": -15.741827523201021, "focal_spot": {"HeliOS": [50.91339645873633, 6.387572149896368, 138.8542689721864], "UTIS": [50.91339646078226, 6.387572136750917, 138.7878189086914]}}