{"motor_position": {"axis_1_motor_position": 61287, "axis_2_motor_position": 61093}, "target_name": "solar_tower_juelich_lower", "sun_elevation": 13.701662248294703, "sun_azimuth": -18.819153268269634, "focal_spot": {"HeliOS": [50.913392049071206, 6.387814614576293, 124.37396456407362], "UTIS": [50.91339207980327, 6.387813676473619, 124.33342742919922]}}