{"motor_position": {"axis_1_motor_position": 61624, "axis_2_motor_position": 65983}, "target_name": "solar_tower_juelich_lower", "sun_elevation": 10.962998957777204, "sun_azimuth": -35.46710482514415, "focal_spot": {"HeliOS": [50.91339203683616, 6.38782099324739, 123.31146092967886], "UTIS": [50.91339205991619, 6.387819654095649, 123.27682876586914]}}