{"motor_position": {"axis_1_motor_position": 62444, "axis_2_motor_position": 68294}, "target_name": "solar_tower_juelich_lower", "sun_elevation": 7.6893884707388045, "sun_azimuth": -43.468361526235185, "focal_spot": {"HeliOS": [50.9133920382517, 6.387820538256744, 123.28327779518926], "UTIS": [50.91339205901046, 6.38781992633304, 123.1917495727539]}}