{"motor_position": {"axis_1_motor_position": 59553, "axis_2_motor_position": 62150}, "target_name": "solar_tower_juelich_lower", "sun_elevation": 18.270022350915934, "sun_azimuth": -22.981551995602405, "focal_spot": {"HeliOS": [50.91339202771746, 6.387824428610665, 123.174590158457], "UTIS": [50.91339204486143, 6.38782417916342, 123.13812255859376]}}