{"motor_position": {"axis_1_motor_position": 59770, "axis_2_motor_position": 47192}, "target_name": "solar_tower_juelich_lower", "sun_elevation": 18.73851251193056, "sun_azimuth": 24.322936186770338, "focal_spot": {"HeliOS": [50.91339203538221, 6.38782190045177, 123.06616202644112], "UTIS": [50.913392054120294, 6.387821396196637, 123.04265213012695]}}