{"motor_position": {"axis_1_motor_position": 55756, "axis_2_motor_position": 44050}, "target_name": "solar_tower_juelich_lower", "sun_elevation": 27.987337548455965, "sun_azimuth": 35.867063102420914, "focal_spot": {"HeliOS": [50.9133920325939, 6.387823116670563, 122.9098738191717], "UTIS": [50.91339204859546, 6.387823056815571, 122.84418106079102]}}