{"motor_position": {"axis_1_motor_position": 52994, "axis_2_motor_position": 62744}, "target_name": "solar_tower_juelich_upper", "sun_elevation": 33.23594288172818, "sun_azimuth": -28.48925573454583, "focal_spot": {"HeliOS": [50.913392000318865, 6.387835897380389, 129.00259977173903], "UTIS": [50.91339200998628, 6.387834661523368, 128.95819854736328]}}