{"motor_position": {"axis_1_motor_position": 49558, "axis_2_motor_position": 36835}, "target_name": "solar_tower_juelich_lower", "sun_elevation": 34.9005705857877, "sun_azimuth": 64.4174105692137, "focal_spot": {"HeliOS": [50.91339202057146, 6.387827596535884, 122.68778289197743], "UTIS": [50.913392034869425, 6.387827182473464, 122.52194595336914]}}