{"motor_position": {"axis_1_motor_position": 49123, "axis_2_motor_position": 39930}, "target_name": "solar_tower_juelich_lower", "sun_elevation": 39.18211115294501, "sun_azimuth": 56.535716905242815, "focal_spot": {"HeliOS": [50.91339201090168, 6.387831760648982, 121.95219248413734], "UTIS": [50.91339201974108, 6.387831729572844, 121.84260940551758]}}