{"motor_position": {"axis_1_motor_position": 46834, "axis_2_motor_position": 46686}, "target_name": "solar_tower_juelich_upper", "sun_elevation": 48.914012813607876, "sun_azimuth": 36.88010851382283, "focal_spot": {"HeliOS": [50.91339198872801, 6.387841179704781, 128.77082711992227], "UTIS": [50.91339198853744, 6.387841108226541, 128.74681854248047]}}