{"motor_position": {"axis_1_motor_position": 45216, "axis_2_motor_position": 53927}, "target_name": "solar_tower_juelich_lower", "sun_elevation": 57.61272854997024, "sun_azimuth": 9.68190594394969, "focal_spot": {"HeliOS": [50.913392128160204, 6.38779152667429, 122.32923803741588], "UTIS": [50.91339214975258, 6.387792650516648, 122.24654006958008]}}