{"motor_position": {"axis_1_motor_position": 43511, "axis_2_motor_position": 61671}, "target_name": "solar_tower_juelich_upper", "sun_elevation": 56.271021454587064, "sun_azimuth": -33.666386881040886, "focal_spot": {"HeliOS": [50.91339198298779, 6.387843794132651, 128.67691485634236], "UTIS": [50.91339198035009, 6.387843569000875, 128.66273498535156]}}