{"motor_position": {"axis_1_motor_position": 43849, "axis_2_motor_position": 49668}, "target_name": "solar_tower_juelich_lower", "sun_elevation": 58.81830420550847, "sun_azimuth": 31.736472474656296, "focal_spot": {"HeliOS": [50.91339199512037, 6.387836176543168, 122.89990853157894], "UTIS": [50.913392002529605, 6.387836902730754, 122.79029083251952]}}