{"motor_position": {"axis_1_motor_position": 42985, "axis_2_motor_position": 67432}, "target_name": "solar_tower_juelich_lower", "sun_elevation": 49.31022374270923, "sun_azimuth": -60.832630440786865, "focal_spot": {"HeliOS": [50.913391978633044, 6.387842648716448, 121.79319037931212], "UTIS": [50.913391980013785, 6.387843670080524, 121.62638092041016]}}