{
  "heliostat_position": [
    50.91560783217817,
    6.38784333103433,
    88.69089508
  ],
  "height": 2.559999942779541,
  "width": 3.2200000286102295,
  "initial_orientation": [
    0.0,
    -1.0,
    0.0
  ],
  "kinematics_properties": {
    "actuators": [
      {
        "type_axis": "linear",
        "min_increment": 0,
        "max_increment": 68678,
        "increment": 154166.6667,
        "offset_shift": 0,
        "initial_stroke_length": 0.075049991,
        "offset": 0.335308,
        "pivot_radius": 0.338095,
        "radius_shift": 0,
        "clockwise_axis_movement": 0,
        "initial_angle": 0.016611162,
        "min_movement_angle": 0.016435765,
        "max_movement_angle": 1.570796327,
        "movement_speed": 0
      },
      {
        "type_axis": "linear",
        "min_increment": 0,
        "max_increment": 75808,
        "increment": 154166.6667,
        "offset_shift": 0,
        "initial_stroke_length": 0.07640308,
        "offset": 0.340771,
        "pivot_radius": 0.3191,
        "radius_shift": 0,
        "clockwise_axis_movement": 1,
        "initial_angle": 0.93883262,
        "min_movement_angle": -0.95993,
        "max_movement_angle": 0.937540567,
        "movement_speed": 0
      }
    ],
    "joint_translation_e_1": 0.0,
    "joint_translation_n_1": 0.0,
    "joint_translation_u_1": 0.0,
    "joint_translation_e_2": 0.0,
    "joint_translation_n_2": 0.0,
    "joint_translation_u_2": 0.0,
    "concentrator_translation_e": 0.0,
    "concentrator_translation_n": 0.175,
    "concentrator_translation_u": 0.0
  },
  "facet_properties": {
    "canting_type": "receiver canting",
    "number_of_facets": 4,
    "facets": [
      {
        "translation_vector": [
          -0.8075,
          0.6425,
          0.0402
        ],
        "canting_e": [
          0.8024989457169289,
          -0.0,
          -0.0013009357677759706
        ],
        "canting_n": [
          1.3349834355531734e-06,
          0.6374994682361519,
          0.0008222821357661897
        ]
      },
      {
        "translation_vector": [
          0.8075,
          0.6425,
          0.0402
        ],
        "canting_e": [
          0.8024989457169289,
          -0.0,
          0.0013009357677759706
        ],
        "canting_n": [
          -1.3349834355531734e-06,
          0.6374994682361519,
          0.0008222821357661897
        ]
      },
      {
        "translation_vector": [
          -0.8075,
          -0.6425,
          0.0402
        ],
        "canting_e": [
          0.8024989457169289,
          -0.0,
          -0.0013009357677759706
        ],
        "canting_n": [
          -1.3349834355531734e-06,
          0.6374994682361519,
          -0.0008222821357661897
        ]
      },
      {
        "translation_vector": [
          0.8075,
          -0.6425,
          0.0402
        ],
        "canting_e": [
          0.8024989457169289,
          -0.0,
          0.0013009357677759706
        ],
        "canting_n": [
          1.3349834355531734e-06,
          0.6374994682361519,
          -0.0008222821357661897
        ]
      }
    ]
  },
  "renovation": "2022-06-09"
}