{"motor_position": {"axis_1_motor_position": 60001, "axis_2_motor_position": 18111}, "target_name": "multi_focus_tower", "sun_elevation": 12.730736593503751, "sun_azimuth": 49.03914949486778, "focal_spot": {"HeliOS": [50.913396455554974, 6.387572904616817, 138.32932474072447], "UTIS": [50.91339645920338, 6.387572611622262, 138.27722549438477]}}