{"motor_position": {"axis_1_motor_position": 59335, "axis_2_motor_position": 20202}, "target_name": "multi_focus_tower", "sun_elevation": 15.19044348472304, "sun_azimuth": 44.289219894129836, "focal_spot": {"HeliOS": [50.913396443308926, 6.387576600813396, 138.94893044556315], "UTIS": [50.9133964457639, 6.387576653751044, 138.8771858215332]}}