{"motor_position": {"axis_1_motor_position": 58962, "axis_2_motor_position": 21682}, "target_name": "multi_focus_tower", "sun_elevation": 16.78776053171578, "sun_azimuth": 40.88270295490313, "focal_spot": {"HeliOS": [50.91339644906342, 6.387574955447562, 138.9619248587984], "UTIS": [50.91339645101884, 6.387575073251191, 138.90361404418945]}}