{"motor_position": {"axis_1_motor_position": 58658, "axis_2_motor_position": 23020}, "target_name": "multi_focus_tower", "sun_elevation": 18.14275928260284, "sun_azimuth": 37.72829427846659, "focal_spot": {"HeliOS": [50.913396444252555, 6.387576342299192, 139.1064875591452], "UTIS": [50.91339644825775, 6.38757590369297, 139.04261779785156]}}