{"motor_position": {"axis_1_motor_position": 58396, "axis_2_motor_position": 24350}, "target_name": "multi_focus_tower", "sun_elevation": 19.40435062212491, "sun_azimuth": 34.50711222325092, "focal_spot": {"HeliOS": [50.9133964369008, 6.387578427369114, 139.06870100196303], "UTIS": [50.913396440295685, 6.387578298389714, 138.985595703125]}}