{"motor_position": {"axis_1_motor_position": 57972, "axis_2_motor_position": 26890}, "target_name": "multi_focus_tower", "sun_elevation": 21.51650970032664, "sun_azimuth": 28.224314915470234, "focal_spot": {"HeliOS": [50.913396434629334, 6.387579073354569, 139.06059446020237], "UTIS": [50.91339643857604, 6.387578815595396, 138.98025512695312]}}