{"motor_position": {"axis_1_motor_position": 57777, "axis_2_motor_position": 28328}, "target_name": "multi_focus_tower", "sun_elevation": 22.538523010436858, "sun_azimuth": 24.567878679522536, "focal_spot": {"HeliOS": [50.913396440772296, 6.387577327634907, 139.03264891346336], "UTIS": [50.91339644365274, 6.387577288711799, 138.96806716918945]}}