{"motor_position": {"axis_1_motor_position": 57631, "axis_2_motor_position": 29613}, "target_name": "multi_focus_tower", "sun_elevation": 23.34525561544811, "sun_azimuth": 21.214174935540136, "focal_spot": {"HeliOS": [50.913396437845485, 6.387578163236776, 138.9850514581196], "UTIS": [50.91339644011434, 6.387578352928052, 138.92588806152344]}}