{"motor_position": {"axis_1_motor_position": 57495, "axis_2_motor_position": 31030}, "target_name": "multi_focus_tower", "sun_elevation": 24.102395898512277, "sun_azimuth": 17.46339339940858, "focal_spot": {"HeliOS": [50.91339644591816, 6.387575856646083, 138.9758714713659], "UTIS": [50.913396447795265, 6.387576042791491, 138.92324829101562]}}