{"motor_position": {"axis_1_motor_position": 57379, "axis_2_motor_position": 32540}, "target_name": "multi_focus_tower", "sun_elevation": 24.758437620830172, "sun_azimuth": 13.361350540414925, "focal_spot": {"HeliOS": [50.91339643548549, 6.387578849395826, 138.85964340503696], "UTIS": [50.913396438797854, 6.387578748880176, 138.79283905029297]}}