{"motor_position": {"axis_1_motor_position": 57297, "axis_2_motor_position": 33923}, "target_name": "multi_focus_tower", "sun_elevation": 25.207581973286683, "sun_azimuth": 9.572146815462936, "focal_spot": {"HeliOS": [50.91339643643546, 6.387578573134124, 138.89286092663465], "UTIS": [50.91339644201082, 6.387577782540032, 138.8422737121582]}}