{"motor_position": {"axis_1_motor_position": 55957, "axis_2_motor_position": 46394}, "target_name": "solar_tower_juelich_lower", "sun_elevation": 29.963240059948934, "sun_azimuth": -31.296675560995205, "focal_spot": {"HeliOS": [50.91339197893615, 6.387842252417962, 122.2499135717529], "UTIS": [50.913391989905776, 6.387840696958445, 122.47802734375]}}