{"motor_position": {"axis_1_motor_position": 56274, "axis_2_motor_position": 50258}, "target_name": "solar_tower_juelich_upper", "sun_elevation": 23.744603109584506, "sun_azimuth": -47.32171459914224, "focal_spot": {"HeliOS": [50.91339206111779, 6.387804916748088, 131.0931292229451], "UTIS": [50.91339210698711, 6.387805505460141, 131.08329391479492]}}