{"motor_position": {"axis_1_motor_position": 55222, "axis_2_motor_position": 23648}, "target_name": "solar_tower_juelich_lower", "sun_elevation": 30.778083798830973, "sun_azimuth": 36.352136927400394, "focal_spot": {"HeliOS": [50.91339206269089, 6.3878109354618, 123.7403839999002], "UTIS": [50.91339209211724, 6.387809975121755, 123.6151008605957]}}