{"motor_position": {"axis_1_motor_position": 55022, "axis_2_motor_position": 25952}, "target_name": "solar_tower_juelich_lower", "sun_elevation": 32.71915195873754, "sun_azimuth": 30.180330065510006, "focal_spot": {"HeliOS": [50.9133920599401, 6.387814467803365, 122.44879808412249], "UTIS": [50.913392076858095, 6.387814561738386, 122.31796646118164]}}