{"motor_position": {"axis_1_motor_position": 51682, "axis_2_motor_position": 42040}, "target_name": "multi_focus_tower", "sun_elevation": 40.109530998217494, "sun_azimuth": -16.359552695823965, "focal_spot": {"HeliOS": [50.913396418285, 6.387583655981637, 139.20738901946515], "UTIS": [50.91339642380037, 6.387583259534214, 139.17755126953125]}}