{"motor_position": {"axis_1_motor_position": 51835, "axis_2_motor_position": 44214}, "target_name": "multi_focus_tower", "sun_elevation": 38.98087489733524, "sun_azimuth": -23.11003764677279, "focal_spot": {"HeliOS": [50.913396484988766, 6.387564452040538, 138.7043230374926], "UTIS": [50.91339648318318, 6.387565399218725, 138.65534210205078]}}