{"motor_position": {"axis_1_motor_position": 55026, "axis_2_motor_position": 60593}, "target_name": "multi_focus_tower", "sun_elevation": 17.618455704046426, "sun_azimuth": -70.94429412047157, "focal_spot": {"HeliOS": [50.91339645834369, 6.38757224671247, 138.80820533236653], "UTIS": [50.91339646108728, 6.387572045003926, 138.7956504821777]}}