{"motor_position": {"axis_1_motor_position": 48775, "axis_2_motor_position": 16591}, "target_name": "multi_focus_tower", "sun_elevation": 35.48606141647607, "sun_azimuth": 63.414041011621556, "focal_spot": {"HeliOS": [50.91339643797524, 6.3875781511494445, 138.4846815380153], "UTIS": [50.91339644186997, 6.387577824901487, 138.38143920898438]}}