{"motor_position": {"axis_1_motor_position": 47929, "axis_2_motor_position": 25379}, "target_name": "multi_focus_tower", "sun_elevation": 45.54458553517574, "sun_azimuth": 41.05568548902317, "focal_spot": {"HeliOS": [50.913396491648754, 6.387563516362227, 139.74556712834027], "UTIS": [50.91339648569094, 6.387564644957049, 139.70505142211914]}}