{"motor_position": {"axis_1_motor_position": 47657, "axis_2_motor_position": 34723}, "target_name": "multi_focus_tower", "sun_elevation": 51.61892246859234, "sun_azimuth": 8.603854103577584, "focal_spot": {"HeliOS": [50.91339645609143, 6.387572924403411, 138.89437235812167], "UTIS": [50.91339645793072, 6.387572994394063, 138.8358497619629]}}