{"motor_position": {"axis_1_motor_position": 46095, "axis_2_motor_position": 48585}, "target_name": "solar_tower_juelich_lower", "sun_elevation": 45.72090168935809, "sun_azimuth": -62.78371926640415, "focal_spot": {"HeliOS": [50.91339202542385, 6.3878256347451075, 122.894776828729], "UTIS": [50.91339203809499, 6.387826212967181, 122.85980987548828]}}