{"motor_position": {"axis_1_motor_position": 46436, "axis_2_motor_position": 53303}, "target_name": "solar_tower_juelich_lower", "sun_elevation": 38.13621213263827, "sun_azimuth": -75.42770458984783, "focal_spot": {"HeliOS": [50.91339208108376, 6.387805316265838, 123.30962695479478], "UTIS": [50.913392105129944, 6.38780606369833, 123.29889297485352]}}