{"motor_position": {"axis_1_motor_position": 46603, "axis_2_motor_position": 54816}, "target_name": "solar_tower_juelich_lower", "sun_elevation": 35.42583658876401, "sun_azimuth": -79.309450745567, "focal_spot": {"HeliOS": [50.913392077066604, 6.387806898843334, 123.23933251294208], "UTIS": [50.91339209926029, 6.387807828030946, 123.22339630126952]}}