{"motor_position": {"axis_1_motor_position": 45074, "axis_2_motor_position": 17081}, "target_name": "solar_tower_juelich_lower", "sun_elevation": 47.26494482482542, "sun_azimuth": 66.02644514739717, "focal_spot": {"HeliOS": [50.913392019486054, 6.38782789123701, 122.7493040675889], "UTIS": [50.9133920316774, 6.387828141897883, 122.5195770263672]}}