{"motor_position": {"axis_1_motor_position": 45397, "axis_2_motor_position": 10918}, "target_name": "solar_tower_juelich_lower", "sun_elevation": 38.7201323395544, "sun_azimuth": 79.55519272796901, "focal_spot": {"HeliOS": [50.91339202525874, 6.387826198214481, 122.528197115132], "UTIS": [50.91339203713068, 6.3878265028054555, 122.38629531860352]}}