{"motor_position": {"axis_1_motor_position": 44740, "axis_2_motor_position": 31322}, "target_name": "solar_tower_juelich_lower", "sun_elevation": 61.61337273967595, "sun_azimuth": 16.967719521275463, "focal_spot": {"HeliOS": [50.913392025930335, 6.387825555713221, 122.82574691431466], "UTIS": [50.913392039986704, 6.387825644369157, 122.5927963256836]}}