{"motor_position": {"axis_1_motor_position": 44882, "axis_2_motor_position": 22803}, "target_name": "solar_tower_juelich_lower", "sun_elevation": 54.44991860329537, "sun_azimuth": 50.067778662515785, "focal_spot": {"HeliOS": [50.91339200941013, 6.387831289694465, 122.82412101840026], "UTIS": [50.9133920189089, 6.38783197969726, 122.60017395019533]}}