{"motor_position": {"axis_1_motor_position": 44700, "axis_2_motor_position": 39023}, "target_name": "solar_tower_juelich_lower", "sun_elevation": 60.42825456164246, "sun_azimuth": -25.68195700259892, "focal_spot": {"HeliOS": [50.91339197059304, 6.387844192162192, 123.5581303874719], "UTIS": [50.91339202785997, 6.387829289294445, 122.58537292480467]}}