{"motor_position": {"axis_1_motor_position": 56620, "axis_2_motor_position": 45415}, "target_name": "solar_tower_juelich_lower", "sun_elevation": 26.775317832632386, "sun_azimuth": 32.94220163138791, "focal_spot": {"HeliOS": [50.9133921191042, 6.387790160869618, 123.86974743823582], "UTIS": [50.91339215564683, 6.387790878719245, 123.81859588623048]}}