{"motor_position": {"axis_1_motor_position": 56283, "axis_2_motor_position": 47608}, "target_name": "solar_tower_juelich_lower", "sun_elevation": 28.774352682427065, "sun_azimuth": 26.050262565015316, "focal_spot": {"HeliOS": [50.913392019457255, 6.387827058877735, 123.38046515605453], "UTIS": [50.91339203315861, 6.387827696689098, 123.18490600585938]}}