{"motor_position": {"axis_1_motor_position": 56147, "axis_2_motor_position": 48578}, "target_name": "solar_tower_juelich_lower", "sun_elevation": 29.471605558485603, "sun_azimuth": 23.123598343276548, "focal_spot": {"HeliOS": [50.913392025430326, 6.387825019189561, 123.32300961391644], "UTIS": [50.91339204114179, 6.387825297185632, 123.24197387695312]}}