{"motor_position": {"axis_1_motor_position": 56022, "axis_2_motor_position": 49542}, "target_name": "solar_tower_juelich_lower", "sun_elevation": 30.091071826051916, "sun_azimuth": 20.145057856027687, "focal_spot": {"HeliOS": [50.9133920299308, 6.38782337677228, 123.35326813915432], "UTIS": [50.913392046548694, 6.3878236720193255, 123.25844192504884]}}