{"motor_position": {"axis_1_motor_position": 55914, "axis_2_motor_position": 50472}, "target_name": "solar_tower_juelich_lower", "sun_elevation": 30.626108479125698, "sun_azimuth": 17.13707815622842, "focal_spot": {"HeliOS": [50.913392019803865, 6.387826883624347, 123.41814642519633], "UTIS": [50.91339203461093, 6.387827260172279, 123.32683563232422]}}