{"motor_position": {"axis_1_motor_position": 55537, "axis_2_motor_position": 57837}, "target_name": "solar_tower_juelich_lower", "sun_elevation": 31.700887206716807, "sun_azimuth": -7.910495200152362, "focal_spot": {"HeliOS": [50.913392053799214, 6.387814500591065, 123.5608657849634], "UTIS": [50.91339207649866, 6.387814669777708, 123.48437118530272]}}