{"motor_position": {"axis_1_motor_position": 55569, "axis_2_motor_position": 58676}, "target_name": "solar_tower_juelich_lower", "sun_elevation": 31.409468153990463, "sun_azimuth": -11.118606051345445, "focal_spot": {"HeliOS": [50.913392019707516, 6.387826701872643, 123.5735058207666], "UTIS": [50.91339203321838, 6.387827678728877, 123.51709747314452]}}