{"motor_position": {"axis_1_motor_position": 55680, "axis_2_motor_position": 60350}, "target_name": "solar_tower_juelich_lower", "sun_elevation": 30.591652436822404, "sun_azimuth": -17.155020342588127, "focal_spot": {"HeliOS": [50.913392021597666, 6.38782641710515, 123.29533025200632], "UTIS": [50.91339203518556, 6.387827087451745, 123.23755645751952]}}