{"motor_position": {"axis_1_motor_position": 55785, "axis_2_motor_position": 61606}, "target_name": "solar_tower_juelich_lower", "sun_elevation": 29.734105538009405, "sun_azimuth": -21.72013204177346, "focal_spot": {"HeliOS": [50.91339202184664, 6.387825878176391, 123.61281162619136], "UTIS": [50.91339203959455, 6.387825762239477, 123.43958282470705]}}