{"motor_position": {"axis_1_motor_position": 55937, "axis_2_motor_position": 62832}, "target_name": "solar_tower_juelich_lower", "sun_elevation": 28.6946883194951, "sun_azimuth": -26.167326241699026, "focal_spot": {"HeliOS": [50.913392022702524, 6.387826183148724, 123.1833856623804], "UTIS": [50.91339203469115, 6.387827236055815, 123.14245986938477]}}