{"motor_position": {"axis_1_motor_position": 57542, "axis_2_motor_position": 69332}, "target_name": "solar_tower_juelich_lower", "sun_elevation": 19.691986985212882, "sun_azimuth": -49.50663425191178, "focal_spot": {"HeliOS": [50.913392026705026, 6.387823992619442, 123.70462239302094], "UTIS": [50.913392043911905, 6.387824464567575, 123.58882904052734]}}