{"motor_position": {"axis_1_motor_position": 55995, "axis_2_motor_position": 62062}, "target_name": "solar_tower_juelich_lower", "sun_elevation": 28.995183948934667, "sun_azimuth": -23.323696879091187, "focal_spot": {"HeliOS": [50.91339201893342, 6.387827765814941, 122.99209515673996], "UTIS": [50.913392030514416, 6.387828491454408, 122.90932846069336]}}