{"motor_position": {"axis_1_motor_position": 56910, "axis_2_motor_position": 57149}, "target_name": "solar_tower_juelich_lower", "sun_elevation": 28.181051089202843, "sun_azimuth": -5.564203382388809, "focal_spot": {"HeliOS": [50.91339201918974, 6.387826931218274, 123.5421165847636], "UTIS": [50.91339203296046, 6.3878277562514105, 123.50056838989258]}}