{"motor_position": {"axis_1_motor_position": 56946, "axis_2_motor_position": 58388}, "target_name": "solar_tower_juelich_lower", "sun_elevation": 27.848397775649335, "sun_azimuth": -9.872835342885425, "focal_spot": {"HeliOS": [50.91339201858034, 6.387827300695829, 123.4318608494921], "UTIS": [50.913392031698436, 6.387828135572143, 123.37785720825195]}}