{"motor_position": {"axis_1_motor_position": 59890, "axis_2_motor_position": 69282}, "target_name": "solar_tower_juelich_lower", "sun_elevation": 14.718311247999061, "sun_azimuth": -48.004678870649116, "focal_spot": {"HeliOS": [50.913392020158035, 6.387827042625146, 123.2108287516368], "UTIS": [50.913392034822344, 6.387827196623326, 123.10088348388672]}}