{"motor_position": {"axis_1_motor_position": 58950, "axis_2_motor_position": 42666}, "target_name": "solar_tower_juelich_upper", "sun_elevation": 18.596463712924663, "sun_azimuth": 38.33438356877745, "focal_spot": {"HeliOS": [50.913392019871694, 6.387827872172239, 130.00935199408266], "UTIS": [50.9133920353597, 6.387827035116916, 130.10803604125977]}}