{"motor_position": {"axis_1_motor_position": 59533, "axis_2_motor_position": 51037}, "target_name": "solar_tower_juelich_lower", "sun_elevation": 20.88176833389376, "sun_azimuth": 14.005653329427336, "focal_spot": {"HeliOS": [50.913392022509896, 6.38782557152021, 123.65982221314071], "UTIS": [50.913392041738305, 6.387825117888496, 123.51603317260742]}}