{"motor_position": {"axis_1_motor_position": 61292, "axis_2_motor_position": 61875}, "target_name": "solar_tower_juelich_upper", "sun_elevation": 13.522795779618031, "sun_azimuth": -20.880498854228158, "focal_spot": {"HeliOS": [50.913392038908846, 6.387817704146145, 130.41951998645112], "UTIS": [50.913392064729365, 6.387818207365414, 130.42348861694336]}}