{"motor_position": {"axis_1_motor_position": 58588, "axis_2_motor_position": 49260}, "target_name": "solar_tower_juelich_upper", "sun_elevation": 21.819819364007973, "sun_azimuth": 19.398857487615377, "focal_spot": {"HeliOS": [50.91339202595095, 6.387824140183184, 129.8574120418852], "UTIS": [50.91339204363573, 6.387824547575129, 129.85211563110352]}}