{"motor_position": {"axis_1_motor_position": 58365, "axis_2_motor_position": 61495}, "target_name": "solar_tower_juelich_upper", "sun_elevation": 21.628666201501535, "sun_azimuth": -20.461412711399376, "focal_spot": {"HeliOS": [50.913392024285976, 6.387825387322131, 130.01297161410324], "UTIS": [50.91339203845488, 6.387826104792263, 130.02175521850586]}}