{"motor_position": {"axis_1_motor_position": 60403, "axis_2_motor_position": 68728}, "target_name": "solar_tower_juelich_upper", "sun_elevation": 12.536776780085955, "sun_azimuth": -45.58553447991634, "focal_spot": {"HeliOS": [50.91339203500679, 6.387818994398465, 129.79046408523084], "UTIS": [50.913392061172395, 6.387819276510597, 129.73927307128906]}}