{"motor_position": {"axis_1_motor_position": 62735, "axis_2_motor_position": 72312}, "target_name": "solar_tower_juelich_upper", "sun_elevation": 4.941063788719348, "sun_azimuth": -58.55990003370851, "focal_spot": {"HeliOS": [50.913392026829165, 6.3878229305294205, 129.46617192379878], "UTIS": [50.913392047830655, 6.387823286698293, 129.4868927001953]}}