{"motor_position": {"axis_1_motor_position": 57947, "axis_2_motor_position": 48728}, "target_name": "solar_tower_juelich_upper", "sun_elevation": 23.415223101107365, "sun_azimuth": 21.263075855316142, "focal_spot": {"HeliOS": [50.913392025807696, 6.387824154854553, 129.82395965173225], "UTIS": [50.91339204460121, 6.387824257377517, 129.91282653808594]}}