{"motor_position": {"axis_1_motor_position": 57470, "axis_2_motor_position": 59896}, "target_name": "solar_tower_juelich_upper", "sun_elevation": 24.595715298048617, "sun_azimuth": -15.182642408808098, "focal_spot": {"HeliOS": [50.913392016677626, 6.387829717849324, 130.02647405602906], "UTIS": [50.91339202344134, 6.387830617394995, 130.01165771484375]}}