{"motor_position": {"axis_1_motor_position": 58125, "axis_2_motor_position": 46907}, "target_name": "solar_tower_juelich_upper", "sun_elevation": 22.41187932515581, "sun_azimuth": 26.642368432005405, "focal_spot": {"HeliOS": [50.913392026611184, 6.387823699903431, 129.81946314849316], "UTIS": [50.91339204468754, 6.387824231430451, 129.81285095214844]}}