{"motor_position": {"axis_1_motor_position": 57293, "axis_2_motor_position": 59139}, "target_name": "solar_tower_juelich_upper", "sun_elevation": 25.302529830722367, "sun_azimuth": -12.60727426456216, "focal_spot": {"HeliOS": [50.913392015278326, 6.3878305771339, 130.05323752941612], "UTIS": [50.913392020142034, 6.38783160905832, 130.04788970947266]}}