{"motor_position": {"axis_1_motor_position": 58618, "axis_2_motor_position": 66717}, "target_name": "solar_tower_juelich_upper", "sun_elevation": 18.120845958227886, "sun_azimuth": -39.054889708262046, "focal_spot": {"HeliOS": [50.91339201443632, 6.387830531238795, 129.8472133407506], "UTIS": [50.913392020603006, 6.387831470508995, 129.83090591430664]}}