{"motor_position": {"axis_1_motor_position": 57538, "axis_2_motor_position": 64266}, "target_name": "solar_tower_juelich_lower", "sun_elevation": 23.84179751582875, "sun_azimuth": -30.692485844036813, "focal_spot": {"HeliOS": [50.91339201270328, 6.387829913033178, 123.01684564041932], "UTIS": [50.9133920231168, 6.387830714945656, 122.8514633178711]}}