{"motor_position": {"axis_1_motor_position": 58653, "axis_2_motor_position": 68140}, "target_name": "solar_tower_juelich_lower", "sun_elevation": 18.423750759231893, "sun_azimuth": -44.44173108987123, "focal_spot": {"HeliOS": [50.913392007681516, 6.3878316757067495, 123.01200253532424], "UTIS": [50.91339201550529, 6.38783300270792, 122.79211044311523]}}