{"motor_position": {"axis_1_motor_position": 55584, "axis_2_motor_position": 53600}, "target_name": "solar_tower_juelich_upper", "sun_elevation": 30.559093631972235, "sun_azimuth": 6.575741972299592, "focal_spot": {"HeliOS": [50.913392047088614, 6.387812463763426, 129.96176738110722], "UTIS": [50.913392082148206, 6.3878129716314636, 129.97752380371094]}}