{"motor_position": {"axis_1_motor_position": 58084, "axis_2_motor_position": 70886}, "target_name": "solar_tower_juelich_upper", "sun_elevation": 15.763465129376582, "sun_azimuth": -55.04651952041775, "focal_spot": {"HeliOS": [50.913392028057906, 6.3878223496063695, 129.51313748278204], "UTIS": [50.913392049508204, 6.387822782469598, 129.46024322509766]}}