{"motor_position": {"axis_1_motor_position": 57086, "axis_2_motor_position": 43766}, "target_name": "solar_tower_juelich_lower", "sun_elevation": 25.1767185085833, "sun_azimuth": 37.003225387681425, "focal_spot": {"HeliOS": [50.91339201399718, 6.387829792071843, 122.74713298771032], "UTIS": [50.91339202406688, 6.38783042938217, 122.7170753479004]}}