{"motor_position": {"axis_1_motor_position": 52068, "axis_2_motor_position": 46900}, "target_name": "solar_tower_juelich_upper", "sun_elevation": 37.649295234933014, "sun_azimuth": 30.770471362720233, "focal_spot": {"HeliOS": [50.91339198152836, 6.387849537242336, 130.01053205422824], "UTIS": [50.91339195545078, 6.387851052596747, 130.12223434448242]}}