{"motor_position": {"axis_1_motor_position": 50540, "axis_2_motor_position": 66542}, "target_name": "solar_tower_juelich_upper", "sun_elevation": 36.4259154750357, "sun_azimuth": -44.67872383394902, "focal_spot": {"HeliOS": [50.91339199978699, 6.387836055527684, 128.9599442780433], "UTIS": [50.913392003623976, 6.387836573802381, 128.97271728515625]}}