{"motor_position": {"axis_1_motor_position": 50718, "axis_2_motor_position": 68063}, "target_name": "solar_tower_juelich_upper", "sun_elevation": 33.93313636886511, "sun_azimuth": -50.46230982768684, "focal_spot": {"HeliOS": [50.9133920047767, 6.387834227555885, 129.24864865167868], "UTIS": [50.9133920095495, 6.387834792807922, 129.24656677246094]}}