{"motor_position": {"axis_1_motor_position": 50315, "axis_2_motor_position": 70747}, "target_name": "solar_tower_juelich_upper", "sun_elevation": 30.447576106812495, "sun_azimuth": -61.39701911229434, "focal_spot": {"HeliOS": [50.913392005019794, 6.387834320692254, 129.33141325388698], "UTIS": [50.91339200852447, 6.387835100894568, 129.31867218017578]}}