{"motor_position": {"axis_1_motor_position": 50895, "axis_2_motor_position": 72900}, "target_name": "solar_tower_juelich_upper", "sun_elevation": 25.6372797500539, "sun_azimuth": -69.13077749079496, "focal_spot": {"HeliOS": [50.913392004961494, 6.387833983361002, 129.19350072936192], "UTIS": [50.91339200828605, 6.3878351725524025, 129.20988845825195]}}