{"motor_position": {"axis_1_motor_position": 51769, "axis_2_motor_position": 75054}, "target_name": "solar_tower_juelich_upper", "sun_elevation": 20.24349300385025, "sun_azimuth": -76.81390953808493, "focal_spot": {"HeliOS": [50.913392016228414, 6.38782798372152, 129.16576139208203], "UTIS": [50.9133920237015, 6.387830539204631, 129.21505737304688]}}