{"motor_position": {"axis_1_motor_position": 53158, "axis_2_motor_position": 30327}, "target_name": "solar_tower_juelich_upper", "sun_elevation": 21.549872213629133, "sun_azimuth": 76.07782996236243, "focal_spot": {"HeliOS": [50.91339199338004, 6.387839136635984, 128.881901902606], "UTIS": [50.91339199516425, 6.387839116472354, 128.878662109375]}}