{"motor_position": {"axis_1_motor_position": 51368, "axis_2_motor_position": 37049}, "target_name": "solar_tower_juelich_upper", "sun_elevation": 31.13261259566678, "sun_azimuth": 61.54030000652779, "focal_spot": {"HeliOS": [50.913392010016565, 6.3878314329389205, 129.2406703194908], "UTIS": [50.91339201660178, 6.3878326731388375, 129.25782775878906]}}