{"motor_position": {"axis_1_motor_position": 49570, "axis_2_motor_position": 48495}, "target_name": "solar_tower_juelich_upper", "sun_elevation": 44.30851755009229, "sun_azimuth": 28.191946791317644, "focal_spot": {"HeliOS": [50.91339202237007, 6.3878273245607335, 130.39283925704353], "UTIS": [50.91339203119631, 6.387828286494969, 130.40000915527344]}}