{"motor_position": {"axis_1_motor_position": 49136, "axis_2_motor_position": 54337}, "target_name": "solar_tower_juelich_upper", "sun_elevation": 47.302790906341436, "sun_azimuth": 5.402426600965166, "focal_spot": {"HeliOS": [50.9133920105032, 6.387834155155827, 130.35798812486706], "UTIS": [50.913392008859226, 6.387835000279351, 130.36447143554688]}}