{"motor_position": {"axis_1_motor_position": 49017, "axis_2_motor_position": 57078}, "target_name": "solar_tower_juelich_upper", "sun_elevation": 47.27131161123518, "sun_azimuth": -6.301092135701492, "focal_spot": {"HeliOS": [50.913392011834326, 6.38783378343351, 130.49701251612152], "UTIS": [50.91339201000953, 6.387834654536576, 130.50408935546875]}}