{"motor_position": {"axis_1_motor_position": 48979, "axis_2_motor_position": 59744}, "target_name": "solar_tower_juelich_upper", "sun_elevation": 46.211953717424024, "sun_azimuth": -17.87309976031507, "focal_spot": {"HeliOS": [50.91339201293134, 6.387832673211005, 130.33387799079307], "UTIS": [50.91339201413149, 6.3878334156201655, 130.3513412475586]}}