{"motor_position": {"axis_1_motor_position": 48710, "axis_2_motor_position": 62488}, "target_name": "solar_tower_juelich_upper", "sun_elevation": 44.72551057713092, "sun_azimuth": -29.890465957251713, "focal_spot": {"HeliOS": [50.91339201504144, 6.387831082415996, 130.19657130874944], "UTIS": [50.91339202029931, 6.387831561784762, 130.23717880249023]}}