{"motor_position": {"axis_1_motor_position": 47925, "axis_2_motor_position": 65889}, "target_name": "solar_tower_juelich_upper", "sun_elevation": 42.41011279734471, "sun_azimuth": -45.04512141863495, "focal_spot": {"HeliOS": [50.91339202764985, 6.387823063797384, 129.78736057105084], "UTIS": [50.91339204898983, 6.387822938280808, 129.79193878173828]}}