{"motor_position": {"axis_1_motor_position": 48036, "axis_2_motor_position": 67489}, "target_name": "solar_tower_juelich_upper", "sun_elevation": 39.80655090168395, "sun_azimuth": -51.392199058745994, "focal_spot": {"HeliOS": [50.913392019608295, 6.387827594788048, 129.82191804888356], "UTIS": [50.91339203304836, 6.387827729829747, 129.85912322998047]}}