{"motor_position": {"axis_1_motor_position": 48217, "axis_2_motor_position": 69279}, "target_name": "solar_tower_juelich_upper", "sun_elevation": 36.49675795123612, "sun_azimuth": -58.232523824594494, "focal_spot": {"HeliOS": [50.913392018855895, 6.387827783292208, 129.72003621948167], "UTIS": [50.91339203280478, 6.387827803040199, 129.7200050354004]}}