{"motor_position": {"axis_1_motor_position": 48616, "axis_2_motor_position": 71825}, "target_name": "solar_tower_juelich_upper", "sun_elevation": 31.117931287171306, "sun_azimuth": -67.55246325286704, "focal_spot": {"HeliOS": [50.913392010460655, 6.387831678678202, 129.43585688028594], "UTIS": [50.913392017862634, 6.387832294170669, 129.53092193603516]}}