{"motor_position": {"axis_1_motor_position": 49084, "axis_2_motor_position": 73801}, "target_name": "solar_tower_juelich_upper", "sun_elevation": 26.40670327783763, "sun_azimuth": -74.59891580558494, "focal_spot": {"HeliOS": [50.91339201136679, 6.387830811344739, 129.27955302376768], "UTIS": [50.91339201987101, 6.387831690523426, 129.39031982421875]}}