{"motor_position": {"axis_1_motor_position": 48906, "axis_2_motor_position": 42110}, "target_name": "solar_tower_juelich_upper", "sun_elevation": 40.71905117251593, "sun_azimuth": 50.93378940587406, "focal_spot": {"HeliOS": [50.913392000654724, 6.387837399397019, 129.58563525384977], "UTIS": [50.91339199713999, 6.387838522639164, 129.6537628173828]}}