{"motor_position": {"axis_1_motor_position": 48547, "axis_2_motor_position": 44879}, "target_name": "solar_tower_juelich_upper", "sun_elevation": 44.011046332142556, "sun_azimuth": 42.55846934443975, "focal_spot": {"HeliOS": [50.91339200209372, 6.387837438850141, 129.85817397554445], "UTIS": [50.91339199724817, 6.3878384901222764, 129.89321517944336]}}