{"motor_position": {"axis_1_motor_position": 49615, "axis_2_motor_position": 32556}, "target_name": "solar_tower_juelich_upper", "sun_elevation": 28.91569758946374, "sun_azimuth": 75.65976211763855, "focal_spot": {"HeliOS": [50.91339200068919, 6.387836144967052, 129.16116405411952], "UTIS": [50.913391996543545, 6.387838701912567, 129.10605239868164]}}