{"motor_position": {"axis_1_motor_position": 48715, "axis_2_motor_position": 37304}, "target_name": "solar_tower_juelich_upper", "sun_elevation": 35.78450666726465, "sun_azimuth": 65.12316301601757, "focal_spot": {"HeliOS": [50.91339200130383, 6.387836775446065, 129.49443624256674], "UTIS": [50.913391999961696, 6.387837674545758, 129.52635955810547]}}