{"motor_position": {"axis_1_motor_position": 46688, "axis_2_motor_position": 60041}, "target_name": "solar_tower_juelich_upper", "sun_elevation": 51.45915342739337, "sun_azimuth": -20.668612982178452, "focal_spot": {"HeliOS": [50.91339201023733, 6.387835067625297, 130.608909621125], "UTIS": [50.91339200661454, 6.387835674950495, 130.64966583251953]}}