{"motor_position": {"axis_1_motor_position": 46672, "axis_2_motor_position": 61645}, "target_name": "solar_tower_juelich_upper", "sun_elevation": 50.14881085087855, "sun_azimuth": -28.140637010911817, "focal_spot": {"HeliOS": [50.913392012541365, 6.387833243913911, 130.4546565161629], "UTIS": [50.91339201301254, 6.3878337519421295, 130.4743881225586]}}