{"motor_position": {"axis_1_motor_position": 46668, "axis_2_motor_position": 63124}, "target_name": "solar_tower_juelich_upper", "sun_elevation": 48.583233988278536, "sun_azimuth": -34.829819351372166, "focal_spot": {"HeliOS": [50.91339200902617, 6.387835023809003, 130.36072412638475], "UTIS": [50.91339200678977, 6.387835622280056, 130.38212203979492]}}