{"motor_position": {"axis_1_motor_position": 46274, "axis_2_motor_position": 50812}, "target_name": "solar_tower_juelich_upper", "sun_elevation": 53.25676040128527, "sun_azimuth": 23.11398692354751, "focal_spot": {"HeliOS": [50.91339200442287, 6.3878381368695525, 130.49137539993802], "UTIS": [50.913391997023155, 6.387838557756179, 130.55058670043945]}}