{"motor_position": {"axis_1_motor_position": 46158, "axis_2_motor_position": 52565}, "target_name": "solar_tower_juelich_upper", "sun_elevation": 54.283587452522035, "sun_azimuth": 15.276272793184068, "focal_spot": {"HeliOS": [50.91339200442042, 6.387838157093837, 130.49700283807877], "UTIS": [50.9133919967783, 6.3878386313497035, 130.51823806762695]}}