{"motor_position": {"axis_1_motor_position": 46059, "axis_2_motor_position": 54251}, "target_name": "solar_tower_juelich_upper", "sun_elevation": 54.88440646837545, "sun_azimuth": 7.3292175179259855, "focal_spot": {"HeliOS": [50.91339201438959, 6.387832031022694, 130.40883765611696], "UTIS": [50.913392018164394, 6.387832203467809, 130.45593643188477]}}