{"motor_position": {"axis_1_motor_position": 45961, "axis_2_motor_position": 56202}, "target_name": "solar_tower_juelich_upper", "sun_elevation": 55.048761515806156, "sun_azimuth": -2.2598451040029364, "focal_spot": {"HeliOS": [50.91339201521879, 6.387831490830044, 130.388534008524], "UTIS": [50.91339201835339, 6.3878321466649615, 130.4496078491211]}}