{"motor_position": {"axis_1_motor_position": 45888, "axis_2_motor_position": 57907}, "target_name": "solar_tower_juelich_upper", "sun_elevation": 54.68859140555755, "sun_azimuth": -10.753585251310623, "focal_spot": {"HeliOS": [50.91339201562208, 6.387831230698631, 130.3793621603363], "UTIS": [50.913392019752784, 6.387831726057414, 130.3974723815918]}}