{"motor_position": {"axis_1_motor_position": 45749, "axis_2_motor_position": 64226}, "target_name": "solar_tower_juelich_upper", "sun_elevation": 49.15156054253378, "sun_azimuth": -40.942068934612664, "focal_spot": {"HeliOS": [50.9133920097632, 6.387834215401616, 130.2319464972548], "UTIS": [50.913392009661834, 6.387834759040123, 130.2898406982422]}}