{"motor_position": {"axis_1_motor_position": 47891, "axis_2_motor_position": 39714}, "target_name": "solar_tower_juelich_lower", "sun_elevation": 40.916104216294954, "sun_azimuth": 61.29971964190889, "focal_spot": {"HeliOS": [50.913391987663864, 6.387838574734399, 123.13532594491708], "UTIS": [50.91339199652061, 6.3878387088044395, 123.02647399902344]}}