{"motor_position": {"axis_1_motor_position": 47490, "axis_2_motor_position": 42887}, "target_name": "solar_tower_juelich_lower", "sun_elevation": 45.173536775853094, "sun_azimuth": 52.45403858494059, "focal_spot": {"HeliOS": [50.91339199450918, 6.387835996300349, 123.31241300080777], "UTIS": [50.91339200411645, 6.387836425781396, 123.15660095214844]}}