{"motor_position": {"axis_1_motor_position": 47146, "axis_2_motor_position": 46123}, "target_name": "solar_tower_juelich_lower", "sun_elevation": 49.093551241064645, "sun_azimuth": 41.98543195065539, "focal_spot": {"HeliOS": [50.91339199677967, 6.387835065900183, 123.43638607810652], "UTIS": [50.913392006243484, 6.387835786474735, 123.29595565795898]}}