{"motor_position": {"axis_1_motor_position": 44642, "axis_2_motor_position": 66963}, "target_name": "solar_tower_juelich_upper", "sun_elevation": 46.89497834306813, "sun_azimuth": -54.41708429301299, "focal_spot": {"HeliOS": [50.913392009583674, 6.387833753038869, 130.03463716814073], "UTIS": [50.91339201106601, 6.387834336995218, 130.08501815795898]}}