{"motor_position": {"axis_1_motor_position": 44750, "axis_2_motor_position": 72723}, "target_name": "solar_tower_juelich_upper", "sun_elevation": 34.5608185131261, "sun_azimuth": -76.1848105874096, "focal_spot": {"HeliOS": [50.91339199415543, 6.38784045582007, 129.43777280907835], "UTIS": [50.91339198722027, 6.387841504107424, 129.48527145385742]}}