{"motor_position": {"axis_1_motor_position": 44905, "axis_2_motor_position": 74976}, "target_name": "solar_tower_juelich_upper", "sun_elevation": 28.772687524109447, "sun_azimuth": -84.06930071086816, "focal_spot": {"HeliOS": [50.91339198916934, 6.387841826698957, 129.04580977432698], "UTIS": [50.91339198068855, 6.387843467273736, 129.185791015625]}}