{"motor_position": {"axis_1_motor_position": 46389, "axis_2_motor_position": 37538}, "target_name": "solar_tower_juelich_upper", "sun_elevation": 39.49525431592955, "sun_azimuth": 68.97707937465528, "focal_spot": {"HeliOS": [50.91339200278106, 6.387836037373215, 129.51542815149045], "UTIS": [50.913392003190786, 6.387836704002137, 129.5770149230957]}}