{"motor_position": {"axis_1_motor_position": 46034, "axis_2_motor_position": 40724}, "target_name": "solar_tower_juelich_upper", "sun_elevation": 44.100528010594196, "sun_azimuth": 60.786875026064806, "focal_spot": {"HeliOS": [50.91339200593156, 6.3878349022831795, 129.720004047372], "UTIS": [50.91339200697837, 6.3878355655992465, 129.77139282226562]}}