{"motor_position": {"axis_1_motor_position": 45693, "axis_2_motor_position": 44252}, "target_name": "solar_tower_juelich_upper", "sun_elevation": 48.87289922066242, "sun_azimuth": 50.20878271995151, "focal_spot": {"HeliOS": [50.9133920087973, 6.387834039648818, 129.9788766232267], "UTIS": [50.9133920100761, 6.387834634528792, 130.03778839111328]}}