{"motor_position": {"axis_1_motor_position": 45456, "axis_2_motor_position": 47096}, "target_name": "solar_tower_juelich_upper", "sun_elevation": 52.274506248428224, "sun_azimuth": 40.2158421199392, "focal_spot": {"HeliOS": [50.913392004865806, 6.387836966463811, 130.20978624872305], "UTIS": [50.913391999803785, 6.387837722005766, 130.29682159423828]}}