{"motor_position": {"axis_1_motor_position": 44732, "axis_2_motor_position": 59129}, "target_name": "solar_tower_juelich_upper", "sun_elevation": 56.75743086506284, "sun_azimuth": -17.590257097957714, "focal_spot": {"HeliOS": [50.91339201409532, 6.387832400539984, 130.47952134543266], "UTIS": [50.91339201655622, 6.387832686834441, 130.5790023803711]}}