{"motor_position": {"axis_1_motor_position": 44671, "axis_2_motor_position": 60679}, "target_name": "solar_tower_juelich_upper", "sun_elevation": 55.63132826548624, "sun_azimuth": -25.62316222541307, "focal_spot": {"HeliOS": [50.91339201343786, 6.387832607635823, 130.4158564599187], "UTIS": [50.91339201519124, 6.387833097099098, 130.52355194091797]}}