{"motor_position": {"axis_1_motor_position": 44506, "axis_2_motor_position": 68447}, "target_name": "solar_tower_juelich_upper", "sun_elevation": 44.27506387131995, "sun_azimuth": -60.57814448552508, "focal_spot": {"HeliOS": [50.9133920098313, 6.387833560129868, 130.01580471689795], "UTIS": [50.913392012599644, 6.3878338760432705, 130.1301612854004]}}