{"motor_position": {"axis_1_motor_position": 44517, "axis_2_motor_position": 62151}, "target_name": "solar_tower_juelich_upper", "sun_elevation": 54.40960315704437, "sun_azimuth": -33.08713928781509, "focal_spot": {"HeliOS": [50.913392009946286, 6.387834205670008, 130.26486140810223], "UTIS": [50.91339200804592, 6.387835244732296, 130.3295021057129]}}