{"motor_position": {"axis_1_motor_position": 43402, "axis_2_motor_position": 73358}, "target_name": "solar_tower_juelich_lower", "sun_elevation": 35.9163361748428, "sun_azimuth": -81.07765958024841, "focal_spot": {"HeliOS": [50.91339196835166, 6.38784549352364, 122.90517383571289], "UTIS": [50.91339197004893, 6.387846665078275, 122.86642456054688]}}