{"motor_position": {"axis_1_motor_position": 44981, "axis_2_motor_position": 38825}, "target_name": "solar_tower_juelich_upper", "sun_elevation": 43.12086186096331, "sun_azimuth": 68.51958042756247, "focal_spot": {"HeliOS": [50.91339200269745, 6.387836744509316, 129.74018782130872], "UTIS": [50.9133920022479, 6.387836987399409, 129.85225677490234]}}