{"motor_position": {"axis_1_motor_position": 44694, "axis_2_motor_position": 42268}, "target_name": "solar_tower_juelich_upper", "sun_elevation": 48.13450947399105, "sun_azimuth": 59.098788208586186, "focal_spot": {"HeliOS": [50.91339200466211, 6.387836453963436, 130.00680435090797], "UTIS": [50.91339200188576, 6.3878370962421585, 130.12400817871094]}}