{"motor_position": {"axis_1_motor_position": 44276, "axis_2_motor_position": 48058}, "target_name": "solar_tower_juelich_upper", "sun_elevation": 55.522374773317985, "sun_azimuth": 38.82599784873998, "focal_spot": {"HeliOS": [50.91339200297612, 6.387838876329483, 130.45797530743457], "UTIS": [50.91339199267913, 6.3878398634013625, 130.58341217041016]}}