{"motor_position": {"axis_1_motor_position": 44069, "axis_2_motor_position": 51512}, "target_name": "solar_tower_juelich_upper", "sun_elevation": 58.706418125735794, "sun_azimuth": 22.956540813737952, "focal_spot": {"HeliOS": [50.91339199443588, 6.387844050721794, 130.49754478014992], "UTIS": [50.91339197330395, 6.387845686761384, 130.70484924316406]}}