{"motor_position": {"axis_1_motor_position": 46787, "axis_2_motor_position": 30541}, "target_name": "solar_tower_juelich_lower", "sun_elevation": 30.47031667689256, "sun_azimuth": 86.40319620396711, "focal_spot": {"HeliOS": [50.913391990930165, 6.387837814960405, 122.69416049627908], "UTIS": [50.91339199950695, 6.387837811227191, 122.5725326538086]}}