{"motor_position": {"axis_1_motor_position": 46119, "axis_2_motor_position": 69814}, "target_name": "solar_tower_juelich_upper", "sun_elevation": 38.996920600588304, "sun_azimuth": -63.238260964320695, "focal_spot": {"HeliOS": [50.91339200940501, 6.387833342670667, 129.8507418792443], "UTIS": [50.91339201208303, 6.387834031318862, 129.89568328857422]}}