{"motor_position": {"axis_1_motor_position": 45738, "axis_2_motor_position": 48567}, "target_name": "multi_focus_tower", "sun_elevation": 49.68843719902888, "sun_azimuth": 36.441777646421734, "focal_spot": {"HeliOS": [50.91339643492793, 6.387578976865632, 139.1722338454187], "UTIS": [50.91339644013743, 6.387578345985327, 139.1446189880371]}}