{"motor_position": {"axis_1_motor_position": 49376, "axis_2_motor_position": 46640}, "target_name": "multi_focus_tower", "sun_elevation": 40.41411260923883, "sun_azimuth": 38.15492223131713, "focal_spot": {"HeliOS": [50.913396466584075, 6.387569882139299, 138.8419068380837], "UTIS": [50.91339646906049, 6.387569646917177, 138.79095840454102]}}