{"motor_position": {"axis_1_motor_position": 48969, "axis_2_motor_position": 50273}, "target_name": "multi_focus_tower", "sun_elevation": 43.758834051754384, "sun_azimuth": 25.416850614839632, "focal_spot": {"HeliOS": [50.91339641954466, 6.387583283966577, 139.25236181192025], "UTIS": [50.91339642781337, 6.38758205258536, 139.21525955200195]}}