{"motor_position": {"axis_1_motor_position": 52062, "axis_2_motor_position": 40724}, "target_name": "solar_tower_juelich_lower", "sun_elevation": 34.37555822710511, "sun_azimuth": 51.33995739254744, "focal_spot": {"HeliOS": [50.91339201973785, 6.38782756670061, 122.93024304801702]}}