{"motor_position": {"axis_1_motor_position": 51535, "axis_2_motor_position": 43772}, "target_name": "solar_tower_juelich_lower", "sun_elevation": 37.964514497205215, "sun_azimuth": 42.83796951524734, "focal_spot": {"HeliOS": [50.9133920184066, 6.387827854635013, 123.06463841137654], "UTIS": [50.91339203101771, 6.387828340179018, 123.004150390625]}}