{"motor_position": {"axis_1_motor_position": 50739, "axis_2_motor_position": 51966}, "target_name": "solar_tower_juelich_lower", "sun_elevation": 44.304069708506105, "sun_azimuth": 14.890570038132928, "focal_spot": {"HeliOS": [50.91339201074465, 6.387830036859124, 123.47725354409728], "UTIS": [50.91339202256898, 6.387830879601374, 123.31204986572266]}}