{"motor_position": {"axis_1_motor_position": 51574, "axis_2_motor_position": 49281}, "target_name": "solar_tower_juelich_lower", "sun_elevation": 41.283008830444246, "sun_azimuth": 24.22027421672866, "focal_spot": {"HeliOS": [50.91339201244451, 6.3878295266293, 123.40087762686076], "UTIS": [50.91339202543479, 6.387830018229333, 123.2610206604004]}}