{"motor_position": {"axis_1_motor_position": 51239, "axis_2_motor_position": 63358}, "target_name": "solar_tower_juelich_lower", "sun_elevation": 39.5863620989585, "sun_azimuth": -31.262782641897502, "focal_spot": {"HeliOS": [50.91339201741161, 6.387827731819827, 123.42100030318775], "UTIS": [50.91339203037704, 6.387828532744615, 123.2909164428711]}}