{"motor_position": {"axis_1_motor_position": 51111, "axis_2_motor_position": 61066}, "target_name": "solar_tower_juelich_lower", "sun_elevation": 41.6732676199882, "sun_azimuth": -21.99176745520375, "focal_spot": {"HeliOS": [50.91339201798106, 6.387827424597411, 123.49783725934344], "UTIS": [50.91339203145297, 6.387828209352116, 123.3523941040039]}}