{"motor_position": {"axis_1_motor_position": 51288, "axis_2_motor_position": 55204}, "target_name": "solar_tower_juelich_lower", "sun_elevation": 43.26376229192332, "sun_azimuth": 1.8781297077049641, "focal_spot": {"HeliOS": [50.91339201260678, 6.387829492280194, 123.3823769593633], "UTIS": [50.91339202576695, 6.387829918393815, 123.26105499267578]}}