{"motor_position": {"axis_1_motor_position": 51218, "axis_2_motor_position": 57935}, "target_name": "solar_tower_juelich_lower", "sun_elevation": 42.932987880129524, "sun_azimuth": -9.1382338149239, "focal_spot": {"HeliOS": [50.91339201180853, 6.387829784332034, 123.37582788274952], "UTIS": [50.91339202389607, 6.38783048072034, 123.3027572631836]}}