{"motor_position": {"axis_1_motor_position": 55862, "axis_2_motor_position": 34506}, "target_name": "multi_focus_tower", "sun_elevation": 17.542925052240577, "sun_azimuth": 65.02676283583772, "focal_spot": {"HeliOS": [50.91339646228559, 6.387570825653609, 138.1855046317657], "UTIS": [50.913396466850266, 6.387570311682825, 138.13324737548828]}}