{"motor_position": {"axis_1_motor_position": 53655, "axis_2_motor_position": 42321}, "target_name": "multi_focus_tower", "sun_elevation": 27.977416518582267, "sun_azimuth": 46.310358034899046, "focal_spot": {"HeliOS": [50.91339646308618, 6.387570771036101, 138.57872389059494], "UTIS": [50.9133964646625, 6.38757096969559, 138.52888107299805]}}