{"motor_position": {"axis_1_motor_position": 52803, "axis_2_motor_position": 59456}, "target_name": "solar_tower_juelich_upper", "sun_elevation": 36.87554290589545, "sun_azimuth": -14.926270596045244, "focal_spot": {"HeliOS": [50.91339201847572, 6.387828935110241, 130.12424875802506], "UTIS": [50.913392026956984, 6.387829560711459, 130.15118789672852]}}