{"motor_position": {"axis_1_motor_position": 53243, "axis_2_motor_position": 64780}, "target_name": "solar_tower_juelich_upper", "sun_elevation": 32.16696615960575, "sun_azimuth": -35.39313002203154, "focal_spot": {"HeliOS": [50.91339199310667, 6.38784173876498, 129.6528452221196], "UTIS": [50.91339198529134, 6.38784208386872, 129.84480667114258]}}