{"motor_position": {"axis_1_motor_position": 55255, "axis_2_motor_position": 66663}, "target_name": "solar_tower_juelich_upper", "sun_elevation": 25.934526939220543, "sun_azimuth": -40.869451977644175, "focal_spot": {"HeliOS": [50.91339201487648, 6.38782935306526, 129.45717879105877], "UTIS": [50.91339202944547, 6.387828812745108, 129.61697387695312]}}