{"motor_position": {"axis_1_motor_position": 59065, "axis_2_motor_position": 63056}, "target_name": "solar_tower_juelich_lower", "sun_elevation": 20.575146864848058, "sun_azimuth": -25.6249905048506, "focal_spot": {"HeliOS": [50.91339202776728, 6.387824930889405, 122.81699403560472], "UTIS": [50.913392040264746, 6.38782556079886, 122.73982620239258]}}