{"motor_position": {"axis_1_motor_position": 59355, "axis_2_motor_position": 64368}, "target_name": "solar_tower_juelich_lower", "sun_elevation": 19.19886651580026, "sun_azimuth": -30.18098112054952, "focal_spot": {"HeliOS": [50.913392019150656, 6.38782821175885, 122.59003253247644], "UTIS": [50.91339202816822, 6.387829196649121, 122.5691909790039]}}