{"motor_position": {"axis_1_motor_position": 61806, "axis_2_motor_position": 66799}, "target_name": "solar_tower_juelich_upper", "sun_elevation": 10.33413561786072, "sun_azimuth": -37.927927172907694, "focal_spot": {"HeliOS": [50.913392031706344, 6.387819906980361, 129.20780215178354], "UTIS": [50.91339205965767, 6.387819731801243, 129.20731353759766]}}