{"motor_position": {"axis_1_motor_position": 64350, "axis_2_motor_position": 39526}, "target_name": "solar_tower_juelich_lower", "sun_elevation": 5.1131456814421785, "sun_azimuth": 45.00041999085923, "focal_spot": {"HeliOS": [50.91339205731155, 6.387814771667717, 122.77065803452396], "UTIS": [50.9133920759315, 6.387814840254061, 122.55870819091795]}}