{"motor_position": {"axis_1_motor_position": 62464, "axis_2_motor_position": 44998}, "target_name": "solar_tower_juelich_lower", "sun_elevation": 11.515755646944234, "sun_azimuth": 30.775217787417066, "focal_spot": {"HeliOS": [50.91339206272487, 6.3878126788358705, 122.88259613988572], "UTIS": [50.913392082828686, 6.387812767092386, 122.74439239501952]}}