{"motor_position": {"axis_1_motor_position": 61078, "axis_2_motor_position": 46733}, "target_name": "solar_tower_juelich_lower", "sun_elevation": 15.752774840755055, "sun_azimuth": 26.317798077651023, "focal_spot": {"HeliOS": [50.91339205496692, 6.387815451759084, 122.84204997008412], "UTIS": [50.91339207443065, 6.387815291381785, 122.7218246459961]}}