{"motor_position": {"axis_1_motor_position": 61185, "axis_2_motor_position": 42844}, "target_name": "solar_tower_juelich_lower", "sun_elevation": 14.322667548885278, "sun_azimuth": 37.18006497509093, "focal_spot": {"HeliOS": [50.91339203870924, 6.387821398867969, 122.65112324279158], "UTIS": [50.91339205512392, 6.387821094534042, 122.52196884155272]}}