{"motor_position": {"axis_1_motor_position": 57493, "axis_2_motor_position": 38104}, "target_name": "solar_tower_juelich_lower", "sun_elevation": 21.012026685527648, "sun_azimuth": 52.45867408121246, "focal_spot": {"HeliOS": [50.913392039769626, 6.3878210847776655, 122.61896582199353], "UTIS": [50.913392055034116, 6.387821121525227, 122.52871322631836]}}