{"motor_position": {"axis_1_motor_position": 57101, "axis_2_motor_position": 41112}, "target_name": "solar_tower_juelich_lower", "sun_elevation": 26.686787760721877, "sun_azimuth": 33.21150769284929, "focal_spot": {"HeliOS": [50.91339204729045, 6.387820000443237, 121.69825691927356], "UTIS": [50.913392056212025, 6.387820767480341, 121.59806823730467]}}