{"motor_position": {"axis_1_motor_position": 56633, "axis_2_motor_position": 43579}, "target_name": "solar_tower_juelich_lower", "sun_elevation": 28.737511781405676, "sun_azimuth": 26.19519244954532, "focal_spot": {"HeliOS": [50.913392025461754, 6.387825323463969, 123.10487804205415], "UTIS": [50.91339203829691, 6.387826152272613, 122.94698333740234]}}