{"motor_position": {"axis_1_motor_position": 56519, "axis_2_motor_position": 44578}, "target_name": "solar_tower_juelich_lower", "sun_elevation": 29.437627714885878, "sun_azimuth": 23.27533852959057, "focal_spot": {"HeliOS": [50.91339202807173, 6.387824464994454, 123.06525580679302], "UTIS": [50.913392042241, 6.387824966796168, 122.97856521606444]}}