{"motor_position": {"axis_1_motor_position": 56420, "axis_2_motor_position": 45577}, "target_name": "solar_tower_juelich_lower", "sun_elevation": 30.06218087815632, "sun_azimuth": 20.29424454021475, "focal_spot": {"HeliOS": [50.91339202913748, 6.387824074051593, 123.0768913727368], "UTIS": [50.91339204235718, 6.387824931872381, 122.96238708496094]}}