{"motor_position": {"axis_1_motor_position": 56337, "axis_2_motor_position": 46540}, "target_name": "solar_tower_juelich_lower", "sun_elevation": 30.60139099505728, "sun_azimuth": 17.288095408275716, "focal_spot": {"HeliOS": [50.913392017311274, 6.387828153037739, 123.13026648851896], "UTIS": [50.91339202711737, 6.387829512498871, 123.05350494384766]}}