{"motor_position": {"axis_1_motor_position": 56210, "axis_2_motor_position": 54184}, "target_name": "solar_tower_juelich_lower", "sun_elevation": 31.712114876146725, "sun_azimuth": -7.760430756674221, "focal_spot": {"HeliOS": [50.913392026572396, 6.3878251472204965, 122.9563443104898], "UTIS": [50.913392038334614, 6.387826140943231, 122.80297470092772]}}