{"motor_position": {"axis_1_motor_position": 56260, "axis_2_motor_position": 55102}, "target_name": "solar_tower_juelich_lower", "sun_elevation": 31.426196258476523, "sun_azimuth": -10.959952441816766, "focal_spot": {"HeliOS": [50.91339202199648, 6.387826844878537, 122.88192868580155], "UTIS": [50.913392031621704, 6.387828158637706, 122.814453125]}}