{"motor_position": {"axis_1_motor_position": 56384, "axis_2_motor_position": 56850}, "target_name": "solar_tower_juelich_lower", "sun_elevation": 30.615683671718667, "sun_azimuth": -17.0087768235669, "focal_spot": {"HeliOS": [50.91339202018891, 6.387827298650484, 123.01329139423876], "UTIS": [50.91339202980709, 6.3878287040549075, 122.97774124145508]}}