{"motor_position": {"axis_1_motor_position": 56522, "axis_2_motor_position": 58126}, "target_name": "solar_tower_juelich_lower", "sun_elevation": 29.770063453108794, "sun_azimuth": -21.548896388659234, "focal_spot": {"HeliOS": [50.91339200713304, 6.387831747733415, 123.11675569109627], "UTIS": [50.91339201674017, 6.387832631546922, 122.97117614746094]}}