{"motor_position": {"axis_1_motor_position": 56706, "axis_2_motor_position": 59449}, "target_name": "solar_tower_juelich_lower", "sun_elevation": 28.730602005872687, "sun_azimuth": -26.027083856470394, "focal_spot": {"HeliOS": [50.91339201959928, 6.387827578065252, 122.95817581953466], "UTIS": [50.91339202905484, 6.38782893015439, 122.94413375854492]}}