{"motor_position": {"axis_1_motor_position": 58510, "axis_2_motor_position": 66296}, "target_name": "solar_tower_juelich_lower", "sun_elevation": 19.75185053890482, "sun_azimuth": -49.391332298497346, "focal_spot": {"HeliOS": [50.91339201520437, 6.387829344546643, 122.77149006165696], "UTIS": [50.91339202354056, 6.387830587573159, 122.6423797607422]}}