{"motor_position": {"axis_1_motor_position": 45435, "axis_2_motor_position": 53371}, "target_name": "solar_tower_juelich_lower", "sun_elevation": 60.86595883694137, "sun_azimuth": -20.973322501159227, "focal_spot": {"HeliOS": [50.91339203350743, 6.387821046178631, 124.00032930315194], "UTIS": [50.91339205776411, 6.38782030095523, 123.91595077514648]}}