{"motor_position": {"axis_1_motor_position": 45261, "axis_2_motor_position": 59203}, "target_name": "solar_tower_juelich_upper", "sun_elevation": 54.547135431405636, "sun_azimuth": -49.25900591588311, "focal_spot": {"HeliOS": [50.91339205193032, 6.387809508844478, 129.62352195502012], "UTIS": [50.913392099539976, 6.38780774395893, 129.63531875610352]}}