{"motor_position": {"axis_1_motor_position": 46178, "axis_2_motor_position": 62026}, "target_name": "solar_tower_juelich_lower", "sun_elevation": 50.14166346848317, "sun_azimuth": -59.97610210420992, "focal_spot": {"HeliOS": [50.91339206676058, 6.387811760825116, 122.64104445784872], "UTIS": [50.91339209255299, 6.38780984413891, 122.62311172485352]}}