{"motor_position": {"axis_1_motor_position": 46441, "axis_2_motor_position": 64270}, "target_name": "solar_tower_juelich_lower", "sun_elevation": 45.98451770787988, "sun_azimuth": -67.94330051157473, "focal_spot": {"HeliOS": [50.91339207334139, 6.387809578239468, 122.6016640843446], "UTIS": [50.913392098084124, 6.3878081815673315, 122.59269714355467]}}