{"motor_position": {"axis_1_motor_position": 46759, "axis_2_motor_position": 66616}, "target_name": "solar_tower_juelich_lower", "sun_elevation": 40.949768587608546, "sun_azimuth": -76.02782071102311, "focal_spot": {"HeliOS": [50.91339201316278, 6.387829750094884, 123.01860006502142], "UTIS": [50.91339202697067, 6.387829556595998, 122.8454475402832]}}