{"motor_position": {"axis_1_motor_position": 47142, "axis_2_motor_position": 68862}, "target_name": "solar_tower_juelich_lower", "sun_elevation": 35.979666392418316, "sun_azimuth": -82.99571650160522, "focal_spot": {"HeliOS": [50.9133920139462, 6.38782951998749, 122.98316029711876], "UTIS": [50.91339203141678, 6.3878282202340175, 122.97116470336914]}}