{"motor_position": {"axis_1_motor_position": 47530, "axis_2_motor_position": 70724}, "target_name": "solar_tower_juelich_lower", "sun_elevation": 31.616628490659277, "sun_azimuth": -88.60745734429493, "focal_spot": {"HeliOS": [50.91339201680373, 6.387828483338264, 123.01294506234714], "UTIS": [50.91339203593518, 6.387826862138744, 123.02850723266602]}}