{"motor_position": {"axis_1_motor_position": 47935, "axis_2_motor_position": 72316}, "target_name": "solar_tower_juelich_lower", "sun_elevation": 27.70995815031399, "sun_azimuth": -93.38937911924097, "focal_spot": {"HeliOS": [50.91339201261167, 6.387829948458486, 123.0140928549974], "UTIS": [50.9133920301981, 6.387828586530366, 123.0012435913086]}}