{"motor_position": {"axis_1_motor_position": 48930, "axis_2_motor_position": 75228}, "target_name": "solar_tower_juelich_lower", "sun_elevation": 20.20993361418627, "sun_azimuth": -102.29308455158026, "focal_spot": {"HeliOS": [50.91339202368533, 6.387826064848903, 123.02094621268336], "UTIS": [50.91339204074935, 6.387825415137314, 122.9801254272461]}}