{"motor_position": {"axis_1_motor_position": 48563, "axis_2_motor_position": 74285}, "target_name": "solar_tower_juelich_lower", "sun_elevation": 22.683214367767935, "sun_azimuth": -99.37059965582576, "focal_spot": {"HeliOS": [50.91339200981483, 6.387830885960406, 123.04876784393178], "UTIS": [50.91339202503233, 6.387830139194726, 122.97957992553712]}}