{"motor_position": {"axis_1_motor_position": 44884, "axis_2_motor_position": 30674}, "target_name": "solar_tower_juelich_lower", "sun_elevation": 43.6886480210161, "sun_azimuth": 71.99334014912445, "focal_spot": {"HeliOS": [50.91339202519925, 6.387827028301322, 121.91597161824684], "UTIS": [50.91339203024066, 6.3878285737365035, 121.77284240722656]}}