{"motor_position": {"axis_1_motor_position": 44765, "axis_2_motor_position": 33506}, "target_name": "solar_tower_juelich_lower", "sun_elevation": 47.72858292745272, "sun_azimuth": 65.0119572859346, "focal_spot": {"HeliOS": [50.9133920160442, 6.38782867844801, 123.06815051513738], "UTIS": [50.91339202795768, 6.387829259930261, 122.94568252563477]}}