{"motor_position": {"axis_1_motor_position": 44789, "axis_2_motor_position": 36269}, "target_name": "solar_tower_juelich_lower", "sun_elevation": 51.50443385219101, "sun_azimuth": 57.253415386885706, "focal_spot": {"HeliOS": [50.91339201537091, 6.3878287908599125, 123.16501014798422], "UTIS": [50.913392028163436, 6.3878291980864805, 123.05364227294922]}}