{"motor_position": {"axis_1_motor_position": 44838, "axis_2_motor_position": 39146}, "target_name": "solar_tower_juelich_lower", "sun_elevation": 55.14022807848385, "sun_azimuth": 47.87908039900364, "focal_spot": {"HeliOS": [50.91339201803055, 6.3878277599113185, 123.23598909312231], "UTIS": [50.91339203230957, 6.387827951888347, 123.1183624267578]}}