{"motor_position": {"axis_1_motor_position": 44954, "axis_2_motor_position": 43474}, "target_name": "solar_tower_juelich_lower", "sun_elevation": 59.625553367253055, "sun_azimuth": 30.59247403611439, "focal_spot": {"HeliOS": [50.913392017825124, 6.387827770745165, 123.2823414196134], "UTIS": [50.91339203361066, 6.3878275608178745, 123.18684768676758]}}