{"motor_position": {"axis_1_motor_position": 45044, "axis_2_motor_position": 45858}, "target_name": "solar_tower_juelich_lower", "sun_elevation": 61.3135337599537, "sun_azimuth": 19.268114776250858, "focal_spot": {"HeliOS": [50.91339201842004, 6.3878276131152045, 123.24285358456264], "UTIS": [50.913392034698276, 6.387827233913334, 123.15406036376952]}}