{"motor_position": {"axis_1_motor_position": 45137, "axis_2_motor_position": 48202}, "target_name": "solar_tower_juelich_lower", "sun_elevation": 62.22971835892659, "sun_azimuth": 7.034137170099346, "focal_spot": {"HeliOS": [50.91339202111367, 6.38782666163499, 123.24254696819064], "UTIS": [50.91339203896193, 6.387825952384613, 123.14809036254884]}}