{"motor_position": {"axis_1_motor_position": 45249, "axis_2_motor_position": 50506}, "target_name": "solar_tower_juelich_lower", "sun_elevation": 62.280614418287016, "sun_azimuth": -5.616291531516856, "focal_spot": {"HeliOS": [50.91339201559848, 6.387828564077409, 123.27844770318704], "UTIS": [50.91339203248317, 6.387827899709458, 123.18586730957033]}}