{"motor_position": {"axis_1_motor_position": 45374, "axis_2_motor_position": 52773}, "target_name": "solar_tower_juelich_lower", "sun_elevation": 61.44790444321584, "sun_azimuth": -18.045555846418893, "focal_spot": {"HeliOS": [50.91339201693124, 6.387828111566657, 123.26387119184456], "UTIS": [50.9133920345205, 6.3878272873533035, 123.17320251464844]}}