{"motor_position": {"axis_1_motor_position": 45515, "axis_2_motor_position": 54979}, "target_name": "solar_tower_juelich_lower", "sun_elevation": 59.812574968889976, "sun_azimuth": -29.604891732255503, "focal_spot": {"HeliOS": [50.91339201728218, 6.387828004638208, 123.25086723618196], "UTIS": [50.913392032320345, 6.387827948647507, 123.1871109008789]}}