{"motor_position": {"axis_1_motor_position": 45951, "axis_2_motor_position": 60564}, "target_name": "solar_tower_juelich_lower", "sun_elevation": 52.60408695190136, "sun_azimuth": -54.81976626669062, "focal_spot": {"HeliOS": [50.9133920206505, 6.387827020317266, 123.09974351030836], "UTIS": [50.9133920387106, 6.387826027927387, 122.92253875732422]}}