{"motor_position": {"axis_1_motor_position": 47212, "axis_2_motor_position": 69615}, "target_name": "solar_tower_juelich_lower", "sun_elevation": 34.35785935797933, "sun_azimuth": -85.388314124736, "focal_spot": {"HeliOS": [50.9133920168475, 6.3878283536092715, 123.1014221242112], "UTIS": [50.91339203561958, 6.387826956997741, 122.95292282104492]}}