{"motor_position": {"axis_1_motor_position": 48635, "axis_2_motor_position": 74380}, "target_name": "solar_tower_juelich_lower", "sun_elevation": 22.634282471881487, "sun_azimuth": -99.66499819440219, "focal_spot": {"HeliOS": [50.91339202587357, 6.387826365924655, 122.248214818937], "UTIS": [50.91339203588355, 6.387826877658166, 122.36981582641602]}}