{"motor_position": {"axis_1_motor_position": 44682, "axis_2_motor_position": 51465}, "target_name": "solar_tower_juelich_upper", "sun_elevation": 62.090247924852854, "sun_azimuth": -11.345959593398291, "focal_spot": {"HeliOS": [50.913392021182204, 6.387826683362611, 129.8047526429214], "UTIS": [50.913392038630434, 6.387826052023512, 129.82357788085938]}}