{"motor_position": {"axis_1_motor_position": 46345, "axis_2_motor_position": 69091}, "target_name": "solar_tower_juelich_upper", "sun_elevation": 35.24274717136418, "sun_azimuth": -84.30183357942815, "focal_spot": {"HeliOS": [50.91339201413995, 6.387829621704566, 129.40232894526534], "UTIS": [50.913392030887124, 6.387828379428447, 129.42464447021484]}}