{"motor_position": {"axis_1_motor_position": 44489, "axis_2_motor_position": 48383}, "target_name": "solar_tower_juelich_upper", "sun_elevation": 62.44034888010122, "sun_azimuth": 5.747804744259787, "focal_spot": {"HeliOS": [50.91339201958817, 6.38782760944508, 129.82347194744472], "UTIS": [50.91339203564423, 6.3878269495871995, 129.90969848632812]}}