{"motor_position": {"axis_1_motor_position": 44281, "axis_2_motor_position": 43464}, "target_name": "solar_tower_juelich_upper", "sun_elevation": 59.787377859714205, "sun_azimuth": 30.65288566634516, "focal_spot": {"HeliOS": [50.91339202503551, 6.3878245407581105, 129.80212072984548], "UTIS": [50.91339204405501, 6.387824421555247, 129.82757949829102]}}