{"motor_position": {"axis_1_motor_position": 45561, "axis_2_motor_position": 63539}, "target_name": "solar_tower_juelich_upper", "sun_elevation": 47.13803068769338, "sun_azimuth": -66.48748471248808, "focal_spot": {"HeliOS": [50.913392020190265, 6.387827081487873, 129.7352592229452], "UTIS": [50.91339203892219, 6.387825964330975, 129.7664337158203]}}