{"motor_position": {"axis_1_motor_position": 43918, "axis_2_motor_position": 29584}, "target_name": "solar_tower_juelich_upper", "sun_elevation": 42.0504264294866, "sun_azimuth": 74.87735173568666, "focal_spot": {"HeliOS": [50.91339201578286, 6.3878291891788175, 129.59818909391964], "UTIS": [50.913392028444235, 6.387829113682243, 129.61751174926758]}}