{"motor_position": {"axis_1_motor_position": 44922, "axis_2_motor_position": 25212}, "target_name": "solar_tower_juelich_lower", "sun_elevation": 35.64546616970174, "sun_azimuth": 83.41853868893219, "focal_spot": {"HeliOS": [50.913392022905434, 6.38782694776736, 122.57080496938232], "UTIS": [50.91339203526086, 6.387827064820102, 122.51889419555664]}}