{"motor_position": {"axis_1_motor_position": 45472, "axis_2_motor_position": 53558}, "target_name": "solar_tower_juelich_lower", "sun_elevation": 60.83246114885517, "sun_azimuth": -22.211572714326444, "focal_spot": {"HeliOS": [50.9133920182601, 6.3878276537568865, 123.2547282744107], "UTIS": [50.91339203339337, 6.387827626129626, 123.18085861206056]}}