{"motor_position": {"axis_1_motor_position": 44080, "axis_2_motor_position": 26753}, "target_name": "solar_tower_juelich_upper", "sun_elevation": 37.65731102019407, "sun_azimuth": 80.45187079612765, "focal_spot": {"HeliOS": [50.91339201777863, 6.387828285470371, 129.67998260446245], "UTIS": [50.913392029765454, 6.387828716570793, 129.7425537109375]}}