{"motor_position": {"axis_1_motor_position": 44089, "axis_2_motor_position": 26050}, "target_name": "solar_tower_juelich_upper", "sun_elevation": 36.615010767132794, "sun_azimuth": 81.8748610713032, "focal_spot": {"HeliOS": [50.91339201832496, 6.387827810868486, 129.60154195833462], "UTIS": [50.91339203174376, 6.387828121951119, 129.67189407348633]}}