{"motor_position": {"axis_1_motor_position": 45010, "axis_2_motor_position": 40390}, "target_name": "solar_tower_juelich_lower", "sun_elevation": 56.3234941933011, "sun_azimuth": 42.926460360838924, "focal_spot": {"HeliOS": [50.91339201719806, 6.38782809330363, 123.2061704493752], "UTIS": [50.91339203070756, 6.387828433404039, 123.13131713867188]}}