{"motor_position": {"axis_1_motor_position": 45551, "axis_2_motor_position": 53500}, "target_name": "solar_tower_juelich_lower", "sun_elevation": 60.655813472118254, "sun_azimuth": -21.837624673308913, "focal_spot": {"HeliOS": [50.91339201495252, 6.387828939607627, 123.16391122143727], "UTIS": [50.91339202866222, 6.3878290481670925, 123.11864852905272]}}