{"motor_position": {"axis_1_motor_position": 46732, "axis_2_motor_position": 65702}, "target_name": "solar_tower_juelich_lower", "sun_elevation": 42.713436468609586, "sun_azimuth": -72.82551242151943, "focal_spot": {"HeliOS": [50.913392031849455, 6.387823061326205, 123.11702812081492], "UTIS": [50.91339204874462, 6.3878230119862005, 122.96503829956056]}}