{"motor_position": {"axis_1_motor_position": 48325, "axis_2_motor_position": 73186}, "target_name": "solar_tower_juelich_lower", "sun_elevation": 25.349505474185122, "sun_azimuth": -95.79071490939464, "focal_spot": {"HeliOS": [50.913392028075634, 6.387824241750352, 123.21546436948832], "UTIS": [50.913392047714986, 6.38782332146614, 123.19479370117188]}}