{"motor_position": {"axis_1_motor_position": 44514, "axis_2_motor_position": 43109}, "target_name": "solar_tower_juelich_upper", "sun_elevation": 58.89711149954896, "sun_azimuth": 31.54901804385754, "focal_spot": {"HeliOS": [50.91339202617214, 6.387824293606316, 129.99862436602564], "UTIS": [50.91339204425045, 6.387824362806535, 130.03007125854492]}}