{"motor_position": {"axis_1_motor_position": 44548, "axis_2_motor_position": 40103}, "target_name": "solar_tower_juelich_upper", "sun_elevation": 55.63030669495099, "sun_azimuth": 43.3878278489501, "focal_spot": {"HeliOS": [50.91339202460896, 6.387825156456761, 129.98946631683089], "UTIS": [50.91339204170084, 6.387825129150079, 130.02862167358398]}}