{"motor_position": {"axis_1_motor_position": 45445, "axis_2_motor_position": 41363}, "target_name": "solar_tower_juelich_lower", "sun_elevation": 56.53948759015866, "sun_azimuth": 38.03474814475943, "focal_spot": {"HeliOS": [50.913392019356266, 6.387827373350889, 123.1753779104358], "UTIS": [50.913392032642676, 6.387827851768068, 123.08568572998048]}}