{"motor_position": {"axis_1_motor_position": 46452, "axis_2_motor_position": 59853}, "target_name": "solar_tower_juelich_lower", "sun_elevation": 52.51293734295645, "sun_azimuth": -50.80786011556358, "focal_spot": {"HeliOS": [50.91339202929376, 6.3878237276711705, 123.27119548108392], "UTIS": [50.91339204805897, 6.38782321807112, 123.19192123413086]}}