{"motor_position": {"axis_1_motor_position": 46011, "axis_2_motor_position": 51737}, "target_name": "solar_tower_juelich_lower", "sun_elevation": 60.129072803230315, "sun_azimuth": -12.293160765261042, "focal_spot": {"HeliOS": [50.91339201549297, 6.387828607393561, 123.27384529187762], "UTIS": [50.91339203024575, 6.387828572204224, 123.22024536132812]}}