{"motor_position": {"axis_1_motor_position": 46643, "axis_2_motor_position": 64235}, "target_name": "solar_tower_juelich_upper", "sun_elevation": 43.98759847682237, "sun_azimuth": -66.83907943515729, "focal_spot": {"HeliOS": [50.91339202400679, 6.387825249239868, 129.87005223465025], "UTIS": [50.91339204646305, 6.38782369776299, 129.9647331237793]}}