{"motor_position": {"axis_1_motor_position": 48102, "axis_2_motor_position": 71876}, "target_name": "solar_tower_juelich_upper", "sun_elevation": 26.984558189218035, "sun_azimuth": -90.85661338704811, "focal_spot": {"HeliOS": [50.913392017520685, 6.387828766422483, 129.82697265808343], "UTIS": [50.913392033783005, 6.387827509018664, 129.97423553466797]}}