{"motor_position": {"axis_1_motor_position": 45970, "axis_2_motor_position": 56164}, "target_name": "solar_tower_juelich_upper", "sun_elevation": 56.138600108237775, "sun_azimuth": -34.496308907897266, "focal_spot": {"HeliOS": [50.91339201907941, 6.38782816912148, 129.94462575857258], "UTIS": [50.91339203261003, 6.38782786157873, 129.9708251953125]}}