{"motor_position": {"axis_1_motor_position": 44490, "axis_2_motor_position": 37653}, "target_name": "multi_focus_tower", "sun_elevation": 48.69908691131602, "sun_azimuth": 54.14724023812439, "focal_spot": {"HeliOS": [50.913396439071704, 6.387577811529814, 139.04205109261625], "UTIS": [50.91339644080524, 6.387578145134548, 139.01467514038086]}}