{"motor_position": {"axis_1_motor_position": 44779, "axis_2_motor_position": 47057}, "target_name": "multi_focus_tower", "sun_elevation": 57.93984281996171, "sun_azimuth": 17.771769112091338, "focal_spot": {"HeliOS": [50.913396443531084, 6.387576546619448, 139.10569792021306], "UTIS": [50.91339644477076, 6.387576952450815, 139.0811996459961]}}