{"motor_position": {"axis_1_motor_position": 45233, "axis_2_motor_position": 55494}, "target_name": "multi_focus_tower", "sun_elevation": 56.96087155713527, "sun_azimuth": -24.901414731286753, "focal_spot": {"HeliOS": [50.91339644269064, 6.387576780713494, 139.01448279261513], "UTIS": [50.91339644460495, 6.3875770023245115, 138.9936065673828]}}