{"motor_position": {"axis_1_motor_position": 45915, "axis_2_motor_position": 63389}, "target_name": "multi_focus_tower", "sun_elevation": 46.42169048598376, "sun_azimuth": -59.03646949460882, "focal_spot": {"HeliOS": [50.91339645061063, 6.38757447864504, 138.79100245996028], "UTIS": [50.9133964537391, 6.3875742550947745, 138.75778198242188]}}