{"motor_position": {"axis_1_motor_position": 47097, "axis_2_motor_position": 71114}, "target_name": "multi_focus_tower", "sun_elevation": 29.91975136804958, "sun_azimuth": -84.8976682189731, "focal_spot": {"HeliOS": [50.91339643722591, 6.3875783636286805, 138.61959358877525], "UTIS": [50.913396443998636, 6.387577184679448, 138.6140899658203]}}