{"motor_position": {"axis_1_motor_position": 46525, "axis_2_motor_position": 52251}, "target_name": "solar_tower_juelich_upper", "sun_elevation": 57.06835886301094, "sun_azimuth": -15.008437300930039, "focal_spot": {"HeliOS": [50.91339201672264, 6.387829500052951, 129.94776179753143], "UTIS": [50.913392027118384, 6.387829512197159, 129.99954986572266]}}