{"motor_position": {"axis_1_motor_position": 48622, "axis_2_motor_position": 21610}, "target_name": "solar_tower_juelich_upper", "sun_elevation": 26.282891384487993, "sun_azimuth": 82.8325253193728, "focal_spot": {"HeliOS": [50.91339203497117, 6.387816674634484, 127.98072291360111], "UTIS": [50.91339207008297, 6.387816598193131, 128.00713348388672]}}