{"motor_position": {"axis_1_motor_position": 47437, "axis_2_motor_position": 32376}, "target_name": "solar_tower_juelich_upper", "sun_elevation": 41.17389549947145, "sun_azimuth": 59.854280531431385, "focal_spot": {"HeliOS": [50.91339202969298, 6.387822393016701, 130.04548788593945], "UTIS": [50.91339204939314, 6.387822817054386, 130.04567337036133]}}