{"motor_position": {"axis_1_motor_position": 47242, "axis_2_motor_position": 40773}, "target_name": "solar_tower_juelich_upper", "sun_elevation": 50.75721885146254, "sun_azimuth": 34.47633918207162, "focal_spot": {"HeliOS": [50.913392035206435, 6.387819885774084, 130.42817852227049], "UTIS": [50.91339205830071, 6.38782013966578, 130.4295997619629]}}