{"motor_position": {"axis_1_motor_position": 55626, "axis_2_motor_position": 49084}, "target_name": "solar_tower_juelich_lower", "sun_elevation": 34.261874304995985, "sun_azimuth": -2.1166712474219125, "focal_spot": {"HeliOS": [50.913392051031195, 6.387816236929044, 123.1628882220441], "UTIS": [50.91339207338022, 6.387815607112883, 123.15588760375977]}}