{"motor_position": {"axis_1_motor_position": 55763, "axis_2_motor_position": 52259}, "target_name": "solar_tower_juelich_lower", "sun_elevation": 33.5290911691502, "sun_azimuth": -12.737971757908246, "focal_spot": {"HeliOS": [50.913392047625806, 6.387816408432315, 123.72439942478118], "UTIS": [50.91339207358466, 6.387815545658954, 123.71965408325195]}}