{"motor_position": {"axis_1_motor_position": 56151, "axis_2_motor_position": 55516}, "target_name": "solar_tower_juelich_lower", "sun_elevation": 31.636717289896726, "sun_azimuth": -23.78530991856438, "focal_spot": {"HeliOS": [50.91339205201195, 6.387815284355679, 123.48600185857514], "UTIS": [50.913392078543616, 6.387814055102791, 123.47260284423828]}}