{"motor_position": {"axis_1_motor_position": 56617, "axis_2_motor_position": 58292}, "target_name": "solar_tower_juelich_lower", "sun_elevation": 29.08544972899205, "sun_azimuth": -33.11223316052854, "focal_spot": {"HeliOS": [50.913392059218786, 6.387812502433932, 123.58829420904178], "UTIS": [50.91339208736623, 6.387811403193427, 123.56057739257812]}}