{"motor_position": {"axis_1_motor_position": 59602, "axis_2_motor_position": 66984}, "target_name": "solar_tower_juelich_lower", "sun_elevation": 15.473784282112327, "sun_azimuth": -61.337021547842916, "focal_spot": {"HeliOS": [50.913392062529816, 6.3878108241739575, 123.81990878012994], "UTIS": [50.91339209401034, 6.387809406083027, 123.69441986083984]}}