{"motor_position": {"axis_1_motor_position": 59259, "axis_2_motor_position": 61032}, "target_name": "solar_tower_juelich_lower", "sun_elevation": 20.86522970081646, "sun_azimuth": -40.95232637508067, "focal_spot": {"HeliOS": [50.91339205967038, 6.387815058891387, 122.17621983145293], "UTIS": [50.91339207834359, 6.387814115227842, 122.0169448852539]}}