{"motor_position": {"axis_1_motor_position": 57823, "axis_2_motor_position": 53866}, "target_name": "solar_tower_juelich_lower", "sun_elevation": 27.480861449127033, "sun_azimuth": -17.77828568347478, "focal_spot": {"HeliOS": [50.913392038605586, 6.387820791887592, 123.05290523098486], "UTIS": [50.913392057850515, 6.387820274987826, 123.02825927734376]}}