{"motor_position": {"axis_1_motor_position": 60464, "axis_2_motor_position": 61998}, "target_name": "solar_tower_juelich_lower", "sun_elevation": 16.911102608135007, "sun_azimuth": -43.63229103948555, "focal_spot": {"HeliOS": [50.91339204586969, 6.3878183465210565, 122.99529977644872], "UTIS": [50.91339206784061, 6.387817272199838, 123.00055313110352]}}