{"motor_position": {"axis_1_motor_position": 59586, "axis_2_motor_position": 32600}, "target_name": "solar_tower_juelich_upper", "sun_elevation": 16.47810827298382, "sun_azimuth": 43.13359722523899, "focal_spot": {"HeliOS": [50.91339204407675, 6.387813228466186, 129.0471675178345], "UTIS": [50.91339208368841, 6.387812508679416, 129.07449340820312]}}