{"motor_position": {"axis_1_motor_position": 58797, "axis_2_motor_position": 43449}, "target_name": "multi_focus_tower", "sun_elevation": 20.238094895054065, "sun_azimuth": 17.772269573052505, "focal_spot": {"HeliOS": [50.91339648386047, 6.387564979474944, 138.93538285938553], "UTIS": [50.91339648281836, 6.387565508946281, 138.89338302612305]}}