{"motor_position": {"axis_1_motor_position": 63446, "axis_2_motor_position": 61137}, "target_name": "solar_tower_juelich_upper", "sun_elevation": 7.459420472166235, "sun_azimuth": -39.516125376625, "focal_spot": {"HeliOS": [50.91339205095332, 6.3878100104653015, 129.57915672875785], "UTIS": [50.913392096591195, 6.387808630322059, 129.68194198608398]}}