{"motor_position": {"axis_1_motor_position": 58954, "axis_2_motor_position": 41236}, "target_name": "solar_tower_juelich_upper", "sun_elevation": 21.625827463683876, "sun_azimuth": 20.313627575221666, "focal_spot": {"HeliOS": [50.91339204173973, 6.387815339528519, 129.85314321006004], "UTIS": [50.91339207701182, 6.387814515525898, 129.84420013427734]}}