{"motor_position": {"axis_1_motor_position": 59152, "axis_2_motor_position": 54493}, "target_name": "solar_tower_juelich_upper", "sun_elevation": 21.81726329306871, "sun_azimuth": -19.571787188078194, "focal_spot": {"HeliOS": [50.91339204449145, 6.387814084950327, 130.1100023750883], "UTIS": [50.913392081410095, 6.3878131934934475, 130.12557983398438]}}