{"motor_position": {"axis_1_motor_position": 61240, "axis_2_motor_position": 62403}, "target_name": "solar_tower_juelich_upper", "sun_elevation": 13.048383144608826, "sun_azimuth": -44.57322867577688, "focal_spot": {"HeliOS": [50.91339204299964, 6.387814429065742, 129.66471619951082], "UTIS": [50.913392080782785, 6.387813382052066, 129.66253280639648]}}