{"motor_position": {"axis_1_motor_position": 63340, "axis_2_motor_position": 66406}, "target_name": "solar_tower_juelich_upper", "sun_elevation": 5.643225192110997, "sun_azimuth": -57.474256692992, "focal_spot": {"HeliOS": [50.9133920339598, 6.38781880929076, 129.27264557514712], "UTIS": [50.91339206773371, 6.387817304330265, 129.22618103027344]}}