{"motor_position": {"axis_1_motor_position": 58317, "axis_2_motor_position": 40495}, "target_name": "solar_tower_juelich_upper", "sun_elevation": 23.093280246055798, "sun_azimuth": 22.662078401019112, "focal_spot": {"HeliOS": [50.91339203874182, 6.3878172508036295, 130.03212237924848], "UTIS": [50.91339207053008, 6.387816463799946, 130.1258087158203]}}