{"motor_position": {"axis_1_motor_position": 58234, "axis_2_motor_position": 52507}, "target_name": "solar_tower_juelich_upper", "sun_elevation": 24.851531758343512, "sun_azimuth": -13.433787587678475, "focal_spot": {"HeliOS": [50.913392040629724, 6.387816370487385, 130.17652249249147], "UTIS": [50.9133920729692, 6.387815730658069, 130.19296646118164]}}