{"motor_position": {"axis_1_motor_position": 58426, "axis_2_motor_position": 38588}, "target_name": "solar_tower_juelich_upper", "sun_elevation": 22.054039090026915, "sun_azimuth": 27.88551204126942, "focal_spot": {"HeliOS": [50.913392038285686, 6.387817768291512, 130.21497480014824], "UTIS": [50.91339206538483, 6.38781801035214, 130.17271423339844]}}