{"motor_position": {"axis_1_motor_position": 58056, "axis_2_motor_position": 51833}, "target_name": "solar_tower_juelich_upper", "sun_elevation": 25.45854747127621, "sun_azimuth": -11.320592008371143, "focal_spot": {"HeliOS": [50.913392038887615, 6.387817398437912, 130.1980106213947], "UTIS": [50.91339206813673, 6.387817183191982, 130.20512771606445]}}