{"motor_position": {"axis_1_motor_position": 59610, "axis_2_motor_position": 60265}, "target_name": "solar_tower_juelich_upper", "sun_elevation": 18.470119229981186, "sun_azimuth": -38.217627330280166, "focal_spot": {"HeliOS": [50.91339203745983, 6.387817707009526, 129.8419484098105], "UTIS": [50.91339206930627, 6.387816831655696, 129.83766174316406]}}