{"motor_position": {"axis_1_motor_position": 58377, "axis_2_motor_position": 56553}, "target_name": "solar_tower_juelich_lower", "sun_elevation": 25.05063343791938, "sun_azimuth": -26.559421783788107, "focal_spot": {"HeliOS": [50.91339202106487, 6.387826834989556, 123.1289101491818], "UTIS": [50.913392036978045, 6.387826548685725, 123.0248908996582]}}