{"motor_position": {"axis_1_motor_position": 56438, "axis_2_motor_position": 41323}, "target_name": "solar_tower_juelich_upper", "sun_elevation": 28.534571662846734, "sun_azimuth": 21.404863523843222, "focal_spot": {"HeliOS": [50.91339203716935, 6.387818047511361, 129.96798187125802], "UTIS": [50.9133920666644, 6.387817625743007, 129.9818000793457]}}