{"motor_position": {"axis_1_motor_position": 56275, "axis_2_motor_position": 44168}, "target_name": "solar_tower_juelich_upper", "sun_elevation": 29.953205873152253, "sun_azimuth": 12.965740319791145, "focal_spot": {"HeliOS": [50.91339203474479, 6.387819685767531, 130.1420668681915], "UTIS": [50.91339206310742, 6.387818694888187, 130.1410369873047]}}