{"motor_position": {"axis_1_motor_position": 57147, "axis_2_motor_position": 34621}, "target_name": "solar_tower_juelich_upper", "sun_elevation": 23.34121668709828, "sun_azimuth": 39.58204210384681, "focal_spot": {"HeliOS": [50.91339202869263, 6.387823468204943, 130.31043575635317], "UTIS": [50.91339205706846, 6.387820510057252, 130.08312606811523]}}