{"motor_position": {"axis_1_motor_position": 56099, "axis_2_motor_position": 46334}, "target_name": "solar_tower_juelich_upper", "sun_elevation": 30.952216823340386, "sun_azimuth": 6.3296561504422035, "focal_spot": {"HeliOS": [50.913392038675646, 6.387817391230641, 130.1064282080876], "UTIS": [50.91339206539997, 6.387818005802757, 130.07484436035156]}}