{"motor_position": {"axis_1_motor_position": 56210, "axis_2_motor_position": 50502}, "target_name": "solar_tower_juelich_upper", "sun_elevation": 30.913716985309247, "sun_azimuth": -7.121675378546146, "focal_spot": {"HeliOS": [50.91339203679411, 6.387818513459096, 130.1406977190657], "UTIS": [50.91339206374035, 6.387818504641351, 130.12349700927734]}}