{"motor_position": {"axis_1_motor_position": 58653, "axis_2_motor_position": 63196}, "target_name": "solar_tower_juelich_upper", "sun_elevation": 19.24887145794648, "sun_azimuth": -48.69265413630054, "focal_spot": {"HeliOS": [50.91339202776558, 6.387822746626367, 129.64788465010636], "UTIS": [50.91339205254023, 6.387821871122167, 129.6347541809082]}}