{"motor_position": {"axis_1_motor_position": 59395, "axis_2_motor_position": 64961}, "target_name": "solar_tower_juelich_upper", "sun_elevation": 16.172953470954894, "sun_azimuth": -54.34191479054636, "focal_spot": {"HeliOS": [50.91339203044935, 6.387820889638648, 129.4104923448346], "UTIS": [50.91339205549875, 6.3878209818707585, 129.4255714416504]}}