{"motor_position": {"axis_1_motor_position": 46802, "axis_2_motor_position": 64862}, "target_name": "solar_tower_juelich_upper", "sun_elevation": 42.61012509699187, "sun_azimuth": -68.86392715798448, "focal_spot": {"HeliOS": [50.91339201326293, 6.387830693287975, 129.65129516954747], "UTIS": [50.91339202591576, 6.387829873666146, 129.64518356323242]}}