{"motor_position": {"axis_1_motor_position": 46479, "axis_2_motor_position": 57618}, "target_name": "solar_tower_juelich_lower", "sun_elevation": 55.04514816971657, "sun_azimuth": -40.99939707428366, "focal_spot": {"HeliOS": [50.91339200021162, 6.38783416535213, 123.13109266352474], "UTIS": [50.91339201439208, 6.387833337300982, 123.10198593139648]}}