{"motor_position": {"axis_1_motor_position": 44561, "axis_2_motor_position": 49507}, "target_name": "solar_tower_juelich_upper", "sun_elevation": 62.40134130235824, "sun_azimuth": -0.6724215697036282, "focal_spot": {"HeliOS": [50.91339200853405, 6.38783441131731, 130.05694932421684], "UTIS": [50.91339201103307, 6.38783434689741, 130.09793090820312]}}