{"motor_position": {"axis_1_motor_position": 44958, "axis_2_motor_position": 56972}, "target_name": "solar_tower_juelich_upper", "sun_elevation": 57.654623167228245, "sun_azimuth": -40.08115324053704, "focal_spot": {"HeliOS": [50.913392009110375, 6.3878340653156345, 130.05023416408852], "UTIS": [50.91339201465522, 6.387833258208879, 130.10783004760742]}}