{"motor_position": {"axis_1_motor_position": 45039, "axis_2_motor_position": 58047}, "target_name": "solar_tower_juelich_upper", "sun_elevation": 56.255968872506, "sun_azimuth": -44.973735005364176, "focal_spot": {"HeliOS": [50.91339200862461, 6.387834141532144, 129.9805021285763], "UTIS": [50.91339201324846, 6.387833681030095, 130.05330657958984]}}