{"motor_position": {"axis_1_motor_position": 44301, "axis_2_motor_position": 41595}, "target_name": "solar_tower_juelich_upper", "sun_elevation": 57.846974837447476, "sun_azimuth": 38.245717117742146, "focal_spot": {"HeliOS": [50.91339201673204, 6.387828956891265, 129.72169173919224], "UTIS": [50.91339202792711, 6.387829269117162, 129.75312423706055]}}