{"motor_position": {"axis_1_motor_position": 43089, "axis_2_motor_position": 34627}, "target_name": "multi_focus_tower", "sun_elevation": 46.39131000623341, "sun_azimuth": 66.12786795892724, "focal_spot": {"HeliOS": [50.91339645177763, 6.3875741317819195, 138.75069209197449], "UTIS": [50.91339645423665, 6.387574105446569, 138.72594833374023]}}