{"motor_position": {"axis_1_motor_position": 43567, "axis_2_motor_position": 44835}, "target_name": "multi_focus_tower", "sun_elevation": 58.92200964210459, "sun_azimuth": 30.444211218065814, "focal_spot": {"HeliOS": [50.91339646380634, 6.3875706437708955, 138.75695299783862], "UTIS": [50.913396465312964, 6.3875707740518495, 138.7413673400879]}}