{"motor_position": {"axis_1_motor_position": 46437, "axis_2_motor_position": 44373}, "target_name": "solar_tower_juelich_upper", "sun_elevation": 55.57221771409921, "sun_azimuth": 21.887555166159398, "focal_spot": {"HeliOS": [50.913392021049816, 6.387826904316878, 129.87260913346924], "UTIS": [50.91339203491632, 6.387827168377841, 129.8909034729004]}}