{"motor_position": {"axis_1_motor_position": 46614, "axis_2_motor_position": 49485}, "target_name": "solar_tower_juelich_upper", "sun_elevation": 57.095623446966826, "sun_azimuth": -1.6305456232338194, "focal_spot": {"HeliOS": [50.91339201626785, 6.3878296508778165, 129.90488081239687], "UTIS": [50.91339202817654, 6.38782919414391, 129.97014617919922]}}