{"motor_position": {"axis_1_motor_position": 46679, "axis_2_motor_position": 28542}, "target_name": "multi_focus_tower", "sun_elevation": 33.39994725227557, "sun_azimuth": 72.52782531889375, "focal_spot": {"HeliOS": [50.91339645018585, 6.3875745171900755, 138.36687107815357], "UTIS": [50.91339645218257, 6.38757472324036, 138.33074951171875]}}