{"motor_position": {"axis_1_motor_position": 46423, "axis_2_motor_position": 34644}, "target_name": "multi_focus_tower", "sun_elevation": 41.804713294935134, "sun_azimuth": 58.088986452821715, "focal_spot": {"HeliOS": [50.91339644852369, 6.387575043141015, 138.54883118238604], "UTIS": [50.91339645003851, 6.387575368099924, 138.50375747680664]}}