{"motor_position": {"axis_1_motor_position": 46364, "axis_2_motor_position": 37093}, "target_name": "multi_focus_tower", "sun_elevation": 44.9182138647751, "sun_azimuth": 51.29186936957126, "focal_spot": {"HeliOS": [50.91339645209844, 6.387574037396761, 138.74519095859876], "UTIS": [50.91339645400113, 6.387574176284031, 138.70392608642578]}}