{"motor_position": {"axis_1_motor_position": 46359, "axis_2_motor_position": 42606}, "target_name": "multi_focus_tower", "sun_elevation": 50.862777982175686, "sun_azimuth": 33.09527614063592, "focal_spot": {"HeliOS": [50.9133964544042, 6.387573425162229, 138.95256643237718], "UTIS": [50.91339645581769, 6.38757362992434, 138.92844009399414]}}