{"motor_position": {"axis_1_motor_position": 46480, "axis_2_motor_position": 38791}, "target_name": "multi_focus_tower", "sun_elevation": 46.68193236543157, "sun_azimuth": 45.92729517856915, "focal_spot": {"HeliOS": [50.91339646111885, 6.38757140377624, 138.7096639539917], "UTIS": [50.91339646237913, 6.387571656455563, 138.68414306640625]}}