{"motor_position": {"axis_1_motor_position": 46544, "axis_2_motor_position": 45907}, "target_name": "multi_focus_tower", "sun_elevation": 53.040098931081744, "sun_azimuth": 19.812069293317165, "focal_spot": {"HeliOS": [50.91339645117285, 6.387574355030333, 138.97625077139747], "UTIS": [50.91339645453898, 6.387574014513181, 138.95784378051758]}}