{"motor_position": {"axis_1_motor_position": 46579, "axis_2_motor_position": 47464}, "target_name": "multi_focus_tower", "sun_elevation": 53.78344617776081, "sun_azimuth": 13.1765985454845, "focal_spot": {"HeliOS": [50.91339645636348, 6.387572912622054, 139.10961477266346], "UTIS": [50.913396458663804, 6.387572773908394, 139.1002960205078]}}