{"motor_position": {"axis_1_motor_position": 49105, "axis_2_motor_position": 62742}, "target_name": "multi_focus_tower", "sun_elevation": 40.75745084272054, "sun_azimuth": -51.49430672821031, "focal_spot": {"HeliOS": [50.91339647477565, 6.387567457205319, 138.75037919499917], "UTIS": [50.9133964751786, 6.38756780677036, 138.7276611328125]}}