{"motor_position": {"axis_1_motor_position": 48808, "axis_2_motor_position": 60807}, "target_name": "multi_focus_tower", "sun_elevation": 43.682070790852606, "sun_azimuth": -44.251258612309236, "focal_spot": {"HeliOS": [50.913396478861586, 6.387566416251678, 138.9411427429125], "UTIS": [50.91339648099229, 6.387566058180693, 138.8778839111328]}}