{"motor_position": {"axis_1_motor_position": 49599, "axis_2_motor_position": 65356}, "target_name": "multi_focus_tower", "sun_elevation": 36.199317689354686, "sun_azimuth": -60.68392410816551, "focal_spot": {"HeliOS": [50.91339646778308, 6.387569442175733, 138.66968093947025], "UTIS": [50.913396471301525, 6.387568972876483, 138.61146545410156]}}