{"motor_position": {"axis_1_motor_position": 50038, "axis_2_motor_position": 67215}, "target_name": "multi_focus_tower", "sun_elevation": 32.54889630205651, "sun_azimuth": -66.91649501810241, "focal_spot": {"HeliOS": [50.91339645898741, 6.3875719292280335, 138.45944040382432], "UTIS": [50.9133964635636, 6.387571300207132, 138.39077377319336]}}