{"motor_position": {"axis_1_motor_position": 50485, "axis_2_motor_position": 68881}, "target_name": "multi_focus_tower", "sun_elevation": 29.0244881859081, "sun_azimuth": -72.32241700351743, "focal_spot": {"HeliOS": [50.913396470132085, 6.387568670077764, 138.52693569109817], "UTIS": [50.913396475415915, 6.3875677353904985, 138.44046783447266]}}