{"motor_position": {"axis_1_motor_position": 51132, "axis_2_motor_position": 70673}, "target_name": "multi_focus_tower", "sun_elevation": 24.913480511031672, "sun_azimuth": -78.10897105720673, "focal_spot": {"HeliOS": [50.91339645831696, 6.3875720095858854, 138.14782787193673], "UTIS": [50.913396464490354, 6.387571021467687, 138.10388946533203]}}