{"motor_position": {"axis_1_motor_position": 48227, "axis_2_motor_position": 35649}, "target_name": "multi_focus_tower", "sun_elevation": 39.95697027147026, "sun_azimuth": 51.727572431387834, "focal_spot": {"HeliOS": [50.913396444236454, 6.387576305102995, 138.5505141701417], "UTIS": [50.913396447001574, 6.387576281501806, 138.5185585021973]}}