{"motor_position": {"axis_1_motor_position": 48035, "axis_2_motor_position": 43280}, "target_name": "multi_focus_tower", "sun_elevation": 47.72277010086911, "sun_azimuth": 27.701619557362086, "focal_spot": {"HeliOS": [50.913396456693484, 6.387572737049843, 138.84956032753794], "UTIS": [50.91339646005178, 6.387572356450103, 138.7923355102539]}}