{"motor_position": {"axis_1_motor_position": 48183, "axis_2_motor_position": 50700}, "target_name": "multi_focus_tower", "sun_elevation": 50.51796156548611, "sun_azimuth": -2.015431629180958, "focal_spot": {"HeliOS": [50.91339646791463, 6.387569694867317, 139.2123809725507], "UTIS": [50.91339646678651, 6.387570330856671, 139.1843223571777]}}