{"motor_position": {"axis_1_motor_position": 48471, "axis_2_motor_position": 55208}, "target_name": "multi_focus_tower", "sun_elevation": 48.85087113406655, "sun_azimuth": -21.416251941376977, "focal_spot": {"HeliOS": [50.913396467389006, 6.387569804150111, 139.13683133180922], "UTIS": [50.91339646780742, 6.387570023803936, 139.09965896606445]}}