{"motor_position": {"axis_1_motor_position": 48794, "axis_2_motor_position": 58540}, "target_name": "multi_focus_tower", "sun_elevation": 45.86348770302233, "sun_azimuth": -35.15648871138025, "focal_spot": {"HeliOS": [50.91339646962864, 6.387569138325932, 139.0781298798183], "UTIS": [50.913396470195615, 6.38756930550339, 139.03429412841797]}}