{"motor_position": {"axis_1_motor_position": 51642, "axis_2_motor_position": 25151}, "target_name": "solar_tower_juelich_upper", "sun_elevation": 26.38910336937071, "sun_azimuth": 69.97420950307541, "focal_spot": {"HeliOS": [50.91339202502416, 6.387823449987907, 129.21748909719577], "UTIS": [50.91339204661534, 6.387823651991202, 129.23640823364258]}}