{"motor_position": {"axis_1_motor_position": 51044, "axis_2_motor_position": 28770}, "target_name": "solar_tower_juelich_upper", "sun_elevation": 31.209020781316912, "sun_azimuth": 62.28068630190336, "focal_spot": {"HeliOS": [50.91339201905581, 6.3878269702603285, 129.39508989603542], "UTIS": [50.91339203490541, 6.387827171659362, 129.41143035888672]}}