{"motor_position": {"axis_1_motor_position": 50654, "axis_2_motor_position": 31937}, "target_name": "solar_tower_juelich_upper", "sun_elevation": 35.220546008454455, "sun_azimuth": 54.86121061051496, "focal_spot": {"HeliOS": [50.91339202351977, 6.387824841946851, 129.5319296932406], "UTIS": [50.91339204146199, 6.387825200943513, 129.53790283203125]}}