{"motor_position": {"axis_1_motor_position": 50216, "axis_2_motor_position": 37507}, "target_name": "solar_tower_juelich_upper", "sun_elevation": 41.461260617857185, "sun_azimuth": 39.7989306381673, "focal_spot": {"HeliOS": [50.91339202475484, 6.387824558971318, 129.7324410930998], "UTIS": [50.913392043589155, 6.387824561575832, 129.76591110229492]}}