{"motor_position": {"axis_1_motor_position": 50102, "axis_2_motor_position": 40216}, "target_name": "solar_tower_juelich_upper", "sun_elevation": 43.9309994216736, "sun_azimuth": 31.359685562163357, "focal_spot": {"HeliOS": [50.91339202751836, 6.387823396980236, 129.92655185428856], "UTIS": [50.91339204823116, 6.387823166319372, 129.93618774414062]}}