{"motor_position": {"axis_1_motor_position": 51188, "axis_2_motor_position": 44485}, "target_name": "solar_tower_juelich_lower", "sun_elevation": 45.29051495489903, "sun_azimuth": 16.070798537536, "focal_spot": {"HeliOS": [50.91339203051059, 6.387823331056293, 123.24904070957288], "UTIS": [50.913392050206284, 6.387822572648897, 123.16303634643556]}}