{"motor_position": {"axis_1_motor_position": 51823, "axis_2_motor_position": 56183}, "target_name": "solar_tower_juelich_lower", "sun_elevation": 42.968889374433715, "sun_azimuth": -28.818634134058872, "focal_spot": {"HeliOS": [50.913392011626684, 6.387829893602456, 123.34000676138626], "UTIS": [50.91339202845497, 6.387829110461744, 123.2480697631836]}}