{"motor_position": {"axis_1_motor_position": 52179, "axis_2_motor_position": 58699}, "target_name": "solar_tower_juelich_lower", "sun_elevation": 40.34955039978741, "sun_azimuth": -38.15968475047334, "focal_spot": {"HeliOS": [50.913392012574285, 6.387829662985412, 123.2556835482307], "UTIS": [50.91339202930858, 6.3878288538929375, 123.1616325378418]}}