{"motor_position": {"axis_1_motor_position": 52656, "axis_2_motor_position": 61265}, "target_name": "solar_tower_juelich_lower", "sun_elevation": 36.93133393898717, "sun_azimuth": -47.302650979040116, "focal_spot": {"HeliOS": [50.91339202331873, 6.387826155807505, 123.04779961483712], "UTIS": [50.91339204238173, 6.387824924495741, 123.01691055297852]}}