{"motor_position": {"axis_1_motor_position": 53338, "axis_2_motor_position": 64039}, "target_name": "solar_tower_juelich_lower", "sun_elevation": 32.463663142737865, "sun_azimuth": -56.6906289242368, "focal_spot": {"HeliOS": [50.91339202454131, 6.387825992786116, 122.85813629615542], "UTIS": [50.913392042895715, 6.387824770006632, 122.85842514038086]}}