{"motor_position": {"axis_1_motor_position": 54500, "axis_2_motor_position": 67435}, "target_name": "solar_tower_juelich_lower", "sun_elevation": 25.953603169639806, "sun_azimuth": -67.6785872226431, "focal_spot": {"HeliOS": [50.91339201726553, 6.387828770157839, 122.66119709710318], "UTIS": [50.913392033124374, 6.387827706981141, 122.58562850952148]}}