{"motor_position": {"axis_1_motor_position": 56009, "axis_2_motor_position": 70479}, "target_name": "solar_tower_juelich_lower", "sun_elevation": 19.19207546532826, "sun_azimuth": -77.30906153118815, "focal_spot": {"HeliOS": [50.91339202586656, 6.387826251137023, 122.335654124139], "UTIS": [50.91339204212784, 6.3878250008046535, 122.24763488769533]}}