{"motor_position": {"axis_1_motor_position": 51429, "axis_2_motor_position": 49676}, "target_name": "solar_tower_juelich_lower", "sun_elevation": 45.85724821503388, "sun_azimuth": -3.582740652195452, "focal_spot": {"HeliOS": [50.913392007972185, 6.38783116659999, 123.36032360492057], "UTIS": [50.913392023616446, 6.387830564765235, 123.36520767211914]}}