{"motor_position": {"axis_1_motor_position": 51760, "axis_2_motor_position": 52783}, "target_name": "solar_tower_juelich_lower", "sun_elevation": 44.567545706358125, "sun_azimuth": -15.65050553214794, "focal_spot": {"HeliOS": [50.913392008590215, 6.387830972245698, 123.33926188954716], "UTIS": [50.91339202491755, 6.387830173694763, 123.32312393188477]}}