{"motor_position": {"axis_1_motor_position": 52278, "axis_2_motor_position": 34727}, "target_name": "solar_tower_juelich_lower", "sun_elevation": 36.0119105716119, "sun_azimuth": 45.68768609256603, "focal_spot": {"HeliOS": [50.913392027689255, 6.387824799923915, 122.92699030466102], "UTIS": [50.91339204149662, 6.387825190536211, 122.82697677612305]}}