{"motor_position": {"axis_1_motor_position": 51797, "axis_2_motor_position": 41821}, "target_name": "solar_tower_juelich_lower", "sun_elevation": 42.37577330137102, "sun_azimuth": 24.62261377805996, "focal_spot": {"HeliOS": [50.91339202705067, 6.387824638692955, 123.19152083331456], "UTIS": [50.91339204302162, 6.387824732160663, 123.14198303222656]}}