{"motor_position": {"axis_1_motor_position": 51759, "axis_2_motor_position": 47007}, "target_name": "solar_tower_juelich_lower", "sun_elevation": 44.63534974935573, "sun_azimuth": 6.378381604418034, "focal_spot": {"HeliOS": [50.913392025843244, 6.387824895631191, 123.30739284351412], "UTIS": [50.91339204298946, 6.387824741828947, 123.26116943359376]}}