{"motor_position": {"axis_1_motor_position": 52511, "axis_2_motor_position": 37098}, "target_name": "solar_tower_juelich_lower", "sun_elevation": 37.442836070558215, "sun_azimuth": 38.52502240894804, "focal_spot": {"HeliOS": [50.913392029466614, 6.387824026347949, 123.03134163571168], "UTIS": [50.91339204576101, 6.38782390877697, 122.95298385620116]}}