{"motor_position": {"axis_1_motor_position": 52335, "axis_2_motor_position": 39532}, "target_name": "solar_tower_juelich_lower", "sun_elevation": 39.61347689448628, "sun_azimuth": 31.359127671207727, "focal_spot": {"HeliOS": [50.913392029800676, 6.3878237475954345, 123.13945351066354], "UTIS": [50.91339204613581, 6.387823796120469, 123.06031799316406]}}