{"motor_position": {"axis_1_motor_position": 53719, "axis_2_motor_position": 44735}, "target_name": "solar_tower_juelich_lower", "sun_elevation": 38.6978976593596, "sun_azimuth": 13.088286997943253, "focal_spot": {"HeliOS": [50.913392012452746, 6.387829681649161, 123.27515814816267], "UTIS": [50.91339202877969, 6.3878290128568445, 123.20864868164062]}}