{"motor_position": {"axis_1_motor_position": 54337, "axis_2_motor_position": 31136}, "target_name": "multi_focus_tower", "sun_elevation": 23.89774883421748, "sun_azimuth": 54.50571967121497, "focal_spot": {"HeliOS": [50.91339644688343, 6.387575527415605, 138.56033706003296], "UTIS": [50.91339645078421, 6.387575143817454, 138.5447006225586]}}