{"motor_position": {"axis_1_motor_position": 55141, "axis_2_motor_position": 60238}, "target_name": "solar_tower_juelich_upper", "sun_elevation": 30.14671429127028, "sun_azimuth": -40.95899073863298, "focal_spot": {"HeliOS": [50.91339201270503, 6.387831649887398, 129.90688097371168], "UTIS": [50.91339202575678, 6.387829921454986, 130.0493927001953]}}