{"motor_position": {"axis_1_motor_position": 55266, "axis_2_motor_position": 35080}, "target_name": "multi_focus_tower", "sun_elevation": 25.003152232638193, "sun_azimuth": 43.28276329888217, "focal_spot": {"HeliOS": [50.91339646420675, 6.387570556166723, 138.81728188839037], "UTIS": [50.91339646725865, 6.387570188856306, 138.7814178466797]}}