{"motor_position": {"axis_1_motor_position": 54762, "axis_2_motor_position": 38673}, "target_name": "multi_focus_tower", "sun_elevation": 28.58399285308724, "sun_azimuth": 33.90688283292012, "focal_spot": {"HeliOS": [50.91339646313294, 6.387570933924602, 138.968840279493]}}