{"motor_position": {"axis_1_motor_position": 57324, "axis_2_motor_position": 60813}, "target_name": "multi_focus_tower", "sun_elevation": 22.897473245280707, "sun_azimuth": -37.18580842019327, "focal_spot": {"HeliOS": [50.913396441777955, 6.387577021489836, 138.28303077131136], "UTIS": [50.913396446163794, 6.387576533473805, 138.24360275268555]}}