{"motor_position": {"axis_1_motor_position": 58737, "axis_2_motor_position": 58008}, "target_name": "multi_focus_tower", "sun_elevation": 20.18239208827052, "sun_azimuth": -27.0086419132956, "focal_spot": {"HeliOS": [50.91339644471211, 6.387576221017155, 139.21533624290157], "UTIS": [50.91339644937451, 6.387575567811664, 139.16220092773438]}}