{"motor_position": {"axis_1_motor_position": 59008, "axis_2_motor_position": 59201}, "target_name": "multi_focus_tower", "sun_elevation": 18.981489539972486, "sun_azimuth": -30.83528507037678, "focal_spot": {"HeliOS": [50.91339643875901, 6.387577897264023, 139.14482996097712], "UTIS": [50.91339644417427, 6.38757713184967, 139.10142517089844]}}