{"motor_position": {"axis_1_motor_position": 60063, "axis_2_motor_position": 35391}, "target_name": "solar_tower_juelich_upper", "sun_elevation": 16.391341529428594, "sun_azimuth": 35.42242224179847, "focal_spot": {"HeliOS": [50.91339202962502, 6.387821957579905, 129.78028612963584], "UTIS": [50.913392053315704, 6.387821638039283, 129.79735565185547]}}