{"motor_position": {"axis_1_motor_position": 61996, "axis_2_motor_position": 56303}, "target_name": "solar_tower_juelich_upper", "sun_elevation": 13.01535153561832, "sun_azimuth": -24.66402570196668, "focal_spot": {"HeliOS": [50.913392029539345, 6.387822261663819, 129.9251019741845], "UTIS": [50.91339205566972, 6.387820930478349, 129.9303741455078]}}