{"motor_position": {"axis_1_motor_position": 61707, "axis_2_motor_position": 36643}, "target_name": "solar_tower_juelich_lower", "sun_elevation": 13.996739843657398, "sun_azimuth": 31.63057107505002, "focal_spot": {"HeliOS": [50.91339203309337, 6.3878225900459755, 123.13901116379348], "UTIS": [50.913392051255286, 6.387822257344939, 123.0783233642578]}}