{"motor_position": {"axis_1_motor_position": 61248, "axis_2_motor_position": 39057}, "target_name": "solar_tower_juelich_lower", "sun_elevation": 16.009234632223205, "sun_azimuth": 25.443635437972404, "focal_spot": {"HeliOS": [50.9133920336751, 6.387822224781524, 123.24126888514166], "UTIS": [50.91339205305826, 6.387821715419436, 123.1878662109375]}}