{"motor_position": {"axis_1_motor_position": 56255, "axis_2_motor_position": 36913}, "target_name": "solar_tower_juelich_lower", "sun_elevation": 28.397646613437132, "sun_azimuth": 34.684152307323686, "focal_spot": {"HeliOS": [50.91339201533469, 6.3878289169591245, 123.07624994113172], "UTIS": [50.913392028829875, 6.387828997771344, 123.04874801635742]}}