{"motor_position": {"axis_1_motor_position": 54059, "axis_2_motor_position": 46601}, "target_name": "solar_tower_juelich_upper", "sun_elevation": 36.70103063674689, "sun_azimuth": 6.2124939911473085, "focal_spot": {"HeliOS": [50.91339201564786, 6.387830298144407, 130.02564500271598], "UTIS": [50.913392024299604, 6.387830359432898, 130.05973434448242]}}