{"motor_position": {"axis_1_motor_position": 54178, "axis_2_motor_position": 50536}, "target_name": "solar_tower_juelich_upper", "sun_elevation": 36.651376134682685, "sun_azimuth": -7.247587946725074, "focal_spot": {"HeliOS": [50.913392015168455, 6.38783071209649, 130.081672569396], "UTIS": [50.91339202424781, 6.387830374999782, 130.14155197143555]}}