{"motor_position": {"axis_1_motor_position": 54409, "axis_2_motor_position": 53512}, "target_name": "solar_tower_juelich_upper", "sun_elevation": 35.51094853279896, "sun_azimuth": -17.624556824621205, "focal_spot": {"HeliOS": [50.91339201602012, 6.38783014915023, 130.05025340587133], "UTIS": [50.91339202904424, 6.387828933340991, 130.01344299316406]}}