{"motor_position": {"axis_1_motor_position": 54815, "axis_2_motor_position": 56714}, "target_name": "solar_tower_juelich_upper", "sun_elevation": 33.17457195898955, "sun_azimuth": -28.721753002482707, "focal_spot": {"HeliOS": [50.91339201654082, 6.387829653522739, 129.96879920277533], "UTIS": [50.91339203142746, 6.387828217020297, 130.03110122680664]}}