{"motor_position": {"axis_1_motor_position": 49078, "axis_2_motor_position": 44829}, "target_name": "solar_tower_juelich_lower", "sun_elevation": 50.8420189555189, "sun_azimuth": 17.08939153008905, "focal_spot": {"HeliOS": [50.913392011381355, 6.387829910541642, 123.39643218643434], "UTIS": [50.91339202559885, 6.3878299689183855, 123.37225723266602]}}