{"motor_position": {"axis_1_motor_position": 47386, "axis_2_motor_position": 67697}, "target_name": "solar_tower_juelich_upper", "sun_elevation": 36.48509415272774, "sun_azimuth": -77.82078727022076, "focal_spot": {"HeliOS": [50.913391996528226, 6.387840153446301, 129.74138715601046], "UTIS": [50.91339199299143, 6.387839769539024, 129.7767333984375]}}