{"motor_position": {"axis_1_motor_position": 56685, "axis_2_motor_position": 41097}, "target_name": "solar_tower_juelich_lower", "sun_elevation": 26.45829684639685, "sun_azimuth": 33.89566055250942, "focal_spot": {"HeliOS": [50.913392048016085, 6.38781852614684, 122.4556411723454], "UTIS": [50.91339205990358, 6.387819657885669, 122.30989837646484]}}