{"motor_position": {"axis_1_motor_position": 56092, "axis_2_motor_position": 44570}, "target_name": "solar_tower_juelich_lower", "sun_elevation": 29.29008319810398, "sun_azimuth": 23.922396165328642, "focal_spot": {"HeliOS": [50.91339202329499, 6.387825639824848, 123.418430942471], "UTIS": [50.91339203660408, 6.387826661084585, 123.32313919067384]}}