{"motor_position": {"axis_1_motor_position": 56218, "axis_2_motor_position": 43569}, "target_name": "solar_tower_juelich_lower", "sun_elevation": 28.571735812804334, "sun_azimuth": 26.836939786803935, "focal_spot": {"HeliOS": [50.91339202093826, 6.387826483055534, 123.4156815987765], "UTIS": [50.913392034442815, 6.387827310696847, 123.24956130981444]}}