{"motor_position": {"axis_1_motor_position": 55979, "axis_2_motor_position": 45567}, "target_name": "solar_tower_juelich_lower", "sun_elevation": 29.931508777765607, "sun_azimuth": 20.955081382051425, "focal_spot": {"HeliOS": [50.913392023593836, 6.387825519504339, 123.42805061584416], "UTIS": [50.913392037231866, 6.38782647239715, 123.31201934814452]}}