{"motor_position": {"axis_1_motor_position": 55763, "axis_2_motor_position": 47902}, "target_name": "solar_tower_juelich_lower", "sun_elevation": 31.123287315478116, "sun_azimuth": 13.73712609030411, "focal_spot": {"HeliOS": [50.91339201831474, 6.387827133855797, 123.62241087523992], "UTIS": [50.913392032882975, 6.387827779540715, 123.5348129272461]}}