{"motor_position": {"axis_1_motor_position": 55871, "axis_2_motor_position": 46550}, "target_name": "solar_tower_juelich_lower", "sun_elevation": 30.484332634867865, "sun_azimuth": 17.985402719882874, "focal_spot": {"HeliOS": [50.91339202567197, 6.387824425185733, 123.66502816711738], "UTIS": [50.91339204206825, 6.387825018717418, 123.53220748901369]}}