{"motor_position": {"axis_1_motor_position": 55580, "axis_2_motor_position": 55048}, "target_name": "solar_tower_juelich_lower", "sun_elevation": 31.534418491104404, "sun_azimuth": -9.871795493426555, "focal_spot": {"HeliOS": [50.91339203553845, 6.387819474895461, 124.47110172351054], "UTIS": [50.91339205812064, 6.38782019379053, 124.41226959228516]}}