{"motor_position": {"axis_1_motor_position": 55808, "axis_2_motor_position": 56791}, "target_name": "solar_tower_juelich_lower", "sun_elevation": 30.780513668561937, "sun_azimuth": -15.968611736431422, "focal_spot": {"HeliOS": [50.91339201757767, 6.387828161701761, 123.05204474007016], "UTIS": [50.91339202802939, 6.3878292383732465, 122.9554214477539]}}