{"motor_position": {"axis_1_motor_position": 56091, "axis_2_motor_position": 59419}, "target_name": "solar_tower_juelich_lower", "sun_elevation": 28.982561409286184, "sun_azimuth": -25.01956619142517, "focal_spot": {"HeliOS": [50.91339203016949, 6.387823984440147, 122.89396193909288], "UTIS": [50.913392041971186, 6.387825047891762, 122.83197021484376]}}