{"motor_position": {"axis_1_motor_position": 56370, "axis_2_motor_position": 61234}, "target_name": "solar_tower_juelich_lower", "sun_elevation": 27.24199814127782, "sun_azimuth": -31.282765620619898, "focal_spot": {"HeliOS": [50.91339201663052, 6.387828348947648, 123.1637017283664], "UTIS": [50.91339202751024, 6.387829394411585, 123.06452941894533]}}