{"motor_position": {"axis_1_motor_position": 56019, "axis_2_motor_position": 57751}, "target_name": "solar_tower_juelich_lower", "sun_elevation": 29.83938645116208, "sun_azimuth": -19.255156533726563, "focal_spot": {"HeliOS": [50.91339201592649, 6.387828549179309, 123.20058591991793], "UTIS": [50.9133920257778, 6.387829915136025, 123.0660400390625]}}