{"motor_position": {"axis_1_motor_position": 56929, "axis_2_motor_position": 53311}, "target_name": "solar_tower_juelich_lower", "sun_elevation": 28.254471588362495, "sun_azimuth": -4.043147202403879, "focal_spot": {"HeliOS": [50.913392013272144, 6.387829403560135, 123.26572425764016], "UTIS": [50.913392024096105, 6.3878304205952885, 123.21233367919922]}}