{"motor_position": {"axis_1_motor_position": 56968, "axis_2_motor_position": 54520}, "target_name": "solar_tower_juelich_lower", "sun_elevation": 28.012970424920606, "sun_azimuth": -8.034143804271185, "focal_spot": {"HeliOS": [50.913392015579085, 6.3878284292809555, 123.38697862088632], "UTIS": [50.9133920266535, 6.3878296519262046, 123.32097625732422]}}