{"motor_position": {"axis_1_motor_position": 59935, "axis_2_motor_position": 66303}, "target_name": "solar_tower_juelich_lower", "sun_elevation": 15.171070045071978, "sun_azimuth": -47.1380465498869, "focal_spot": {"HeliOS": [50.913392016840376, 6.387828627146678, 122.8906820577476], "UTIS": [50.91339203173259, 6.387828125314, 122.77944564819336]}}