{"motor_position": {"axis_1_motor_position": 58852, "axis_2_motor_position": 38245}, "target_name": "solar_tower_juelich_upper", "sun_elevation": 18.04545770418016, "sun_azimuth": 39.64432443272595, "focal_spot": {"HeliOS": [50.91339202691148, 6.387822668719791, 129.34252113081135], "UTIS": [50.9133920516408, 6.387822141467938, 129.37430572509766]}}