{"motor_position": {"axis_1_motor_position": 58144, "axis_2_motor_position": 48059}, "target_name": "multi_focus_tower", "sun_elevation": 20.603839337956416, "sun_azimuth": 15.746136999051032, "focal_spot": {"HeliOS": [50.91339644369037, 6.387576517268465, 139.3598833798792], "UTIS": [50.913396446198966, 6.3875765228970005, 139.2863006591797]}}