{"motor_position": {"axis_1_motor_position": 61824, "axis_2_motor_position": 66844}, "target_name": "solar_tower_juelich_upper", "sun_elevation": 8.67486705438745, "sun_azimuth": -48.051539212336515, "focal_spot": {"HeliOS": [50.91339203193468, 6.387820601235627, 129.73237776842737], "UTIS": [50.91339206091342, 6.38781935435179, 129.78131103515625]}}