{"motor_position": {"axis_1_motor_position": 58472, "axis_2_motor_position": 44867}, "target_name": "solar_tower_juelich_upper", "sun_elevation": 21.38221967968912, "sun_azimuth": 21.405171584457847, "focal_spot": {"HeliOS": [50.91339202496963, 6.387824962280989, 129.9939286182926], "UTIS": [50.913392042412404, 6.3878249152749405, 129.9941520690918]}}