{"motor_position": {"axis_1_motor_position": 58275, "axis_2_motor_position": 57692}, "target_name": "solar_tower_juelich_upper", "sun_elevation": 22.066523155496743, "sun_azimuth": -18.327060327359124, "focal_spot": {"HeliOS": [50.913392011763385, 6.387832703334801, 130.10215709313104], "UTIS": [50.91339201595085, 6.387832868789334, 130.06655502319336]}}