{"motor_position": {"axis_1_motor_position": 62285, "axis_2_motor_position": 69220}, "target_name": "solar_tower_juelich_upper", "sun_elevation": 6.238749056628693, "sun_azimuth": -56.54101241666596, "focal_spot": {"HeliOS": [50.91339201959344, 6.3878275781034795, 129.81075498033226], "UTIS": [50.913392039200154, 6.3878258807878, 129.8323974609375]}}