{"motor_position": {"axis_1_motor_position": 57866, "axis_2_motor_position": 44279}, "target_name": "solar_tower_juelich_upper", "sun_elevation": 22.92037729910598, "sun_azimuth": 23.37740165803166, "focal_spot": {"HeliOS": [50.91339202932929, 6.38782245604823, 129.9674228124739], "UTIS": [50.91339206383462, 6.387818476307727, 129.79703521728516]}}