{"motor_position": {"axis_1_motor_position": 57421, "axis_2_motor_position": 55939}, "target_name": "solar_tower_juelich_upper", "sun_elevation": 24.94186898352176, "sun_azimuth": -12.757457661701485, "focal_spot": {"HeliOS": [50.91339201455782, 6.387831082046483, 130.09051009133643], "UTIS": [50.91339202070618, 6.387831439493878, 130.11455535888672]}}