{"motor_position": {"axis_1_motor_position": 58026, "axis_2_motor_position": 42448}, "target_name": "solar_tower_juelich_upper", "sun_elevation": 21.858858672910667, "sun_azimuth": 28.539304296543396, "focal_spot": {"HeliOS": [50.91339202886583, 6.387823020930194, 130.13030292114692], "UTIS": [50.91339204940393, 6.387822813813545, 129.99578094482422]}}