{"motor_position": {"axis_1_motor_position": 57329, "axis_2_motor_position": 56303}, "target_name": "solar_tower_juelich_upper", "sun_elevation": 25.11611256119231, "sun_azimuth": -13.987056115590567, "focal_spot": {"HeliOS": [50.91339201430893, 6.387831286767828, 130.11466713713656], "UTIS": [50.913392020557744, 6.387831484106286, 130.1108512878418]}}