{"motor_position": {"axis_1_motor_position": 58845, "axis_2_motor_position": 64247}, "target_name": "solar_tower_juelich_upper", "sun_elevation": 17.58006660720789, "sun_azimuth": -40.31365897950684, "focal_spot": {"HeliOS": [50.913392011958365, 6.387832236917869, 129.9705709604908], "UTIS": [50.91339201804481, 6.387832239411988, 129.96424102783203]}}