{"motor_position": {"axis_1_motor_position": 55451, "axis_2_motor_position": 49977}, "target_name": "solar_tower_juelich_upper", "sun_elevation": 30.92206986953809, "sun_azimuth": 6.804540982113887, "focal_spot": {"HeliOS": [50.913392019117026, 6.3878281225255, 129.9335812553353], "UTIS": [50.91339203056195, 6.387828477168945, 129.90729522705078]}}