{"motor_position": {"axis_1_motor_position": 56534, "axis_2_motor_position": 63171}, "target_name": "solar_tower_juelich_upper", "sun_elevation": 24.092047530156552, "sun_azimuth": -37.894735624779024, "focal_spot": {"HeliOS": [50.91339201504855, 6.387829802533024, 129.6877062690941], "UTIS": [50.91339202601513, 6.387829843796848, 129.64484024047852]}}