{"motor_position": {"axis_1_motor_position": 56909, "axis_2_motor_position": 64571}, "target_name": "solar_tower_juelich_upper", "sun_elevation": 22.146279652594167, "sun_azimuth": -42.604434007022576, "focal_spot": {"HeliOS": [50.91339202229875, 6.387825876719089, 129.71496657678557], "UTIS": [50.913392041606144, 6.387825157612525, 129.70470809936523]}}