{"motor_position": {"axis_1_motor_position": 58106, "axis_2_motor_position": 67766}, "target_name": "solar_tower_juelich_upper", "sun_elevation": 16.761635802166502, "sun_azimuth": -53.311374815516636, "focal_spot": {"HeliOS": [50.91339201889936, 6.387827595941035, 129.64631940716214], "UTIS": [50.91339203453078, 6.387827284261624, 129.62511444091797]}}