{"motor_position": {"axis_1_motor_position": 53462, "axis_2_motor_position": 34615}, "target_name": "solar_tower_juelich_upper", "sun_elevation": 28.381133649317455, "sun_azimuth": 54.252861451397024, "focal_spot": {"HeliOS": [50.91339202175192, 6.387825390353697, 129.326657380412], "UTIS": [50.913392038282176, 6.387826156699951, 129.34588241577148]}}