{"motor_position": {"axis_1_motor_position": 52446, "axis_2_motor_position": 40170}, "target_name": "solar_tower_juelich_upper", "sun_elevation": 34.76932935508678, "sun_azimuth": 39.85824565445518, "focal_spot": {"HeliOS": [50.91339201799882, 6.387828807296813, 129.9579062706536], "UTIS": [50.91339202682766, 6.387829599581206, 129.92477416992188]}}