{"motor_position": {"axis_1_motor_position": 50589, "axis_2_motor_position": 59055}, "target_name": "solar_tower_juelich_upper", "sun_elevation": 41.853305845505844, "sun_azimuth": -27.105763517633207, "focal_spot": {"HeliOS": [50.913392002149486, 6.387836410364205, 129.52605275229388], "UTIS": [50.91339200155064, 6.387837196969247, 129.4907989501953]}}