{"motor_position": {"axis_1_motor_position": 51829, "axis_2_motor_position": 45906}, "target_name": "solar_tower_juelich_upper", "sun_elevation": 39.61292395796017, "sun_azimuth": 22.236798742444897, "focal_spot": {"HeliOS": [50.913392023943665, 6.387825542108217, 129.99457565133125], "UTIS": [50.913392036719515, 6.38782662639132, 129.99707794189453]}}