{"motor_position": {"axis_1_motor_position": 51020, "axis_2_motor_position": 67567}, "target_name": "solar_tower_juelich_upper", "sun_elevation": 31.73092747012822, "sun_azimuth": -59.12821200775234, "focal_spot": {"HeliOS": [50.913392008957224, 6.387831095147889, 128.86859796207833], "UTIS": [50.91339202007604, 6.387831628896604, 128.85784912109375]}}