{"motor_position": {"axis_1_motor_position": 51660, "axis_2_motor_position": 69984}, "target_name": "solar_tower_juelich_upper", "sun_elevation": 26.839071372271153, "sun_azimuth": -67.29426389768278, "focal_spot": {"HeliOS": [50.91339201435996, 6.387828888827334, 129.13080398002847], "UTIS": [50.91339203254017, 6.387827882576395, 129.11805725097656]}}