{"motor_position": {"axis_1_motor_position": 52601, "axis_2_motor_position": 72370}, "target_name": "solar_tower_juelich_upper", "sun_elevation": 21.417219624703677, "sun_azimuth": -75.20671873909745, "focal_spot": {"HeliOS": [50.91339201652235, 6.387827662811639, 129.0873471747259], "UTIS": [50.913392033882914, 6.387827478990039, 129.09835815429688]}}