{"motor_position": {"axis_1_motor_position": 53718, "axis_2_motor_position": 74357}, "target_name": "solar_tower_juelich_upper", "sun_elevation": 16.428347739858747, "sun_azimuth": -81.85869396688821, "focal_spot": {"HeliOS": [50.913392020916355, 6.387825371897601, 129.09014492532677], "UTIS": [50.91339203992826, 6.387825661936139, 129.11326599121094]}}