{"motor_position": {"axis_1_motor_position": 49396, "axis_2_motor_position": 51380}, "target_name": "solar_tower_juelich_upper", "sun_elevation": 47.37147659323146, "sun_azimuth": 3.3670344309752376, "focal_spot": {"HeliOS": [50.91339200627793, 6.387836020699984, 130.16606521723662], "UTIS": [50.91339200278803, 6.387836825055669, 130.13182830810547]}}