{"motor_position": {"axis_1_motor_position": 49361, "axis_2_motor_position": 54267}, "target_name": "solar_tower_juelich_upper", "sun_elevation": 47.15123217337703, "sun_azimuth": -8.47868951227439, "focal_spot": {"HeliOS": [50.9133920142041, 6.387831762450752, 130.27089075034826], "UTIS": [50.91339201686303, 6.387832594612864, 130.25770568847656]}}