{"motor_position": {"axis_1_motor_position": 49695, "axis_2_motor_position": 61803}, "target_name": "solar_tower_juelich_upper", "sun_elevation": 41.442981272345335, "sun_azimuth": -38.79990477612588, "focal_spot": {"HeliOS": [50.91339200991065, 6.387833919128044, 130.15861996958972], "UTIS": [50.913392009851314, 6.387834702091505, 130.16470336914062]}}