{"motor_position": {"axis_1_motor_position": 49496, "axis_2_motor_position": 41801}, "target_name": "solar_tower_juelich_lower", "sun_elevation": 44.20596378636837, "sun_azimuth": 39.72530472516273, "focal_spot": {"HeliOS": [50.913392029015505, 6.38782449999964, 122.8155992034805], "UTIS": [50.91339204122451, 6.387825272323363, 122.73386001586914]}}