{"motor_position": {"axis_1_motor_position": 48405, "axis_2_motor_position": 60045}, "target_name": "solar_tower_juelich_upper", "sun_elevation": 46.15589739438085, "sun_azimuth": -33.21003409919104, "focal_spot": {"HeliOS": [50.91339202219601, 6.387826473256322, 129.969577276568], "UTIS": [50.91339203670194, 6.387826631672943, 129.97239685058594]}}