{"motor_position": {"axis_1_motor_position": 48973, "axis_2_motor_position": 65945}, "target_name": "solar_tower_juelich_upper", "sun_elevation": 37.784582906713396, "sun_azimuth": -55.70006029497861, "focal_spot": {"HeliOS": [50.91339202243404, 6.387826098772981, 129.85692720287994], "UTIS": [50.91339203808555, 6.387826215801223, 129.82326126098633]}}