{"motor_position": {"axis_1_motor_position": 49514, "axis_2_motor_position": 68885}, "target_name": "solar_tower_juelich_upper", "sun_elevation": 32.16524548449374, "sun_azimuth": -65.86594747305861, "focal_spot": {"HeliOS": [50.913392014317225, 6.387830256208427, 129.70903508536182], "UTIS": [50.91339202648662, 6.387829702084655, 129.69316864013672]}}