{"motor_position": {"axis_1_motor_position": 50086, "axis_2_motor_position": 71022}, "target_name": "solar_tower_juelich_upper", "sun_elevation": 27.546565514554768, "sun_azimuth": -72.96333152802877, "focal_spot": {"HeliOS": [50.91339199938647, 6.387837371959121, 129.34736563673306], "UTIS": [50.91339200276037, 6.38783683336795, 129.42199325561523]}}