{"motor_position": {"axis_1_motor_position": 50808, "axis_2_motor_position": 73042}, "target_name": "solar_tower_juelich_upper", "sun_elevation": 22.773510204703793, "sun_azimuth": -79.58892403167705, "focal_spot": {"HeliOS": [50.91339201834965, 6.387827535613184, 129.48195974250118], "UTIS": [50.913392035209235, 6.387827080339524, 129.52702713012695]}}