{"motor_position": {"axis_1_motor_position": 51423, "axis_2_motor_position": 74319}, "target_name": "solar_tower_juelich_upper", "sun_elevation": 19.539160205175822, "sun_azimuth": -83.81436858649113, "focal_spot": {"HeliOS": [50.91339201532104, 6.387828867046542, 129.3487434695802], "UTIS": [50.913392030572595, 6.387828473968787, 129.38965606689453]}}