{"motor_position": {"axis_1_motor_position": 52463, "axis_2_motor_position": 75996}, "target_name": "solar_tower_juelich_upper", "sun_elevation": 15.047763940524126, "sun_azimuth": -89.46891586077537, "focal_spot": {"HeliOS": [50.91339200985438, 6.387831672747585, 129.30320077351402], "UTIS": [50.91339202066754, 6.387831451111411, 129.3461151123047]}}