{"motor_position": {"axis_1_motor_position": 52046, "axis_2_motor_position": 75378}, "target_name": "solar_tower_juelich_upper", "sun_elevation": 16.733661379017693, "sun_azimuth": -87.36744135396657, "focal_spot": {"HeliOS": [50.9133920102799, 6.387831429279685, 129.296235003075], "UTIS": [50.913392023091234, 6.387830722627395, 129.32676315307617]}}