{"motor_position": {"axis_1_motor_position": 48439, "axis_2_motor_position": 43926}, "target_name": "solar_tower_juelich_upper", "sun_elevation": 46.895368869850444, "sun_azimuth": 33.004583787973104, "focal_spot": {"HeliOS": [50.913392010279296, 6.387832441909911, 129.69516933018946], "UTIS": [50.91339201251091, 6.3878339027090165, 129.74334716796875]}}