{"motor_position": {"axis_1_motor_position": 48232, "axis_2_motor_position": 47011}, "target_name": "solar_tower_juelich_upper", "sun_elevation": 49.244288319872986, "sun_azimuth": 21.694220863224775, "focal_spot": {"HeliOS": [50.91339199921719, 6.387839565882021, 130.01791319895165], "UTIS": [50.913391988221676, 6.387841203129609, 130.03594970703125]}}