{"motor_position": {"axis_1_motor_position": 48001, "axis_2_motor_position": 55717}, "target_name": "solar_tower_juelich_upper", "sun_elevation": 50.1495516593733, "sun_azimuth": -15.132799487768485, "focal_spot": {"HeliOS": [50.913392007477256, 6.387835907120952, 130.3545139704131], "UTIS": [50.91339200174483, 6.387837138603607, 130.3847312927246]}}