{"motor_position": {"axis_1_motor_position": 48027, "axis_2_motor_position": 57576}, "target_name": "solar_tower_juelich_upper", "sun_elevation": 49.02265118967891, "sun_azimuth": -23.20260515362608, "focal_spot": {"HeliOS": [50.91339201610106, 6.387830915062233, 130.3657280427595], "UTIS": [50.91339201905297, 6.387831936396781, 130.40929412841797]}}