{"motor_position": {"axis_1_motor_position": 48293, "axis_2_motor_position": 62837}, "target_name": "solar_tower_juelich_upper", "sun_elevation": 43.320261659587814, "sun_azimuth": -44.664247599076575, "focal_spot": {"HeliOS": [50.913392018157204, 6.387829766941643, 130.385477346783], "UTIS": [50.91339202438563, 6.387830333573975, 130.42389678955078]}}