{"motor_position": {"axis_1_motor_position": 50148, "axis_2_motor_position": 25983}, "target_name": "solar_tower_juelich_upper", "sun_elevation": 25.602892939029925, "sun_azimuth": 80.19474414828419, "focal_spot": {"HeliOS": [50.91339201273898, 6.387828928748431, 128.76535707392637], "UTIS": [50.91339202762753, 6.387829359162359, 128.7526397705078]}}