{"motor_position": {"axis_1_motor_position": 48796, "axis_2_motor_position": 33098}, "target_name": "solar_tower_juelich_upper", "sun_elevation": 35.689062975162656, "sun_azimuth": 65.28412151497471, "focal_spot": {"HeliOS": [50.91339201104702, 6.387830699751461, 129.16184467195606], "UTIS": [50.913392019766555, 6.387831721914831, 129.14481353759766]}}