{"motor_position": {"axis_1_motor_position": 49282, "axis_2_motor_position": 30147}, "target_name": "solar_tower_juelich_upper", "sun_elevation": 31.566241854836985, "sun_azimuth": 71.81217004546727, "focal_spot": {"HeliOS": [50.9133920108645, 6.38783034546104, 128.96927641731745], "UTIS": [50.913392021731426, 6.387831131342821, 128.96310806274414]}}