{"motor_position": {"axis_1_motor_position": 48376, "axis_2_motor_position": 35996}, "target_name": "solar_tower_juelich_upper", "sun_elevation": 39.576954864492606, "sun_azimuth": 58.24724710361161, "focal_spot": {"HeliOS": [50.913392014679175, 6.387829871648084, 129.6320593367504], "UTIS": [50.91339202231925, 6.387830954659377, 129.6287956237793]}}