{"motor_position": {"axis_1_motor_position": 48080, "axis_2_motor_position": 38622}, "target_name": "solar_tower_juelich_upper", "sun_elevation": 42.922047136146645, "sun_azimuth": 51.13146245547952, "focal_spot": {"HeliOS": [50.9133920142757, 6.387830428728596, 129.7699771908847], "UTIS": [50.91339202031721, 6.387831556408221, 129.74261474609375]}}