{"motor_position": {"axis_1_motor_position": 47573, "axis_2_motor_position": 64302}, "target_name": "solar_tower_juelich_upper", "sun_elevation": 42.859961400694225, "sun_azimuth": -51.447625295693065, "focal_spot": {"HeliOS": [50.913392019166025, 6.387828933844852, 130.28674979800385], "UTIS": [50.913392028181505, 6.387829192655701, 130.2947120666504]}}