{"motor_position": {"axis_1_motor_position": 46531, "axis_2_motor_position": 48549}, "target_name": "solar_tower_juelich_upper", "sun_elevation": 54.06715029676145, "sun_azimuth": 17.2469071747467, "focal_spot": {"HeliOS": [50.913392006343926, 6.387836700281994, 130.3965812524931], "UTIS": [50.913391999668455, 6.3878377626823815, 130.38195037841797]}}