{"motor_position": {"axis_1_motor_position": 46467, "axis_2_motor_position": 50414}, "target_name": "solar_tower_juelich_upper", "sun_elevation": 54.79703136476548, "sun_azimuth": 8.94267094319304, "focal_spot": {"HeliOS": [50.91339200985581, 6.387834598911493, 130.38037646518356], "UTIS": [50.913392006981454, 6.387835564670387, 130.39987182617188]}}