{"motor_position": {"axis_1_motor_position": 46412, "axis_2_motor_position": 52638}, "target_name": "solar_tower_juelich_upper", "sun_elevation": 55.05848038241046, "sun_azimuth": -1.4209971590670192, "focal_spot": {"HeliOS": [50.91339201827089, 6.387829641322182, 130.3621217532965], "UTIS": [50.91339202511456, 6.3878301144816225, 130.37712860107422]}}