{"motor_position": {"axis_1_motor_position": 46393, "axis_2_motor_position": 54497}, "target_name": "solar_tower_juelich_upper", "sun_elevation": 54.72468247025201, "sun_azimuth": -10.230491436086181, "focal_spot": {"HeliOS": [50.913392008799654, 6.387835247895571, 130.3910633363231], "UTIS": [50.9133920047365, 6.387836239422891, 130.3866844177246]}}