{"motor_position": {"axis_1_motor_position": 46393, "axis_2_motor_position": 57172}, "target_name": "solar_tower_juelich_upper", "sun_elevation": 53.329395801201336, "sun_azimuth": -22.80231076152832, "focal_spot": {"HeliOS": [50.91339202098389, 6.387827955919609, 130.3180630813819], "UTIS": [50.9133920315275, 6.387828186950991, 130.31780624389648]}}