{"motor_position": {"axis_1_motor_position": 46387, "axis_2_motor_position": 55977}, "target_name": "solar_tower_juelich_upper", "sun_elevation": 54.08561981147598, "sun_azimuth": -17.235003857438997, "focal_spot": {"HeliOS": [50.913392023501515, 6.387826346138924, 130.25113365108928], "UTIS": [50.913392036774084, 6.387826609990496, 130.23112106323242]}}