{"motor_position": {"axis_1_motor_position": 46410, "axis_2_motor_position": 58453}, "target_name": "solar_tower_juelich_upper", "sun_elevation": 52.283347624462685, "sun_azimuth": -28.648276170918034, "focal_spot": {"HeliOS": [50.91339202668846, 6.387824582414748, 130.28731293480286], "UTIS": [50.91339204344478, 6.387824604974623, 130.28513717651367]}}