{"motor_position": {"axis_1_motor_position": 46436, "axis_2_motor_position": 59795}, "target_name": "solar_tower_juelich_upper", "sun_elevation": 50.936904737366206, "sun_azimuth": -34.58662106067204, "focal_spot": {"HeliOS": [50.91339202236577, 6.387827171769065, 130.32575752770484], "UTIS": [50.913392033680914, 6.3878275397049515, 130.32508087158203]}}