{"motor_position": {"axis_1_motor_position": 46489, "axis_2_motor_position": 61133}, "target_name": "solar_tower_juelich_upper", "sun_elevation": 49.34782662363797, "sun_azimuth": -40.30386439502903, "focal_spot": {"HeliOS": [50.91339201869052, 6.3878289542156805, 130.18284914859558], "UTIS": [50.91339202801867, 6.387829241600528, 130.17738342285156]}}