{"motor_position": {"axis_1_motor_position": 47425, "axis_2_motor_position": 41902}, "target_name": "solar_tower_juelich_lower", "sun_elevation": 48.73255417016285, "sun_azimuth": 43.09199512449698, "focal_spot": {"HeliOS": [50.91339198932, 6.387838204580998, 122.88977086241384], "UTIS": [50.91339199298158, 6.387839772495104, 122.78607940673828]}}