{"motor_position": {"axis_1_motor_position": 46098, "axis_2_motor_position": 70101}, "target_name": "solar_tower_juelich_upper", "sun_elevation": 35.19873293889796, "sun_azimuth": -75.25922290815744, "focal_spot": {"HeliOS": [50.91339199836637, 6.3878384888828865, 129.53510933842475], "UTIS": [50.91339199889085, 6.387837996402586, 129.59554290771484]}}