{"motor_position": {"axis_1_motor_position": 46509, "axis_2_motor_position": 33572}, "target_name": "solar_tower_juelich_upper", "sun_elevation": 39.787139520497306, "sun_azimuth": 68.49782824014139, "focal_spot": {"HeliOS": [50.91339200414977, 6.387834462544019, 129.2125966391552], "UTIS": [50.9133920076767, 6.387835355703967, 129.2175254821777]}}