{"motor_position": {"axis_1_motor_position": 46288, "axis_2_motor_position": 35713}, "target_name": "solar_tower_juelich_upper", "sun_elevation": 42.793851785985034, "sun_azimuth": 63.26327005550615, "focal_spot": {"HeliOS": [50.913392005351774, 6.387834410759343, 129.43008216606978], "UTIS": [50.913392006970206, 6.3878355680502175, 129.45519638061523]}}