{"motor_position": {"axis_1_motor_position": 45979, "axis_2_motor_position": 39451}, "target_name": "solar_tower_juelich_upper", "sun_elevation": 47.77964209079333, "sun_azimuth": 52.89893522675399, "focal_spot": {"HeliOS": [50.913392006188374, 6.387834555019457, 129.6467590569545], "UTIS": [50.913392006664296, 6.387835659993812, 129.66192626953125]}}