{"motor_position": {"axis_1_motor_position": 45769, "axis_2_motor_position": 42619}, "target_name": "solar_tower_juelich_upper", "sun_elevation": 51.55979460358444, "sun_azimuth": 42.57742346286172, "focal_spot": {"HeliOS": [50.913392008706424, 6.387833622967387, 129.8113197152037], "UTIS": [50.91339200996915, 6.387834666672778, 129.83837127685547]}}