{"motor_position": {"axis_1_motor_position": 45532, "axis_2_motor_position": 65138}, "target_name": "solar_tower_juelich_upper", "sun_elevation": 45.46674279145034, "sun_azimuth": -58.16618252672119, "focal_spot": {"HeliOS": [50.913392008589796, 6.387833651173116, 129.7980505584963], "UTIS": [50.91339201043828, 6.387834525672485, 129.8739013671875]}}