{"motor_position": {"axis_1_motor_position": 45661, "axis_2_motor_position": 67034}, "target_name": "solar_tower_juelich_upper", "sun_elevation": 41.88612945936188, "sun_azimuth": -65.041622833222, "focal_spot": {"HeliOS": [50.91339200724599, 6.387834008335883, 129.6585374924997], "UTIS": [50.91339200994306, 6.387834674517238, 129.75604248046875]}}