{"motor_position": {"axis_1_motor_position": 46017, "axis_2_motor_position": 37548}, "target_name": "solar_tower_juelich_upper", "sun_elevation": 45.46749029391318, "sun_azimuth": 58.63445190309826, "focal_spot": {"HeliOS": [50.91339201416488, 6.387830552910914, 129.79533670382568], "UTIS": [50.913392019632305, 6.387831762269398, 129.80106735229492]}}