{"motor_position": {"axis_1_motor_position": 45565, "axis_2_motor_position": 44458}, "target_name": "solar_tower_juelich_upper", "sun_elevation": 53.67471475929579, "sun_azimuth": 36.03145018744392, "focal_spot": {"HeliOS": [50.9133920173073, 6.387829667937213, 130.15101544572053], "UTIS": [50.91339202266956, 6.387830849365959, 130.14739990234375]}}