{"motor_position": {"axis_1_motor_position": 45472, "axis_2_motor_position": 46424}, "target_name": "solar_tower_juelich_upper", "sun_elevation": 55.4185837960501, "sun_azimuth": 28.09501675852059, "focal_spot": {"HeliOS": [50.913392008172664, 6.387835220740167, 130.2616948602423], "UTIS": [50.91339200388013, 6.387836496808688, 130.269287109375]}}