{"motor_position": {"axis_1_motor_position": 45302, "axis_2_motor_position": 51484}, "target_name": "solar_tower_juelich_upper", "sun_elevation": 57.89668962157357, "sun_azimuth": 4.600021773918825, "focal_spot": {"HeliOS": [50.91339200990686, 6.3878346986105665, 130.42365891154037], "UTIS": [50.9133920062916, 6.387835772012994, 130.44783782958984]}}