{"motor_position": {"axis_1_motor_position": 45051, "axis_2_motor_position": 70952}, "target_name": "solar_tower_juelich_lower", "sun_elevation": 36.16524182094229, "sun_azimuth": -80.73837508037671, "focal_spot": {"HeliOS": [50.91339198125132, 6.38784130405841, 122.48488861070902], "UTIS": [50.91339198920225, 6.387840908409735, 122.4364128112793]}}