{"motor_position": {"axis_1_motor_position": 46893, "axis_2_motor_position": 26581}, "target_name": "solar_tower_juelich_lower", "sun_elevation": 31.24198957045626, "sun_azimuth": 85.41573180659954, "focal_spot": {"HeliOS": [50.91339200334512, 6.387834147862365, 122.09209375205928], "UTIS": [50.91339200929, 6.387834870805055, 122.00308227539062]}}