{"motor_position": {"axis_1_motor_position": 47225, "axis_2_motor_position": 67705}, "target_name": "solar_tower_juelich_upper", "sun_elevation": 38.07759740877903, "sun_azimuth": -64.85151252457236, "focal_spot": {"HeliOS": [50.91339201430036, 6.387830080426517, 129.6327576842241], "UTIS": [50.91339202440334, 6.38783032824828, 129.64336395263672]}}