{"motor_position": {"axis_1_motor_position": 46561, "axis_2_motor_position": 72583}, "target_name": "multi_focus_tower", "sun_elevation": 29.128234941991824, "sun_azimuth": -78.46326082051687, "focal_spot": {"HeliOS": [50.913396436362035, 6.387578643751373, 138.30548331366617], "UTIS": [50.91339644413642, 6.3875771432400725, 138.27985382080078]}}