{"motor_position": {"axis_1_motor_position": 46812, "axis_2_motor_position": 73739}, "target_name": "multi_focus_tower", "sun_elevation": 26.249029991243063, "sun_azimuth": -82.31360599781303, "focal_spot": {"HeliOS": [50.91339643441275, 6.387579248772191, 138.14382459593688], "UTIS": [50.91339644303281, 6.387577475161858, 138.13921356201172]}}