{"motor_position": {"axis_1_motor_position": 50626, "axis_2_motor_position": 48681}, "target_name": "solar_tower_juelich_lower", "sun_elevation": 45.17229514642702, "sun_azimuth": 13.870338110387962, "focal_spot": {"HeliOS": [50.91339200312805, 6.387832840738118, 123.402394378521], "UTIS": [50.91339201440306, 6.38783333400251, 123.29608154296876]}}