{"motor_position": {"axis_1_motor_position": 51295, "axis_2_motor_position": 43471}, "target_name": "solar_tower_juelich_lower", "sun_elevation": 41.12763446739294, "sun_azimuth": 31.670338587109995, "focal_spot": {"HeliOS": [50.91339202269927, 6.387826403739419, 123.02541726283869], "UTIS": [50.91339203628841, 6.3878267559707025, 122.91348266601562]}}