{"motor_position": {"axis_1_motor_position": 50975, "axis_2_motor_position": 56374}, "target_name": "solar_tower_juelich_lower", "sun_elevation": 43.72669207390422, "sun_azimuth": -16.286275364257378, "focal_spot": {"HeliOS": [50.913392009752755, 6.387830478587407, 123.40582687594002], "UTIS": [50.91339202373531, 6.387830529038019, 123.33392333984376]}}