{"motor_position": {"axis_1_motor_position": 52019, "axis_2_motor_position": 65616}, "target_name": "solar_tower_juelich_lower", "sun_elevation": 33.572751274840506, "sun_azimuth": -51.01370908374477, "focal_spot": {"HeliOS": [50.913392017686704, 6.3878279576874295, 123.17834280677408], "UTIS": [50.91339203460139, 6.387827263040219, 123.11349487304688]}}