{"motor_position": {"axis_1_motor_position": 51494, "axis_2_motor_position": 52883}, "target_name": "solar_tower_juelich_lower", "sun_elevation": 43.249823701257355, "sun_azimuth": -2.481512444365869, "focal_spot": {"HeliOS": [50.913392011932004, 6.387829884903479, 123.2598783454538], "UTIS": [50.91339202410946, 6.3878304165781365, 123.0873565673828]}}