{"motor_position": {"axis_1_motor_position": 52064, "axis_2_motor_position": 62289}, "target_name": "solar_tower_juelich_lower", "sun_elevation": 37.00071621645981, "sun_azimuth": -38.40679945360932, "focal_spot": {"HeliOS": [50.913392020945146, 6.387826952592905, 123.07345244718807], "UTIS": [50.913392036555926, 6.3878266755598885, 123.04549407958984]}}