{"motor_position": {"axis_1_motor_position": 51896, "axis_2_motor_position": 36887}, "target_name": "multi_focus_tower", "sun_elevation": 30.124172182405808, "sun_azimuth": 52.90914877622469, "focal_spot": {"HeliOS": [50.91339645855725, 6.387572014416961, 138.34814762434357], "UTIS": [50.91339646074744, 6.387572147219238, 138.30583953857422]}}