{"motor_position": {"axis_1_motor_position": 52397, "axis_2_motor_position": 50410}, "target_name": "solar_tower_juelich_lower", "sun_elevation": 40.79640703841867, "sun_azimuth": 6.567303636986609, "focal_spot": {"HeliOS": [50.91339201495464, 6.387828922300495, 123.1768887429115], "UTIS": [50.91339202841949, 6.3878291211266855, 123.07443237304688]}}