{"motor_position": {"axis_1_motor_position": 52908, "axis_2_motor_position": 42409}, "target_name": "multi_focus_tower", "sun_elevation": 32.04322436969282, "sun_azimuth": 35.96820401717974, "focal_spot": {"HeliOS": [50.91339647501737, 6.3875673972583495, 138.76513503085164], "UTIS": [50.913396474405495, 6.387568039297314, 138.7026710510254]}}