{"motor_position": {"axis_1_motor_position": 53255, "axis_2_motor_position": 59401}, "target_name": "solar_tower_juelich_upper", "sun_elevation": 34.723623285328635, "sun_azimuth": -26.47637129176393, "focal_spot": {"HeliOS": [50.913392014602216, 6.387831162085857, 130.13094669490542], "UTIS": [50.91339202453206, 6.3878302895683765, 130.2368202209473]}}