{"motor_position": {"axis_1_motor_position": 57422, "axis_2_motor_position": 65953}, "target_name": "solar_tower_juelich_lower", "sun_elevation": 21.288489093940896, "sun_azimuth": -47.40557715682673, "focal_spot": {"HeliOS": [50.91339201497413, 6.387829021253784, 123.09376164514804], "UTIS": [50.91339203244282, 6.387827911838881, 122.95391082763672]}}