{"motor_position": {"axis_1_motor_position": 59015, "axis_2_motor_position": 59568}, "target_name": "solar_tower_juelich_lower", "sun_elevation": 20.930260181302007, "sun_azimuth": -24.302265301195913, "focal_spot": {"HeliOS": [50.9133920166265, 6.387828153098178, 123.31420395904776], "UTIS": [50.91339203109362, 6.387828317364316, 123.2459602355957]}}