{"motor_position": {"axis_1_motor_position": 59181, "axis_2_motor_position": 61386}, "target_name": "solar_tower_juelich_upper", "sun_elevation": 18.195006920209355, "sun_azimuth": -30.286104451915175, "focal_spot": {"HeliOS": [50.91339203317993, 6.38782026122076, 129.9495591463193], "UTIS": [50.91339205721582, 6.387820465763502, 129.96864700317383]}}