{"motor_position": {"axis_1_motor_position": 62178, "axis_2_motor_position": 41137}, "target_name": "solar_tower_juelich_lower", "sun_elevation": 11.538458542879088, "sun_azimuth": 30.712490071046552, "focal_spot": {"HeliOS": [50.91339205286596, 6.387816391353078, 122.72555058621924], "UTIS": [50.91339207258421, 6.387815846379129, 122.65848922729492]}}