{"motor_position": {"axis_1_motor_position": 61852, "axis_2_motor_position": 62748}, "target_name": "solar_tower_juelich_lower", "sun_elevation": 11.993294402469251, "sun_azimuth": -33.964284226862695, "focal_spot": {"HeliOS": [50.91339201389402, 6.387829365931969, 123.1213100988098], "UTIS": [50.913392026939746, 6.387829565891379, 123.13566589355467]}}