{"motor_position": {"axis_1_motor_position": 62466, "axis_2_motor_position": 64360}, "target_name": "solar_tower_juelich_lower", "sun_elevation": 9.740440711212257, "sun_azimuth": -39.24183187967299, "focal_spot": {"HeliOS": [50.913392014789416, 6.387829105462047, 123.07844930944717], "UTIS": [50.91339202887091, 6.387828985438521, 123.03944396972656]}}