{"motor_position": {"axis_1_motor_position": 54853, "axis_2_motor_position": 52975}, "target_name": "solar_tower_juelich_lower", "sun_elevation": 34.09253696203145, "sun_azimuth": -2.91294830641717, "focal_spot": {"HeliOS": [50.91339201258198, 6.387829297160289, 123.54262259610512], "UTIS": [50.913392027297334, 6.3878294584114075, 123.52223205566406]}}