{"motor_position": {"axis_1_motor_position": 53433, "axis_2_motor_position": 48490}, "target_name": "solar_tower_juelich_upper", "sun_elevation": 36.17882207444269, "sun_azimuth": 12.457076446420599, "focal_spot": {"HeliOS": [50.91339201967543, 6.387828433730524, 130.20139378201625], "UTIS": [50.913392027069364, 6.387829526930103, 130.23341751098633]}}