{"motor_position": {"axis_1_motor_position": 53302, "axis_2_motor_position": 52058}, "target_name": "solar_tower_juelich_upper", "sun_elevation": 36.87640796839344, "sun_azimuth": 0.14899031832884035, "focal_spot": {"HeliOS": [50.91339202102101, 6.387827972847356, 130.33428094371698], "UTIS": [50.913392029105005, 6.387828915082447, 130.3825645446777]}}