{"motor_position": {"axis_1_motor_position": 53312, "axis_2_motor_position": 54463}, "target_name": "solar_tower_juelich_upper", "sun_elevation": 36.57041371998677, "sun_azimuth": -8.430977278249546, "focal_spot": {"HeliOS": [50.91339202088557, 6.387828053592774, 130.33513663719458], "UTIS": [50.91339202888291, 6.38782898183834, 130.35017776489258]}}