{"motor_position": {"axis_1_motor_position": 53368, "axis_2_motor_position": 56124}, "target_name": "solar_tower_juelich_upper", "sun_elevation": 35.96756037967263, "sun_azimuth": -14.421683793226697, "focal_spot": {"HeliOS": [50.91339202092128, 6.387828027443438, 130.3328708926367], "UTIS": [50.91339203363839, 6.387827552485252, 130.16764450073242]}}