{"motor_position": {"axis_1_motor_position": 54578, "axis_2_motor_position": 62091}, "target_name": "solar_tower_juelich_lower", "sun_elevation": 31.13764093194122, "sun_azimuth": -35.50832049028441, "focal_spot": {"HeliOS": [50.91339202956891, 6.387823342473317, 123.45923750379028], "UTIS": [50.91339204882127, 6.387822988940976, 123.45767593383788]}}