{"motor_position": {"axis_1_motor_position": 45999, "axis_2_motor_position": 63176}, "target_name": "solar_tower_juelich_lower", "sun_elevation": 49.13245514576744, "sun_azimuth": -50.21449263669058, "focal_spot": {"HeliOS": [50.913392010739436, 6.387830357372173, 123.21827706842627], "UTIS": [50.91339202112192, 6.387831314538457, 123.08854293823242]}}