{"motor_position": {"axis_1_motor_position": 44480, "axis_2_motor_position": 60464}, "target_name": "solar_tower_juelich_upper", "sun_elevation": 54.49535265968245, "sun_azimuth": -40.68633806980796, "focal_spot": {"HeliOS": [50.91339200481421, 6.387835201941164, 129.6097314327218], "UTIS": [50.91339200842527, 6.387835130709625, 129.6344337463379]}}