{"motor_position": {"axis_1_motor_position": 44211, "axis_2_motor_position": 34224}, "target_name": "solar_tower_juelich_upper", "sun_elevation": 43.796014629595035, "sun_azimuth": 72.03678034712382, "focal_spot": {"HeliOS": [50.91339199497581, 6.387838056834954, 128.79252985474318], "UTIS": [50.91339199422067, 6.387839400076417, 128.7523307800293]}}