{
  "heliostat_position": [
    50.91539993949057,
    6.388214643343137,
    88.721138
  ],
  "height": 2.559999942779541,
  "width": 3.2200000286102295,
  "initial_orientation": [
    0.0,
    -1.0,
    0.0
  ],
  "kinematics_properties": {
    "actuators": [
      {
        "type_axis": "linear",
        "min_increment": 0,
        "max_increment": 67017,
        "increment": 154166.6667,
        "offset_shift": 0,
        "initial_stroke_length": 0.079713139,
        "offset": 0.335308,
        "pivot_radius": 0.338095,
        "radius_shift": 0,
        "clockwise_axis_movement": 0,
        "initial_angle": 0.028472239,
        "min_movement_angle": 0.011784463,
        "max_movement_angle": 1.570796327,
        "movement_speed": 0
      },
      {
        "type_axis": "linear",
        "min_increment": 0,
        "max_increment": 75494,
        "increment": 154166.6667,
        "offset_shift": 0,
        "initial_stroke_length": 0.079713139,
        "offset": 0.340771,
        "pivot_radius": 0.3191,
        "radius_shift": 0,
        "clockwise_axis_movement": 1,
        "initial_angle": 0.928416615,
        "min_movement_angle": -0.95993,
        "max_movement_angle": 0.930098482,
        "movement_speed": 0
      }
    ],
    "joint_translation_e_1": 0.0,
    "joint_translation_n_1": 0.0,
    "joint_translation_u_1": 0.0,
    "joint_translation_e_2": 0.0,
    "joint_translation_n_2": 0.0,
    "joint_translation_u_2": 0.0,
    "concentrator_translation_e": 0.0,
    "concentrator_translation_n": 0.175,
    "concentrator_translation_u": 0.0
  },
  "facet_properties": {
    "canting_type": "receiver canting",
    "number_of_facets": 4,
    "facets": [
      {
        "translation_vector": [
          -0.8075,
          0.6425,
          0.0402
        ],
        "canting_e": [
          0.8024987460005328,
          -0.0,
          -0.0014172196406401125
        ],
        "canting_n": [
          1.5877933713656877e-06,
          0.6374993681319119,
          0.0008957813841360346
        ]
      },
      {
        "translation_vector": [
          0.8075,
          0.6425,
          0.0402
        ],
        "canting_e": [
          0.8024987460005328,
          -0.0,
          0.0014172196406401125
        ],
        "canting_n": [
          -1.5877933713656877e-06,
          0.6374993681319119,
          0.0008957813841360346
        ]
      },
      {
        "translation_vector": [
          -0.8075,
          -0.6425,
          0.0402
        ],
        "canting_e": [
          0.8024987460005328,
          -0.0,
          -0.0014172196406401125
        ],
        "canting_n": [
          -1.5877933713656877e-06,
          0.6374993681319119,
          -0.0008957813841360346
        ]
      },
      {
        "translation_vector": [
          0.8075,
          -0.6425,
          0.0402
        ],
        "canting_e": [
          0.8024987460005328,
          -0.0,
          0.0014172196406401125
        ],
        "canting_n": [
          1.5877933713656877e-06,
          0.6374993681319119,
          -0.0008957813841360346
        ]
      }
    ]
  },
  "renovation": "2022-06-09"
}