{
  "heliostat_position": [
    50.91550471460551,
    6.387027245720241,
    88.40634918
  ],
  "height": 2.559999942779541,
  "width": 3.2200000286102295,
  "initial_orientation": [
    0.0,
    -1.0,
    0.0
  ],
  "kinematics_properties": {
    "actuators": [
      {
        "type_axis": "linear",
        "min_increment": 0,
        "max_increment": 68959,
        "increment": 154166.6667,
        "offset_shift": 0,
        "initial_stroke_length": 0.075632182,
        "offset": 0.335308,
        "pivot_radius": 0.338095,
        "radius_shift": 0,
        "clockwise_axis_movement": 0,
        "initial_angle": 0.01906428,
        "min_movement_angle": 0.010972885,
        "max_movement_angle": 1.570796327,
        "movement_speed": 0
      },
      {
        "type_axis": "linear",
        "min_increment": 0,
        "max_increment": 75595,
        "increment": 154166.6667,
        "offset_shift": 0,
        "initial_stroke_length": 0.077409285,
        "offset": 0.340771,
        "pivot_radius": 0.3191,
        "radius_shift": 0,
        "clockwise_axis_movement": 1,
        "initial_angle": 0.937029262,
        "min_movement_angle": -0.95993,
        "max_movement_angle": 0.932484348,
        "movement_speed": 0
      }
    ],
    "joint_translation_e_1": 0.0,
    "joint_translation_n_1": 0.0,
    "joint_translation_u_1": 0.0,
    "joint_translation_e_2": 0.0,
    "joint_translation_n_2": 0.0,
    "joint_translation_u_2": 0.0,
    "concentrator_translation_e": 0.0,
    "concentrator_translation_n": 0.175,
    "concentrator_translation_u": 0.0
  },
  "facet_properties": {
    "canting_type": "receiver canting",
    "number_of_facets": 4,
    "facets": [
      {
        "translation_vector": [
          -0.8075,
          0.6425,
          0.0402
        ],
        "canting_e": [
          0.80249890494811,
          -0.0,
          -0.001325402069806636
        ],
        "canting_n": [
          1.3865995676919721e-06,
          0.6374994478006409,
          0.0008377464925525991
        ]
      },
      {
        "translation_vector": [
          0.8075,
          0.6425,
          0.0402
        ],
        "canting_e": [
          0.80249890494811,
          -0.0,
          0.001325402069806636
        ],
        "canting_n": [
          -1.3865995676919721e-06,
          0.6374994478006409,
          0.0008377464925525991
        ]
      },
      {
        "translation_vector": [
          -0.8075,
          -0.6425,
          0.0402
        ],
        "canting_e": [
          0.80249890494811,
          -0.0,
          -0.001325402069806636
        ],
        "canting_n": [
          -1.3865995676919721e-06,
          0.6374994478006409,
          -0.0008377464925525991
        ]
      },
      {
        "translation_vector": [
          0.8075,
          -0.6425,
          0.0402
        ],
        "canting_e": [
          0.80249890494811,
          -0.0,
          0.001325402069806636
        ],
        "canting_n": [
          1.3865995676919721e-06,
          0.6374994478006409,
          -0.0008377464925525991
        ]
      }
    ]
  },
  "renovation": "2022-06-09"
}