{"motor_position": {"axis_1_motor_position": 58680, "axis_2_motor_position": 64888}, "target_name": "solar_tower_juelich_lower", "sun_elevation": 20.470393429883572, "sun_azimuth": -40.027498971594525, "focal_spot": {"HeliOS": [50.913392047176906, 6.387818341898695, 122.7340530303544], "UTIS": [50.91339206483944, 6.387818174279008, 122.67278671264648]}}