{"motor_position": {"axis_1_motor_position": 59155, "axis_2_motor_position": 66353}, "target_name": "solar_tower_juelich_lower", "sun_elevation": 18.190694464956014, "sun_azimuth": -45.04911197847802, "focal_spot": {"HeliOS": [50.913392001019446, 6.387834179371242, 122.84517595909568], "UTIS": [50.91339200899477, 6.387834959538323, 122.77963638305664]}}