{"motor_position": {"axis_1_motor_position": 59321, "axis_2_motor_position": 66804}, "target_name": "solar_tower_juelich_lower", "sun_elevation": 17.46452336206681, "sun_azimuth": -46.52363318280705, "focal_spot": {"HeliOS": [50.91339204401721, 6.387819563332749, 122.65590373809664], "UTIS": [50.91339206073038, 6.387819409371502, 122.60343170166016]}}