{"motor_position": {"axis_1_motor_position": 59546, "axis_2_motor_position": 67402}, "target_name": "solar_tower_juelich_lower", "sun_elevation": 16.39954323110405, "sun_azimuth": -48.5974503267916, "focal_spot": {"HeliOS": [50.91339201086287, 6.387830294129501, 123.2344120560028], "UTIS": [50.913392026677606, 6.3878296446817755, 123.0961799621582]}}