{"motor_position": {"axis_1_motor_position": 59962, "axis_2_motor_position": 68324}, "target_name": "solar_tower_juelich_lower", "sun_elevation": 14.698306496216633, "sun_azimuth": -51.72334551376278, "focal_spot": {"HeliOS": [50.913392037840275, 6.38782133236494, 122.88315184784636], "UTIS": [50.91339205502117, 6.387821125416947, 122.8289566040039]}}