{"motor_position": {"axis_1_motor_position": 59735, "axis_2_motor_position": 67838}, "target_name": "solar_tower_juelich_lower", "sun_elevation": 15.62782982379922, "sun_azimuth": -50.04165520427399, "focal_spot": {"HeliOS": [50.91339203147032, 6.387823443336345, 122.95288432171722], "UTIS": [50.91339204922375, 6.387822867965415, 122.82421875]}}