{"motor_position": {"axis_1_motor_position": 60146, "axis_2_motor_position": 68723}, "target_name": "solar_tower_juelich_lower", "sun_elevation": 13.894585924296443, "sun_azimuth": -53.131549113924905, "focal_spot": {"HeliOS": [50.91339202782011, 6.3878245068416994, 123.09690412549594], "UTIS": [50.91339204404323, 6.387824425094407, 123.04224395751952]}}