{"motor_position": {"axis_1_motor_position": 56998, "axis_2_motor_position": 54906}, "target_name": "solar_tower_juelich_upper", "sun_elevation": 28.135521801466798, "sun_azimuth": -6.328344601745216, "focal_spot": {"HeliOS": [50.9133920221575, 6.387826201124804, 129.8325633915626], "UTIS": [50.91339203750992, 6.387826388820075, 129.84629440307617]}}