{"motor_position": {"axis_1_motor_position": 57947, "axis_2_motor_position": 63632}, "target_name": "solar_tower_juelich_upper", "sun_elevation": 21.704640158837528, "sun_azimuth": -35.98886673196124, "focal_spot": {"HeliOS": [50.91339201752687, 6.3878283965828, 129.66809641699658], "UTIS": [50.91339203075462, 6.387828419260957, 129.70840454101562]}}