{"motor_position": {"axis_1_motor_position": 58258, "axis_2_motor_position": 64862}, "target_name": "solar_tower_juelich_upper", "sun_elevation": 19.99717405600768, "sun_azimuth": -40.22094131246537, "focal_spot": {"HeliOS": [50.9133920115649, 6.387831941018443, 129.77488319604316], "UTIS": [50.91339201987814, 6.387831688377553, 129.77888107299805]}}