{"motor_position": {"axis_1_motor_position": 58740, "axis_2_motor_position": 66389}, "target_name": "solar_tower_juelich_upper", "sun_elevation": 17.657796404058335, "sun_azimuth": -45.323825045379785, "focal_spot": {"HeliOS": [50.913392012196276, 6.387831692216736, 129.81390973236347], "UTIS": [50.91339202208215, 6.387831025923971, 129.7700309753418]}}