{"motor_position": {"axis_1_motor_position": 59074, "axis_2_motor_position": 67283}, "target_name": "solar_tower_juelich_upper", "sun_elevation": 16.12488134217327, "sun_azimuth": -48.34902364181605, "focal_spot": {"HeliOS": [50.9133920180065, 6.387828631468819, 129.88502709939075], "UTIS": [50.913392033831435, 6.387827494462003, 129.8335075378418]}}