{"motor_position": {"axis_1_motor_position": 60378, "axis_2_motor_position": 67636}, "target_name": "solar_tower_juelich_lower", "sun_elevation": 14.190347934175595, "sun_azimuth": -48.99436597739909, "focal_spot": {"HeliOS": [50.91339201064882, 6.3878299950595805, 123.5382210686096], "UTIS": [50.91339202761658, 6.387829362457442, 123.44135665893556]}}