{"motor_position": {"axis_1_motor_position": 58218, "axis_2_motor_position": 46841}, "target_name": "solar_tower_juelich_upper", "sun_elevation": 24.399029557678116, "sun_azimuth": 19.180903915104807, "focal_spot": {"HeliOS": [50.91339203182152, 6.387821299076076, 130.10990771980929], "UTIS": [50.913392058451684, 6.387820094294012, 130.16567611694336]}}