{"motor_position": {"axis_1_motor_position": 61693, "axis_2_motor_position": 65879}, "target_name": "solar_tower_juelich_lower", "sun_elevation": 12.111236238337678, "sun_azimuth": -42.00489654185982, "focal_spot": {"HeliOS": [50.91339202460858, 6.387824513808419, 123.86054737335172], "UTIS": [50.91339204429595, 6.387824349131272, 123.74948120117188]}}