{"motor_position": {"axis_1_motor_position": 61981, "axis_2_motor_position": 61314}, "target_name": "solar_tower_juelich_upper", "sun_elevation": 12.049256334880004, "sun_azimuth": -26.21019514554704, "focal_spot": {"HeliOS": [50.91339203649895, 6.387819149781427, 130.4414669324128], "UTIS": [50.913392065058396, 6.3878181084723185, 130.45026397705078]}}