{"motor_position": {"axis_1_motor_position": 59090, "axis_2_motor_position": 47059}, "target_name": "solar_tower_juelich_upper", "sun_elevation": 22.066490610038024, "sun_azimuth": 18.167005913928424, "focal_spot": {"HeliOS": [50.91339202900121, 6.387822454094196, 129.8648508465706], "UTIS": [50.9133920525184, 6.387821877685209, 129.82525253295898]}}