{"motor_position": {"axis_1_motor_position": 58893, "axis_2_motor_position": 59650}, "target_name": "solar_tower_juelich_upper", "sun_elevation": 21.32540641066246, "sun_azimuth": -21.81283895159574, "focal_spot": {"HeliOS": [50.91339202135175, 6.38782745704309, 130.19529386372415], "UTIS": [50.91339203426816, 6.387827363194397, 130.25925827026367]}}