{"motor_position": {"axis_1_motor_position": 63139, "axis_2_motor_position": 70789}, "target_name": "solar_tower_juelich_upper", "sun_elevation": 4.407651550596512, "sun_azimuth": -59.37552519557648, "focal_spot": {"HeliOS": [50.91339202704108, 6.3878224087020765, 129.2314811574889], "UTIS": [50.91339205295748, 6.387821745705701, 129.20989990234375]}}