{"motor_position": {"axis_1_motor_position": 58512, "axis_2_motor_position": 46275}, "target_name": "solar_tower_juelich_upper", "sun_elevation": 23.546167626890657, "sun_azimuth": 20.665799701337846, "focal_spot": {"HeliOS": [50.9133920192005, 6.387827883021453, 129.84919402978505], "UTIS": [50.91339203473403, 6.387827223167031, 129.82143783569336]}}