{"motor_position": {"axis_1_motor_position": 58006, "axis_2_motor_position": 57758}, "target_name": "solar_tower_juelich_upper", "sun_elevation": 24.503153139738767, "sun_azimuth": -15.766444182189893, "focal_spot": {"HeliOS": [50.9133920161603, 6.387830425447358, 130.19085467969592], "UTIS": [50.91339202500426, 6.387830147635828, 130.19186782836914]}}