{"motor_position": {"axis_1_motor_position": 59109, "axis_2_motor_position": 64838}, "target_name": "solar_tower_juelich_upper", "sun_elevation": 17.895591307529823, "sun_azimuth": -39.58455959892805, "focal_spot": {"HeliOS": [50.91339201501779, 6.38783068182194, 130.03639338480332], "UTIS": [50.91339202339416, 6.387830631578758, 129.9745979309082]}}