{"motor_position": {"axis_1_motor_position": 56428, "axis_2_motor_position": 48490}, "target_name": "solar_tower_juelich_upper", "sun_elevation": 29.729460932119675, "sun_azimuth": 14.632775793852447, "focal_spot": {"HeliOS": [50.913392014614395, 6.3878306693663625, 129.94188415243542], "UTIS": [50.91339202462333, 6.387830262133099, 129.9716796875]}}