{"motor_position": {"axis_1_motor_position": 56184, "axis_2_motor_position": 51685}, "target_name": "solar_tower_juelich_upper", "sun_elevation": 30.653843030634302, "sun_azimuth": 4.874400203622797, "focal_spot": {"HeliOS": [50.91339207096142, 6.387799078643551, 129.83613881757327], "UTIS": [50.913392130050916, 6.387798572725752, 129.93196487426758]}}