{"motor_position": {"axis_1_motor_position": 57574, "axis_2_motor_position": 40549}, "target_name": "solar_tower_juelich_upper", "sun_elevation": 24.052814974742475, "sun_azimuth": 37.79323774515029, "focal_spot": {"HeliOS": [50.91339203083223, 6.387820774749431, 129.4672910490713], "UTIS": [50.913392054642294, 6.3878212392938485, 129.49347305297852]}}