{"motor_position": {"axis_1_motor_position": 56719, "axis_2_motor_position": 45065}, "target_name": "solar_tower_juelich_upper", "sun_elevation": 28.068539591033602, "sun_azimuth": 25.128965677421125, "focal_spot": {"HeliOS": [50.91339201984922, 6.387827611126124, 129.88902374741988], "UTIS": [50.913392031333835, 6.387828245164083, 129.8688507080078]}}