{"motor_position": {"axis_1_motor_position": 56476, "axis_2_motor_position": 46815}, "target_name": "solar_tower_juelich_upper", "sun_elevation": 29.229646525637826, "sun_azimuth": 19.88204469504843, "focal_spot": {"HeliOS": [50.91339201803082, 6.387828860940856, 129.98809210279387], "UTIS": [50.9133920285695, 6.387829076039677, 129.9905548095703]}}