{"motor_position": {"axis_1_motor_position": 52747, "axis_2_motor_position": 44930}, "target_name": "solar_tower_juelich_upper", "sun_elevation": 38.229324285021804, "sun_azimuth": 28.5401734018191, "focal_spot": {"HeliOS": [50.91339200838552, 6.387834636574122, 130.10556218007122], "UTIS": [50.91339201043447, 6.387834526814912, 130.06731796264648]}}