{"motor_position": {"axis_1_motor_position": 51401, "axis_2_motor_position": 64773}, "target_name": "solar_tower_juelich_upper", "sun_elevation": 35.94946754084638, "sun_azimuth": -45.85352006682925, "focal_spot": {"HeliOS": [50.91339199799784, 6.387837622853734, 129.18246041507513], "UTIS": [50.91339200220963, 6.387836998901681, 129.16518783569336]}}