{"motor_position": {"axis_1_motor_position": 51630, "axis_2_motor_position": 66479}, "target_name": "solar_tower_juelich_upper", "sun_elevation": 33.2037817655391, "sun_azimuth": -52.007465449640954, "focal_spot": {"HeliOS": [50.91339200185127, 6.387836345133225, 129.44818536654066], "UTIS": [50.91339200706505, 6.387835539543702, 129.40901947021484]}}