{"motor_position": {"axis_1_motor_position": 52074, "axis_2_motor_position": 71855}, "target_name": "solar_tower_juelich_upper", "sun_elevation": 24.009220573325837, "sun_azimuth": -71.53722926469102, "focal_spot": {"HeliOS": [50.913391998912225, 6.387837394493582, 129.26933100129207], "UTIS": [50.91339200412971, 6.387836421798145, 129.22524642944336]}}