{"motor_position": {"axis_1_motor_position": 52963, "axis_2_motor_position": 73918}, "target_name": "solar_tower_juelich_upper", "sun_elevation": 19.000803086944966, "sun_azimuth": -78.48454221870614, "focal_spot": {"HeliOS": [50.913391997559174, 6.387837524135344, 129.0697872294098], "UTIS": [50.913392003738736, 6.387836539309126, 129.06084442138672]}}