{"motor_position": {"axis_1_motor_position": 54088, "axis_2_motor_position": 27247}, "target_name": "solar_tower_juelich_upper", "sun_elevation": 21.66451022406655, "sun_azimuth": 75.92109384810097, "focal_spot": {"HeliOS": [50.913391994502454, 6.387838564708051, 128.88371694319642], "UTIS": [50.913391998456355, 6.387838126995581, 128.84654235839844]}}