{"motor_position": {"axis_1_motor_position": 52246, "axis_2_motor_position": 34069}, "target_name": "solar_tower_juelich_upper", "sun_elevation": 31.224983382196818, "sun_azimuth": 61.38067487821296, "focal_spot": {"HeliOS": [50.91339200557453, 6.38783424464669, 129.41301045662908], "UTIS": [50.91339201116443, 6.387834307417462, 129.4073486328125]}}