{"motor_position": {"axis_1_motor_position": 50104, "axis_2_motor_position": 49404}, "target_name": "solar_tower_juelich_upper", "sun_elevation": 46.5849647606458, "sun_azimuth": 14.708288377392917, "focal_spot": {"HeliOS": [50.91339200982996, 6.387835863604196, 130.78380659460834], "UTIS": [50.913392006185255, 6.3878358039739185, 130.7690887451172]}}