{"motor_position": {"axis_1_motor_position": 49902, "axis_2_motor_position": 53536}, "target_name": "solar_tower_juelich_upper", "sun_elevation": 47.40414758892717, "sun_azimuth": -1.9067783959692959, "focal_spot": {"HeliOS": [50.91339201273879, 6.387833761562224, 130.67112238038808], "UTIS": [50.913392013194226, 6.387833697332609, 130.6166000366211]}}