{"motor_position": {"axis_1_motor_position": 49850, "axis_2_motor_position": 56145}, "target_name": "solar_tower_juelich_upper", "sun_elevation": 46.805699658837334, "sun_azimuth": -12.793868802810307, "focal_spot": {"HeliOS": [50.91339201150232, 6.38783416541142, 130.55957329379288], "UTIS": [50.91339201235383, 6.387833949921557, 130.52468490600586]}}