{"motor_position": {"axis_1_motor_position": 49861, "axis_2_motor_position": 58873}, "target_name": "solar_tower_juelich_upper", "sun_elevation": 45.19325624896977, "sun_azimuth": -24.123007728357273, "focal_spot": {"HeliOS": [50.91339201089936, 6.387834164484606, 130.43971565004992], "UTIS": [50.913392011882344, 6.387834091637141, 130.44902420043945]}}