{"motor_position": {"axis_1_motor_position": 48856, "axis_2_motor_position": 63053}, "target_name": "solar_tower_juelich_upper", "sun_elevation": 43.410696217516744, "sun_azimuth": -42.2783399553679, "focal_spot": {"HeliOS": [50.91339201968964, 6.387827944513247, 129.99613483892318], "UTIS": [50.91339203479074, 6.387827206122108, 129.94396209716797]}}