{"motor_position": {"axis_1_motor_position": 48989, "axis_2_motor_position": 64986}, "target_name": "solar_tower_juelich_upper", "sun_elevation": 40.54327046072998, "sun_azimuth": -49.70101323228555, "focal_spot": {"HeliOS": [50.91339201645833, 6.387829542704933, 129.90422495522338], "UTIS": [50.91339203050425, 6.38782849451219, 129.84825134277344]}}