{"motor_position": {"axis_1_motor_position": 49774, "axis_2_motor_position": 70475}, "target_name": "solar_tower_juelich_upper", "sun_elevation": 30.1044982183794, "sun_azimuth": -69.1376596954661, "focal_spot": {"HeliOS": [50.913392006221535, 6.387833737425008, 129.3531242700538], "UTIS": [50.91339201670669, 6.387832641608442, 129.34415435791016]}}