{"motor_position": {"axis_1_motor_position": 50415, "axis_2_motor_position": 72856}, "target_name": "solar_tower_juelich_upper", "sun_elevation": 24.602807966333515, "sun_azimuth": -77.1148114903564, "focal_spot": {"HeliOS": [50.91339199738433, 6.387837453950892, 129.01400656834448], "UTIS": [50.91339200373435, 6.387836540624447, 128.99140167236328]}}