{"motor_position": {"axis_1_motor_position": 50814, "axis_2_motor_position": 73975}, "target_name": "solar_tower_juelich_upper", "sun_elevation": 21.81589645073228, "sun_azimuth": -80.85775495431248, "focal_spot": {"HeliOS": [50.91339200073606, 6.387835970950792, 129.10774115677793], "UTIS": [50.91339200988093, 6.3878346931893635, 129.09461975097656]}}