{"motor_position": {"axis_1_motor_position": 51266, "axis_2_motor_position": 75010}, "target_name": "solar_tower_juelich_upper", "sun_elevation": 19.124112593134736, "sun_azimuth": -84.34551775643753, "focal_spot": {"HeliOS": [50.91339199889153, 6.38783692196003, 129.10253375408172], "UTIS": [50.913392005645974, 6.3878359660634105, 129.2758331298828]}}