{"motor_position": {"axis_1_motor_position": 50617, "axis_2_motor_position": 29616}, "target_name": "solar_tower_juelich_upper", "sun_elevation": 29.294490967244542, "sun_azimuth": 75.12331952144055, "focal_spot": {"HeliOS": [50.91339200336816, 6.387833646986863, 128.74330970535306], "UTIS": [50.91339201556578, 6.38783298452735, 128.70307159423828]}}