{"motor_position": {"axis_1_motor_position": 49644, "axis_2_motor_position": 34618}, "target_name": "solar_tower_juelich_upper", "sun_elevation": 36.3639939855504, "sun_azimuth": 64.13465740360765, "focal_spot": {"HeliOS": [50.913392004397345, 6.387834291057037, 129.19734200363803], "UTIS": [50.913392011383806, 6.387834241478559, 129.17995834350586]}}