{"motor_position": {"axis_1_motor_position": 47661, "axis_2_motor_position": 57086}, "target_name": "solar_tower_juelich_upper", "sun_elevation": 51.8073918053531, "sun_azimuth": -18.116249853885382, "focal_spot": {"HeliOS": [50.913392008030065, 6.387836002107686, 130.4889096072789], "UTIS": [50.913392005732724, 6.387835939990915, 130.49341583251953]}}