{"motor_position": {"axis_1_motor_position": 47649, "axis_2_motor_position": 60373}, "target_name": "solar_tower_juelich_upper", "sun_elevation": 49.11921987466836, "sun_azimuth": -32.71952268208209, "focal_spot": {"HeliOS": [50.91339200846642, 6.3878356207963085, 130.44895222422122], "UTIS": [50.91339200786292, 6.387835299731667, 130.3963966369629]}}