{"motor_position": {"axis_1_motor_position": 47645, "axis_2_motor_position": 58815}, "target_name": "solar_tower_juelich_upper", "sun_elevation": 50.58665144334469, "sun_azimuth": -25.910259469696665, "focal_spot": {"HeliOS": [50.91339200909843, 6.387835413464374, 130.50223895337305], "UTIS": [50.91339200873621, 6.387835037250698, 130.4555435180664]}}