{"motor_position": {"axis_1_motor_position": 47196, "axis_2_motor_position": 48692}, "target_name": "solar_tower_juelich_upper", "sun_elevation": 53.65479975931376, "sun_azimuth": 20.45901853775685, "focal_spot": {"HeliOS": [50.91339200537367, 6.387837148687408, 130.35965549008128], "UTIS": [50.913392001831575, 6.387837112531113, 130.3481216430664]}}