{"motor_position": {"axis_1_motor_position": 47079, "axis_2_motor_position": 50617}, "target_name": "solar_tower_juelich_upper", "sun_elevation": 54.58803018703654, "sun_azimuth": 11.942541621739638, "focal_spot": {"HeliOS": [50.913392004971456, 6.387837604581434, 130.42786024806958], "UTIS": [50.91339199921555, 6.387837898807859, 130.41880416870117]}}