{"motor_position": {"axis_1_motor_position": 46901, "axis_2_motor_position": 54580}, "target_name": "solar_tower_juelich_upper", "sun_elevation": 54.91987921142166, "sun_azimuth": -6.707996402494274, "focal_spot": {"HeliOS": [50.91339200862592, 6.38783544034495, 130.42076473847496], "UTIS": [50.91339200743133, 6.38783542945343, 130.40238189697266]}}