{"motor_position": {"axis_1_motor_position": 46785, "axis_2_motor_position": 61511}, "target_name": "solar_tower_juelich_upper", "sun_elevation": 49.78857725863039, "sun_azimuth": -38.82215921438641, "focal_spot": {"HeliOS": [50.913392013616566, 6.387832050328614, 130.25192890702263], "UTIS": [50.91339202122652, 6.3878312830962, 130.1937370300293]}}