{"motor_position": {"axis_1_motor_position": 47947, "axis_2_motor_position": 36426}, "target_name": "solar_tower_juelich_upper", "sun_elevation": 41.06358729198528, "sun_azimuth": 62.92929728090454, "focal_spot": {"HeliOS": [50.91339205158544, 6.38780941367194, 129.19637870854984], "UTIS": [50.91339209620898, 6.387808745209179, 129.2065467834473]}}