{"motor_position": {"axis_1_motor_position": 47268, "axis_2_motor_position": 42223}, "target_name": "solar_tower_juelich_upper", "sun_elevation": 48.75328082344626, "sun_azimuth": 45.777789747504954, "focal_spot": {"HeliOS": [50.913392010312734, 6.387834141948923, 130.31569120853698], "UTIS": [50.913392010193284, 6.387834599310076, 130.3212890625]}}