{"motor_position": {"axis_1_motor_position": 45785, "axis_2_motor_position": 65231}, "target_name": "solar_tower_juelich_upper", "sun_elevation": 46.271048165116916, "sun_azimuth": -55.81587798191411, "focal_spot": {"HeliOS": [50.91339200950275, 6.387835038176967, 130.45752563975606], "UTIS": [50.913392009588, 6.387834781234462, 130.44818115234375]}}