{"motor_position": {"axis_1_motor_position": 46986, "axis_2_motor_position": 38417}, "target_name": "solar_tower_juelich_upper", "sun_elevation": 45.15377584402332, "sun_azimuth": 58.68117519778782, "focal_spot": {"HeliOS": [50.91339200596464, 6.387835604345771, 129.9684298192514], "UTIS": [50.913392006087115, 6.387835833473708, 130.0198974609375]}}