{"motor_position": {"axis_1_motor_position": 46482, "axis_2_motor_position": 43962}, "target_name": "solar_tower_juelich_upper", "sun_elevation": 52.012350050431394, "sun_azimuth": 41.10247571804166, "focal_spot": {"HeliOS": [50.913392009013975, 6.387834992839925, 130.34808672334714], "UTIS": [50.91339200853598, 6.387835097436769, 130.41004943847656]}}