{"motor_position": {"axis_1_motor_position": 45795, "axis_2_motor_position": 56113}, "target_name": "solar_tower_juelich_upper", "sun_elevation": 57.04953777461685, "sun_azimuth": -14.741244102200513, "focal_spot": {"HeliOS": [50.9133920093158, 6.3878364179402665, 130.85814783008388], "UTIS": [50.913392002922734, 6.387836784568892, 130.894287109375]}}