{"motor_position": {"axis_1_motor_position": 45751, "axis_2_motor_position": 57793}, "target_name": "solar_tower_juelich_upper", "sun_elevation": 56.02822721773611, "sun_azimuth": -23.142643929803477, "focal_spot": {"HeliOS": [50.91339201026425, 6.3878354394662935, 130.73308314033272], "UTIS": [50.91339200778914, 6.387835321905659, 130.75945663452148]}}