{"motor_position": {"axis_1_motor_position": 45721, "axis_2_motor_position": 67025}, "target_name": "solar_tower_juelich_upper", "sun_elevation": 43.14852444490989, "sun_azimuth": -62.7390217278856, "focal_spot": {"HeliOS": [50.91339200833445, 6.387834797479759, 130.15058797438573], "UTIS": [50.91339200968872, 6.387834750961755, 130.2454948425293]}}