{"motor_position": {"axis_1_motor_position": 46241, "axis_2_motor_position": 45957}, "target_name": "solar_tower_juelich_upper", "sun_elevation": 54.2401276571456, "sun_azimuth": 33.70279437813991, "focal_spot": {"HeliOS": [50.9133920021738, 6.387838071364241, 130.0733532776048], "UTIS": [50.91339199765921, 6.387838366583877, 130.09397888183594]}}