{"motor_position": {"axis_1_motor_position": 45615, "axis_2_motor_position": 59255}, "target_name": "solar_tower_juelich_upper", "sun_elevation": 54.99811924120066, "sun_azimuth": -30.35818646942815, "focal_spot": {"HeliOS": [50.91339200734281, 6.387835727438115, 130.270682820733], "UTIS": [50.91339200491966, 6.387836184369282, 130.25711059570312]}}