{"motor_position": {"axis_1_motor_position": 44906, "axis_2_motor_position": 72306}, "target_name": "solar_tower_juelich_lower", "sun_elevation": 34.22287693905437, "sun_azimuth": -83.3447186286755, "focal_spot": {"HeliOS": [50.9133919844276, 6.38783977615221, 123.0561704222804], "UTIS": [50.91339199458318, 6.387839291118406, 122.9644889831543]}}