{"motor_position": {"axis_1_motor_position": 46660, "axis_2_motor_position": 30394}, "target_name": "solar_tower_juelich_upper", "sun_elevation": 35.29974642977297, "sun_azimuth": 80.34168650858744, "focal_spot": {"HeliOS": [50.91339200252525, 6.3878360024185215, 129.45523744733126], "UTIS": [50.91339200535906, 6.387836052298247, 129.51997756958008]}}