{"motor_position": {"axis_1_motor_position": 46096, "axis_2_motor_position": 35516}, "target_name": "solar_tower_juelich_upper", "sun_elevation": 42.88127585236765, "sun_azimuth": 68.9237292984346, "focal_spot": {"HeliOS": [50.91339200333716, 6.387836842513733, 129.89003918418854], "UTIS": [50.91339200305908, 6.387836743590565, 129.9483184814453]}}