{"motor_position": {"axis_1_motor_position": 45950, "axis_2_motor_position": 37077}, "target_name": "solar_tower_juelich_upper", "sun_elevation": 45.143118184925164, "sun_azimuth": 64.96069236692696, "focal_spot": {"HeliOS": [50.91339200151013, 6.3878382184858, 130.00195248854124], "UTIS": [50.913391997192015, 6.38783850700448, 130.14348983764648]}}