{"motor_position": {"axis_1_motor_position": 47004, "axis_2_motor_position": 62788}, "target_name": "solar_tower_juelich_upper", "sun_elevation": 47.697975376934544, "sun_azimuth": -43.83548765333668, "focal_spot": {"HeliOS": [50.913392019606874, 6.387829107088995, 130.46042617185054], "UTIS": [50.91339202949447, 6.387828798025727, 130.42502975463867]}}