{"motor_position": {"axis_1_motor_position": 46498, "axis_2_motor_position": 73469}, "target_name": "multi_focus_tower", "sun_elevation": 28.044589523809307, "sun_azimuth": -79.93326218738214, "focal_spot": {"HeliOS": [50.913396411289874, 6.387586165146514, 138.28312960010882], "UTIS": [50.913396421855445, 6.387583844485677, 138.2247314453125]}}