{"motor_position": {"axis_1_motor_position": 46656, "axis_2_motor_position": 47284}, "target_name": "multi_focus_tower", "sun_elevation": 51.04388811117839, "sun_azimuth": 30.9664258105669, "focal_spot": {"HeliOS": [50.913396442065235, 6.387576973741761, 139.48283276022653], "UTIS": [50.91339644650446, 6.387576431014413, 139.46728515625]}}