{"motor_position": {"axis_1_motor_position": 48071, "axis_2_motor_position": 45655}, "target_name": "multi_focus_tower", "sun_elevation": 46.69237484121868, "sun_azimuth": 34.9454825799078, "focal_spot": {"HeliOS": [50.9133964308365, 6.3875801077029015, 139.30103209063734], "UTIS": [50.91339643733907, 6.387579187627671, 139.25664520263672]}}