{"motor_position": {"axis_1_motor_position": 51997, "axis_2_motor_position": 42343}, "target_name": "solar_tower_juelich_lower", "sun_elevation": 39.83720431221079, "sun_azimuth": 38.69033755094031, "focal_spot": {"HeliOS": [50.913392013941795, 6.387828939756513, 123.44274363813496], "UTIS": [50.9133920277003, 6.387829337290076, 123.29279327392578]}}