{"motor_position": {"axis_1_motor_position": 53165, "axis_2_motor_position": 37228}, "target_name": "solar_tower_juelich_lower", "sun_elevation": 33.41002635521779, "sun_azimuth": 52.46366187798197, "focal_spot": {"HeliOS": [50.913392025258545, 6.387825313311573, 123.16178623695606], "UTIS": [50.913392040869226, 6.387825379108386, 123.05084609985352]}}