{"motor_position": {"axis_1_motor_position": 51551, "axis_2_motor_position": 62729}, "target_name": "solar_tower_juelich_lower", "sun_elevation": 39.196200273328586, "sun_azimuth": -37.98411478478151, "focal_spot": {"HeliOS": [50.913392021278085, 6.387825829923414, 123.78787944728406], "UTIS": [50.91339204019338, 6.387825582250784, 123.6865348815918]}}