{"motor_position": {"axis_1_motor_position": 51564, "axis_2_motor_position": 51223}, "target_name": "solar_tower_juelich_lower", "sun_elevation": 44.57495462070831, "sun_azimuth": 7.49905843412125, "focal_spot": {"HeliOS": [50.913392010124625, 6.387829593092417, 124.00309739480366], "UTIS": [50.91339202548163, 6.387830004150662, 123.92590713500977]}}