{"motor_position": {"axis_1_motor_position": 53271, "axis_2_motor_position": 39986}, "target_name": "solar_tower_juelich_lower", "sun_elevation": 35.295110043372496, "sun_azimuth": 44.33334102057392, "focal_spot": {"HeliOS": [50.91339201622341, 6.387828129193452, 123.44050560053476], "UTIS": [50.91339203027126, 6.387828564542821, 123.29111099243164]}}