{"motor_position": {"axis_1_motor_position": 53975, "axis_2_motor_position": 41974}, "target_name": "multi_focus_tower", "sun_elevation": 30.70185519034298, "sun_azimuth": 39.72672012227977, "focal_spot": {"HeliOS": [50.913396468396996, 6.387569581147849, 139.25415485463196], "UTIS": [50.91339646765764, 6.387570068850271, 139.23868560791016]}}