{"motor_position": {"axis_1_motor_position": 54981, "axis_2_motor_position": 57564}, "target_name": "solar_tower_juelich_upper", "sun_elevation": 32.78987886045239, "sun_azimuth": -16.064662256045, "focal_spot": {"HeliOS": [50.91339203340858, 6.387821295576522, 130.62725871943502], "UTIS": [50.91339205778947, 6.387820293334509, 130.74271392822266]}}