{"motor_position": {"axis_1_motor_position": 61599, "axis_2_motor_position": 38261}, "target_name": "solar_tower_juelich_lower", "sun_elevation": 14.467037928040993, "sun_azimuth": 42.219762745949055, "focal_spot": {"HeliOS": [50.91339206037922, 6.3878151990052325, 121.96593001689088], "UTIS": [50.91339207982666, 6.387813669442758, 121.7801628112793]}}