{"motor_position": {"axis_1_motor_position": 60237, "axis_2_motor_position": 62705}, "target_name": "solar_tower_juelich_lower", "sun_elevation": 17.75226449818107, "sun_azimuth": -31.58554079322254, "focal_spot": {"HeliOS": [50.91339204285965, 6.387818560690274, 123.48190549683044], "UTIS": [50.91339206701843, 6.387817519330885, 123.41089630126952]}}