{"motor_position": {"axis_1_motor_position": 55408, "axis_2_motor_position": 54104}, "target_name": "solar_tower_juelich_lower", "sun_elevation": 34.072567585713855, "sun_azimuth": -3.60406970567855, "focal_spot": {"HeliOS": [50.913392027310074, 6.387823544617251, 123.85264633124196], "UTIS": [50.9133920506434, 6.387822441259255, 123.73049545288086]}}