{"motor_position": {"axis_1_motor_position": 55327, "axis_2_motor_position": 65131}, "target_name": "solar_tower_juelich_lower", "sun_elevation": 28.153357453358435, "sun_azimuth": -43.38810111316234, "focal_spot": {"HeliOS": [50.913392017469185, 6.387827524764159, 123.55876267233646], "UTIS": [50.91339204084117, 6.387825387542708, 123.40595245361328]}}