{"motor_position": {"axis_1_motor_position": 44972, "axis_2_motor_position": 61716}, "target_name": "solar_tower_juelich_upper", "sun_elevation": 53.82005011420267, "sun_azimuth": -42.980827129235536, "focal_spot": {"HeliOS": [50.91339200727351, 6.387832018174608, 128.8927012674937], "UTIS": [50.91339201772701, 6.3878323349320345, 128.8347282409668]}}