{"motor_position": {"axis_1_motor_position": 46860, "axis_2_motor_position": 33280}, "target_name": "solar_tower_juelich_lower", "sun_elevation": 39.846308460677044, "sun_azimuth": 74.46288660987278, "focal_spot": {"HeliOS": [50.91339199184416, 6.387837322229912, 122.89420315612396], "UTIS": [50.91339200024279, 6.387837590063552, 122.82939529418944]}}