{"motor_position": {"axis_1_motor_position": 46937, "axis_2_motor_position": 32649}, "target_name": "solar_tower_juelich_lower", "sun_elevation": 38.919686703375774, "sun_azimuth": 75.84423234757767, "focal_spot": {"HeliOS": [50.91339198978989, 6.387838067007982, 122.85965373970564], "UTIS": [50.91339199717071, 6.387838513408193, 122.79151916503906]}}