{"motor_position": {"axis_1_motor_position": 46325, "axis_2_motor_position": 49983}, "target_name": "multi_focus_tower", "sun_elevation": 46.11213295781765, "sun_azimuth": -57.26830934410075, "focal_spot": {"HeliOS": [50.91339646752069, 6.38756977982531, 139.1619067159006], "UTIS": [50.913396463242236, 6.387571396862844, 139.1205825805664]}}