{"motor_position": {"axis_1_motor_position": 46526, "axis_2_motor_position": 52032}, "target_name": "multi_focus_tower", "sun_elevation": 42.95850061831933, "sun_azimuth": -63.51107041289723, "focal_spot": {"HeliOS": [50.91339644480858, 6.387576169595501, 138.92730267877636], "UTIS": [50.91339644473633, 6.38757696281066, 138.86753845214844]}}