{"motor_position": {"axis_1_motor_position": 45016, "axis_2_motor_position": 7888}, "target_name": "multi_focus_tower", "sun_elevation": 31.721348257068737, "sun_azimuth": 84.1665222855123, "focal_spot": {"HeliOS": [50.913396430752016, 6.38758021428154, 138.8526463373529], "UTIS": [50.91339643070924, 6.38758118162629, 138.71798706054688]}}