{"motor_position": {"axis_1_motor_position": 44794, "axis_2_motor_position": 15344}, "target_name": "multi_focus_tower", "sun_elevation": 42.129169794846646, "sun_azimuth": 69.07316447240481, "focal_spot": {"HeliOS": [50.91339644988474, 6.387574687054626, 138.7821184539986], "UTIS": [50.9133964484205, 6.387575854741354, 138.70220947265625]}}