{"motor_position": {"axis_1_motor_position": 44696, "axis_2_motor_position": 27104}, "target_name": "multi_focus_tower", "sun_elevation": 55.9209898510894, "sun_azimuth": 35.09488618824809, "focal_spot": {"HeliOS": [50.9133964418299, 6.387577038495713, 139.47325332255167], "UTIS": [50.913396441833186, 6.387577835966451, 139.4012451171875]}}