{"motor_position": {"axis_1_motor_position": 44660, "axis_2_motor_position": 20960}, "target_name": "multi_focus_tower", "sun_elevation": 49.404917123440555, "sun_azimuth": 54.943533393934345, "focal_spot": {"HeliOS": [50.91339643799178, 6.387578092975475, 139.628845601749], "UTIS": [50.91339643796576, 6.387578999143611, 139.5303077697754]}}