{"motor_position": {"axis_1_motor_position": 44928, "axis_2_motor_position": 38584}, "target_name": "multi_focus_tower", "sun_elevation": 59.143330746811905, "sun_azimuth": -15.065254223909447, "focal_spot": {"HeliOS": [50.91339644910534, 6.387575027415061, 139.4741433010954], "UTIS": [50.91339644853446, 6.387575820461663, 139.4582977294922]}}