{"motor_position": {"axis_1_motor_position": 45067, "axis_2_motor_position": 42039}, "target_name": "multi_focus_tower", "sun_elevation": 56.97800738835965, "sun_azimuth": -30.298467766997057, "focal_spot": {"HeliOS": [50.91339644883117, 6.387575077561625, 139.30940085150087], "UTIS": [50.9133964473555, 6.387576175055776, 139.27011108398438]}}