{"motor_position": {"axis_1_motor_position": 45165, "axis_2_motor_position": 43992}, "target_name": "multi_focus_tower", "sun_elevation": 55.15731702392159, "sun_azimuth": -38.25990893351155, "focal_spot": {"HeliOS": [50.913396445716984, 6.387575935279884, 139.1838424131766], "UTIS": [50.91339644688228, 6.387576317381577, 139.12799072265625]}}