{"motor_position": {"axis_1_motor_position": 45501, "axis_2_motor_position": 53811}, "target_name": "solar_tower_juelich_lower", "sun_elevation": 54.66615202629741, "sun_azimuth": -48.91974860208279, "focal_spot": {"HeliOS": [50.91339203951505, 6.387820495303746, 123.0394382264574], "UTIS": [50.9133920558005, 6.387820891167903, 122.98824310302734]}}