{"motor_position": {"axis_1_motor_position": 45566, "axis_2_motor_position": 55331}, "target_name": "solar_tower_juelich_lower", "sun_elevation": 52.440819124401756, "sun_azimuth": -54.77478663678943, "focal_spot": {"HeliOS": [50.91339202789742, 6.387824429108951, 123.1312969549986], "UTIS": [50.91339204291798, 6.387824763314772, 123.06436157226562]}}