{"motor_position": {"axis_1_motor_position": 45638, "axis_2_motor_position": 56642}, "target_name": "solar_tower_juelich_lower", "sun_elevation": 50.41130978083634, "sun_azimuth": -59.40145930350725, "focal_spot": {"HeliOS": [50.913392040255616, 6.387820037432236, 123.15902029927864], "UTIS": [50.91339205834089, 6.387820127590598, 123.1093864440918]}}