{"motor_position": {"axis_1_motor_position": 45798, "axis_2_motor_position": 59110}, "target_name": "solar_tower_juelich_lower", "sun_elevation": 46.25407702414879, "sun_azimuth": -67.4693477262125, "focal_spot": {"HeliOS": [50.913392051362024, 6.387816094660912, 123.17687965465984], "UTIS": [50.91339207179098, 6.387816084804655, 123.14073181152344]}}