{"motor_position": {"axis_1_motor_position": 46020, "axis_2_motor_position": 61637}, "target_name": "solar_tower_juelich_lower", "sun_elevation": 41.37956387640822, "sun_azimuth": -75.38547167329882, "focal_spot": {"HeliOS": [50.913391998213704, 6.387834707311571, 123.28870336893011], "UTIS": [50.9133920106048, 6.387834475622513, 123.2417984008789]}}