{"motor_position": {"axis_1_motor_position": 46309, "axis_2_motor_position": 64168}, "target_name": "solar_tower_juelich_lower", "sun_elevation": 36.39612025801188, "sun_azimuth": -82.43930247389746, "focal_spot": {"HeliOS": [50.91339202552896, 6.387825253618206, 123.13709717091432], "UTIS": [50.91339204191107, 6.387825065960466, 123.08612442016602]}}