{"motor_position": {"axis_1_motor_position": 46618, "axis_2_motor_position": 66276}, "target_name": "solar_tower_juelich_lower", "sun_elevation": 31.939190188383808, "sun_azimuth": -88.20409233490508, "focal_spot": {"HeliOS": [50.9133920212694, 6.38782687129943, 123.04963832020763], "UTIS": [50.91339203732911, 6.387826443161785, 123.04790878295898]}}