{"motor_position": {"axis_1_motor_position": 46955, "axis_2_motor_position": 68121}, "target_name": "solar_tower_juelich_lower", "sun_elevation": 27.898484032858622, "sun_azimuth": -93.1622168149804, "focal_spot": {"HeliOS": [50.91339202253291, 6.387826379148472, 123.08540889838304], "UTIS": [50.913392038041295, 6.387826229103585, 123.08026885986328]}}