{"motor_position": {"axis_1_motor_position": 47480, "axis_2_motor_position": 70303}, "target_name": "solar_tower_juelich_lower", "sun_elevation": 22.923836113918814, "sun_azimuth": -99.08626750673076, "focal_spot": {"HeliOS": [50.913392005984534, 6.387832029224246, 123.22419351699976], "UTIS": [50.91339202022304, 6.3878315847079445, 123.1397476196289]}}