{"motor_position": {"axis_1_motor_position": 47828, "axis_2_motor_position": 71454}, "target_name": "solar_tower_juelich_lower", "sun_elevation": 20.296989663558666, "sun_azimuth": -102.19009719209323, "focal_spot": {"HeliOS": [50.91339201383015, 6.387829619151179, 122.93572643450791], "UTIS": [50.91339202850706, 6.387829094806722, 122.9034423828125]}}