{"motor_position": {"axis_1_motor_position": 45652, "axis_2_motor_position": 23749}, "target_name": "solar_tower_juelich_lower", "sun_elevation": 43.648691128151704, "sun_azimuth": 72.05744009309463, "focal_spot": {"HeliOS": [50.9133920356978, 6.387824512352068, 121.20714977231265], "UTIS": [50.91339204082483, 6.38782539245143, 121.12775802612305]}}