{"motor_position": {"axis_1_motor_position": 45335, "axis_2_motor_position": 26678}, "target_name": "solar_tower_juelich_lower", "sun_elevation": 47.68810703349717, "sun_azimuth": 65.08762228179859, "focal_spot": {"HeliOS": [50.9133920149477, 6.387829265549033, 122.90687091523372], "UTIS": [50.91339202515246, 6.387830103091219, 122.77473449707033]}}