{"motor_position": {"axis_1_motor_position": 45249, "axis_2_motor_position": 29548}, "target_name": "solar_tower_juelich_lower", "sun_elevation": 51.46907643895402, "sun_azimuth": 57.33367389076496, "focal_spot": {"HeliOS": [50.91339201462547, 6.387829249103346, 123.00996245867434], "UTIS": [50.913392025894936, 6.3878298799240865, 122.85015869140624]}}