{"motor_position": {"axis_1_motor_position": 45189, "axis_2_motor_position": 32545}, "target_name": "solar_tower_juelich_lower", "sun_elevation": 55.10903753725494, "sun_azimuth": 47.97120240216355, "focal_spot": {"HeliOS": [50.913392016913555, 6.387828360901875, 123.07792912834552], "UTIS": [50.91339202721092, 6.3878294843822045, 122.96247482299805]}}