{"motor_position": {"axis_1_motor_position": 45145, "axis_2_motor_position": 37075}, "target_name": "solar_tower_juelich_lower", "sun_elevation": 59.60412688420907, "sun_azimuth": 30.705855477460435, "focal_spot": {"HeliOS": [50.913392016730064, 6.387828358633165, 123.12932746984944], "UTIS": [50.91339202842632, 6.387829119072346, 123.02006149291992]}}