{"motor_position": {"axis_1_motor_position": 45143, "axis_2_motor_position": 39584}, "target_name": "solar_tower_juelich_lower", "sun_elevation": 61.300490745961525, "sun_azimuth": 19.384523782258658, "focal_spot": {"HeliOS": [50.91339201821801, 6.3878278466013745, 123.12088574522532], "UTIS": [50.91339202971735, 6.387828731025753, 123.01621627807616]}}