{"motor_position": {"axis_1_motor_position": 45155, "axis_2_motor_position": 42058}, "target_name": "solar_tower_juelich_lower", "sun_elevation": 62.22484492408839, "sun_azimuth": 7.156859122825426, "focal_spot": {"HeliOS": [50.91339201740705, 6.387828092992137, 123.15037507723652], "UTIS": [50.91339202938496, 6.3878288309358515, 123.03960037231444]}}