{"motor_position": {"axis_1_motor_position": 45185, "axis_2_motor_position": 44494}, "target_name": "solar_tower_juelich_lower", "sun_elevation": 62.28541900227366, "sun_azimuth": -5.460334313331118, "focal_spot": {"HeliOS": [50.91339201724554, 6.387828135660408, 123.16118670348136], "UTIS": [50.91339202886614, 6.3878289868758795, 123.05461120605467]}}