{"motor_position": {"axis_1_motor_position": 45228, "axis_2_motor_position": 46910}, "target_name": "solar_tower_juelich_lower", "sun_elevation": 61.46086583426385, "sun_azimuth": -17.92036206848773, "focal_spot": {"HeliOS": [50.913392016347764, 6.38782847485049, 123.14339546551597], "UTIS": [50.91339202835898, 6.387829139317429, 123.04768753051758]}}