{"motor_position": {"axis_1_motor_position": 45287, "axis_2_motor_position": 49262}, "target_name": "solar_tower_juelich_lower", "sun_elevation": 59.83328485095106, "sun_azimuth": -29.490292465741728, "focal_spot": {"HeliOS": [50.91339201596647, 6.3878286154925465, 123.13836548478042], "UTIS": [50.91339202607834, 6.387829824799287, 123.0682601928711]}}