{"motor_position": {"axis_1_motor_position": 45511, "axis_2_motor_position": 55265}, "target_name": "solar_tower_juelich_lower", "sun_elevation": 52.63839890555382, "sun_azimuth": -54.736306427552044, "focal_spot": {"HeliOS": [50.913392026424766, 6.387825006093912, 123.09044077321826], "UTIS": [50.91339204149401, 6.387825191315911, 122.99280166625977]}}