{"motor_position": {"axis_1_motor_position": 46388, "axis_2_motor_position": 65168}, "target_name": "solar_tower_juelich_lower", "sun_elevation": 34.399706526020644, "sun_azimuth": -85.33424608039736, "focal_spot": {"HeliOS": [50.91339201720629, 6.387828269826358, 123.06899570444703], "UTIS": [50.91339203128347, 6.387828260303825, 123.00082397460938]}}