{"motor_position": {"axis_1_motor_position": 47414, "axis_2_motor_position": 70441}, "target_name": "solar_tower_juelich_lower", "sun_elevation": 22.724742079089644, "sun_azimuth": -99.5582143403435, "focal_spot": {"HeliOS": [50.91339201198144, 6.387830086229914, 123.08204807919762], "UTIS": [50.913392025732264, 6.387829928821458, 123.0129737854004]}}