{"motor_position": {"axis_1_motor_position": 44541, "axis_2_motor_position": 45588}, "target_name": "solar_tower_juelich_upper", "sun_elevation": 62.098460474377184, "sun_azimuth": -11.216421652441, "focal_spot": {"HeliOS": [50.9133920245503, 6.387824089316023, 129.42910914299208], "UTIS": [50.91339204587021, 6.387823875954985, 129.48990631103516]}}