{"motor_position": {"axis_1_motor_position": 45441, "axis_2_motor_position": 64607}, "target_name": "solar_tower_juelich_upper", "sun_elevation": 35.29235783801048, "sun_azimuth": -84.23686669353091, "focal_spot": {"HeliOS": [50.91339201535236, 6.387828899943606, 129.37074302221689], "UTIS": [50.91339203074987, 6.387828420684755, 129.37749099731445]}}