{"motor_position": {"axis_1_motor_position": 44460, "axis_2_motor_position": 42320}, "target_name": "solar_tower_juelich_upper", "sun_elevation": 62.434744308520195, "sun_azimuth": 5.920793574056095, "focal_spot": {"HeliOS": [50.913392019888065, 6.387826570570357, 129.41745296755937], "UTIS": [50.913392036925934, 6.387826564347527, 129.4426307678223]}}