{"motor_position": {"axis_1_motor_position": 44428, "axis_2_motor_position": 37147}, "target_name": "solar_tower_juelich_upper", "sun_elevation": 59.76323867130179, "sun_azimuth": 30.780830571308535, "focal_spot": {"HeliOS": [50.913392023770996, 6.3878245778669305, 129.4656011394681], "UTIS": [50.91339204283003, 6.387824789743214, 129.50075149536133]}}