{"motor_position": {"axis_1_motor_position": 44908, "axis_2_motor_position": 58531}, "target_name": "solar_tower_juelich_upper", "sun_elevation": 47.18616105762708, "sun_azimuth": -66.40018644421735, "focal_spot": {"HeliOS": [50.91339202166967, 6.387826227198502, 129.71695751081404], "UTIS": [50.91339203762419, 6.387826354472589, 129.71015548706055]}}