{"motor_position": {"axis_1_motor_position": 44614, "axis_2_motor_position": 22707}, "target_name": "solar_tower_juelich_upper", "sun_elevation": 41.99720167392515, "sun_azimuth": 74.95818807134276, "focal_spot": {"HeliOS": [50.91339201799749, 6.387827307400067, 129.28721017159194], "UTIS": [50.91339203508657, 6.387827117209171, 129.27650833129883]}}