{"motor_position": {"axis_1_motor_position": 44438, "axis_2_motor_position": 36293}, "target_name": "solar_tower_juelich_upper", "sun_elevation": 58.88687073920966, "sun_azimuth": 34.22203464111438, "focal_spot": {"HeliOS": [50.91339201396757, 6.387831290421079, 130.04181550595175], "UTIS": [50.91339201960587, 6.387831770212171, 130.09305572509766]}}