{"motor_position": {"axis_1_motor_position": 45284, "axis_2_motor_position": 30015}, "target_name": "solar_tower_juelich_lower", "sun_elevation": 51.96931926331356, "sun_azimuth": 55.86860163859068, "focal_spot": {"HeliOS": [50.91339200973489, 6.387830981242678, 122.99174524253442], "UTIS": [50.91339202173933, 6.387831128969822, 122.90885925292967]}}