{"motor_position": {"axis_1_motor_position": 45561, "axis_2_motor_position": 23156}, "target_name": "solar_tower_juelich_lower", "sun_elevation": 42.66682212278779, "sun_azimuth": 73.25659955097474, "focal_spot": {"HeliOS": [50.913392013499774, 6.387830030039598, 122.69239629966636], "UTIS": [50.913392024125336, 6.387830411808408, 122.60559463500977]}}