{"motor_position": {"axis_1_motor_position": 44964, "axis_2_motor_position": 18137}, "target_name": "solar_tower_juelich_upper", "sun_elevation": 35.15452761415571, "sun_azimuth": 83.82204789589187, "focal_spot": {"HeliOS": [50.913392014232706, 6.387829629043522, 129.42686407562547], "UTIS": [50.91339202489722, 6.387830179806935, 129.43734741210938]}}