{"motor_position": {"axis_1_motor_position": 45322, "axis_2_motor_position": 31769}, "target_name": "solar_tower_juelich_lower", "sun_elevation": 53.9343419384702, "sun_azimuth": 50.22620898510785, "focal_spot": {"HeliOS": [50.91339201014649, 6.38783068373388, 123.12089157982452], "UTIS": [50.91339202072103, 6.387831435036029, 123.0085334777832]}}