{"motor_position": {"axis_1_motor_position": 45315, "axis_2_motor_position": 45581}, "target_name": "solar_tower_juelich_lower", "sun_elevation": 61.68868771809275, "sun_azimuth": -10.9926287506118, "focal_spot": {"HeliOS": [50.913392007433046, 6.387831489469501, 123.2484219135124], "UTIS": [50.91339201848424, 6.387832107340953, 123.1555404663086]}}