{"motor_position": {"axis_1_motor_position": 45939, "axis_2_motor_position": 59265}, "target_name": "solar_tower_juelich_lower", "sun_elevation": 45.71758487278285, "sun_azimuth": -67.85241215415346, "focal_spot": {"HeliOS": [50.913392017783636, 6.387828043728054, 123.0870331308994], "UTIS": [50.91339203123849, 6.387828273823148, 122.99091720581056]}}