{"motor_position": {"axis_1_motor_position": 47003, "axis_2_motor_position": 67605}, "target_name": "solar_tower_juelich_lower", "sun_elevation": 28.89668308477837, "sun_azimuth": -91.52490031377076, "focal_spot": {"HeliOS": [50.913392008386516, 6.387831355369086, 123.07547914593368], "UTIS": [50.91339202251535, 6.387830895717438, 123.05403137207033]}}