{"motor_position": {"axis_1_motor_position": 45914, "axis_2_motor_position": 22024}, "target_name": "solar_tower_juelich_lower", "sun_elevation": 40.720504059224375, "sun_azimuth": 74.94268217615621, "focal_spot": {"HeliOS": [50.913391996855, 6.387835726956142, 122.73990842491504], "UTIS": [50.91339200607881, 6.387835835968747, 122.63832092285156]}}