{"motor_position": {"axis_1_motor_position": 45126, "axis_2_motor_position": 26528}, "target_name": "solar_tower_juelich_upper", "sun_elevation": 46.33163967668011, "sun_azimuth": 64.48216089332645, "focal_spot": {"HeliOS": [50.91339201215611, 6.387831469576426, 129.71850869633244], "UTIS": [50.91339201931503, 6.387831857630116, 129.84523010253906]}}