{"motor_position": {"axis_1_motor_position": 45001, "axis_2_motor_position": 44056}, "target_name": "solar_tower_juelich_upper", "sun_elevation": 60.996998903090194, "sun_azimuth": -3.0448548536306843, "focal_spot": {"HeliOS": [50.9133920169088, 6.387829605004392, 130.03377027587246], "UTIS": [50.91339202706666, 6.387829527743703, 130.08195877075195]}}