{"motor_position": {"axis_1_motor_position": 45113, "axis_2_motor_position": 44243}, "target_name": "solar_tower_juelich_upper", "sun_elevation": 60.68403394723345, "sun_azimuth": -3.9720602729266066, "focal_spot": {"HeliOS": [50.91339201221871, 6.3878321599995065, 129.99671228849758], "UTIS": [50.91339201688189, 6.387832588948172, 129.99834060668945]}}