{"motor_position": {"axis_1_motor_position": 45193, "axis_2_motor_position": 45532}, "target_name": "solar_tower_juelich_upper", "sun_elevation": 60.25276010570278, "sun_azimuth": -10.45416115334644, "focal_spot": {"HeliOS": [50.91339200928126, 6.387833373610075, 129.8368763394052], "UTIS": [50.91339201423817, 6.387833383557541, 129.93160247802734]}}