{"motor_position": {"axis_1_motor_position": 46820, "axis_2_motor_position": 60531}, "target_name": "solar_tower_juelich_lower", "sun_elevation": 42.153472703939606, "sun_azimuth": -69.94542577384358, "focal_spot": {"HeliOS": [50.91339201291232, 6.387829305025762, 123.44415301875829], "UTIS": [50.91339202922507, 6.3878288789925, 123.31287002563477]}}