{"motor_position": {"axis_1_motor_position": 45506, "axis_2_motor_position": 48045}, "target_name": "solar_tower_juelich_upper", "sun_elevation": 58.376169993751674, "sun_azimuth": -22.29965886540173, "focal_spot": {"HeliOS": [50.91339201314523, 6.3878320762375544, 130.16158070137902], "UTIS": [50.913392017355754, 6.387832446520685, 130.23233795166016]}}