{"motor_position": {"axis_1_motor_position": 44989, "axis_2_motor_position": 29440}, "target_name": "multi_focus_tower", "sun_elevation": 45.72593106609406, "sun_azimuth": 60.56422167952106, "focal_spot": {"HeliOS": [50.91339642695524, 6.387581306338644, 138.86085235769528], "UTIS": [50.91339643045963, 6.387581256694474, 138.82338333129883]}}