{"motor_position": {"axis_1_motor_position": 44862, "axis_2_motor_position": 39329}, "target_name": "multi_focus_tower", "sun_elevation": 56.54986886954498, "sun_azimuth": 27.433190820403414, "focal_spot": {"HeliOS": [50.91339643416431, 6.387579214068735, 138.98950261003858], "UTIS": [50.91339643608912, 6.387579563565227, 138.95090866088867]}}