{"motor_position": {"axis_1_motor_position": 44956, "axis_2_motor_position": 48413}, "target_name": "multi_focus_tower", "sun_elevation": 58.19324509179493, "sun_azimuth": -15.190395735870908, "focal_spot": {"HeliOS": [50.91339642117426, 6.387582940077207, 138.94405852786142], "UTIS": [50.91339642452381, 6.387583041950389, 138.92303466796875]}}