{"motor_position": {"axis_1_motor_position": 45255, "axis_2_motor_position": 56774}, "target_name": "multi_focus_tower", "sun_elevation": 49.7746888605632, "sun_azimuth": -51.42294157047086, "focal_spot": {"HeliOS": [50.91339643666008, 6.387578521204275, 138.7251467634431], "UTIS": [50.91339643850634, 6.387578836559162, 138.7116813659668]}}