{"motor_position": {"axis_1_motor_position": 45931, "axis_2_motor_position": 65233}, "target_name": "multi_focus_tower", "sun_elevation": 34.387702521141584, "sun_azimuth": -78.94012483010188, "focal_spot": {"HeliOS": [50.91339642262222, 6.387582660022138, 138.56690876684823], "UTIS": [50.91339642749885, 6.387582147179951, 138.53419494628906]}}