{"motor_position": {"axis_1_motor_position": 46968, "axis_2_motor_position": 71358}, "target_name": "multi_focus_tower", "sun_elevation": 20.52197633286378, "sun_azimuth": -96.46498722534581, "focal_spot": {"HeliOS": [50.913396405934336, 6.3875875219896185, 138.6287605638158], "UTIS": [50.91339641876209, 6.387584774837566, 138.62505340576172]}}