{"motor_position": {"axis_1_motor_position": 46553, "axis_2_motor_position": 53978}, "target_name": "solar_tower_juelich_upper", "sun_elevation": 50.52795417631895, "sun_azimuth": -45.89250694952771, "focal_spot": {"HeliOS": [50.913392021063146, 6.387827765918563, 130.25684794113417], "UTIS": [50.91339203159144, 6.387828167736467, 130.2619590759277]}}