{"motor_position": {"axis_1_motor_position": 48483, "axis_2_motor_position": 24811}, "target_name": "solar_tower_juelich_lower", "sun_elevation": 40.111579320933856, "sun_azimuth": 63.14352698878107, "focal_spot": {"HeliOS": [50.91339201503553, 6.3878297445879895, 122.49122638227468], "UTIS": [50.91339202531352, 6.387830054682009, 122.36602401733398]}}