{"motor_position": {"axis_1_motor_position": 49576, "axis_2_motor_position": 64267}, "target_name": "solar_tower_juelich_lower", "sun_elevation": 31.5437730922726, "sun_azimuth": -76.5359089634423, "focal_spot": {"HeliOS": [50.91339201277735, 6.387828311537925, 124.232919136305], "UTIS": [50.91339203197552, 6.387828052293386, 124.2332000732422]}}