{"motor_position": {"axis_1_motor_position": 49224, "axis_2_motor_position": 20348}, "target_name": "solar_tower_juelich_lower", "sun_elevation": 33.68999761683081, "sun_azimuth": 72.51179142353307, "focal_spot": {"HeliOS": [50.913392018892495, 6.387828342258421, 122.55708497420332], "UTIS": [50.91339203065546, 6.38782844905906, 122.43706893920898]}}