{"motor_position": {"axis_1_motor_position": 54742, "axis_2_motor_position": 45389}, "target_name": "solar_tower_juelich_upper", "sun_elevation": 34.0931214554905, "sun_azimuth": -6.372503652301003, "focal_spot": {"HeliOS": [50.91339202797253, 6.387824055615559, 130.3946067434756], "UTIS": [50.913392045475646, 6.387823994550765, 130.42002868652344]}}