{"motor_position": {"axis_1_motor_position": 54787, "axis_2_motor_position": 45413}, "target_name": "solar_tower_juelich_upper", "sun_elevation": 34.09459770560034, "sun_azimuth": -6.347500491221545, "focal_spot": {"HeliOS": [50.91339203019419, 6.387821946522614, 129.95442695638127], "UTIS": [50.91339205164897, 6.387822139013577, 130.02824020385742]}}