{"motor_position": {"axis_1_motor_position": 54739, "axis_2_motor_position": 45385}, "target_name": "solar_tower_juelich_upper", "sun_elevation": 34.09134244406842, "sun_azimuth": -6.402506179178543, "focal_spot": {"HeliOS": [50.913392025744415, 6.387825399473306, 130.4141864013817], "UTIS": [50.91339204036496, 6.387825530675315, 130.45986938476562]}}