{"motor_position": {"axis_1_motor_position": 54739, "axis_2_motor_position": 45385}, "target_name": "solar_tower_juelich_upper", "sun_elevation": 34.08985338371818, "sun_azimuth": -6.427512120050907, "focal_spot": {"HeliOS": [50.913392023613035, 6.387826655690939, 130.41805796668794], "UTIS": [50.91339203659963, 6.3878266624270275, 130.46981048583984]}}