{"motor_position": {"axis_1_motor_position": 54739, "axis_2_motor_position": 45385}, "target_name": "solar_tower_juelich_upper", "sun_elevation": 34.08835952170416, "sun_azimuth": -6.452502236576976, "focal_spot": {"HeliOS": [50.91339202194171, 6.387827652659739, 130.42585040219927], "UTIS": [50.9133920325896, 6.387827867721413, 130.4688835144043]}}