{"motor_position": {"axis_1_motor_position": 55651, "axis_2_motor_position": 49616}, "target_name": "solar_tower_juelich_lower", "sun_elevation": 32.40842561672697, "sun_azimuth": -20.055858340932836, "focal_spot": {"HeliOS": [50.91339203638079, 6.387820749718827, 123.55703618802816], "UTIS": [50.91339205419918, 6.3878213724869735, 123.4959716796875]}}