{"motor_position": {"axis_1_motor_position": 56005, "axis_2_motor_position": 52442}, "target_name": "solar_tower_juelich_lower", "sun_elevation": 30.29332720171439, "sun_azimuth": -29.103086513728336, "focal_spot": {"HeliOS": [50.913392003144146, 6.387832786761663, 123.44556074351496], "UTIS": [50.91339201330645, 6.3878336635987125, 123.37572860717772]}}