{"motor_position": {"axis_1_motor_position": 56487, "axis_2_motor_position": 55240}, "target_name": "solar_tower_juelich_lower", "sun_elevation": 27.440793507013943, "sun_azimuth": -37.83234031101142, "focal_spot": {"HeliOS": [50.91339203179137, 6.387822443414191, 123.52621914475624], "UTIS": [50.91339205023925, 6.387822562736536, 123.48307800292967]}}