{"motor_position": {"axis_1_motor_position": 60042, "axis_2_motor_position": 64828}, "target_name": "solar_tower_juelich_lower", "sun_elevation": 11.93477865218631, "sun_azimuth": -66.62079037877051, "focal_spot": {"HeliOS": [50.91339202816745, 6.387823291718954, 123.81547728726224], "UTIS": [50.91339204830657, 6.387823143653828, 123.65535736083984]}}