{"motor_position": {"axis_1_motor_position": 59031, "axis_2_motor_position": 57777}, "target_name": "solar_tower_juelich_lower", "sun_elevation": 19.400834890156236, "sun_azimuth": -44.19938009835141, "focal_spot": {"HeliOS": [50.91339199723188, 6.387835175741169, 123.16868337213629], "UTIS": [50.91339200784917, 6.387835303864078, 123.0942726135254]}}