{"motor_position": {"axis_1_motor_position": 57651, "axis_2_motor_position": 50733}, "target_name": "solar_tower_juelich_lower", "sun_elevation": 26.479562329025583, "sun_azimuth": -22.70555312692327, "focal_spot": {"HeliOS": [50.91339200598725, 6.38783206027515, 123.19614026413694], "UTIS": [50.91339201733493, 6.387832452778628, 123.1540641784668]}}