{"motor_position": {"axis_1_motor_position": 60119, "axis_2_motor_position": 58178}, "target_name": "solar_tower_juelich_lower", "sun_elevation": 16.36052606539141, "sun_azimuth": -44.77408290501753, "focal_spot": {"HeliOS": [50.91339200206926, 6.387833537568858, 123.10727144316046], "UTIS": [50.913392013143515, 6.387833712574051, 123.05674743652344]}}