{"motor_position": {"axis_1_motor_position": 61290, "axis_2_motor_position": 21319}, "target_name": "solar_tower_juelich_upper", "sun_elevation": 9.087760937953304, "sun_azimuth": 56.58686710784218, "focal_spot": {"HeliOS": [50.91339202419711, 6.387822032445619, 128.10645100443523], "UTIS": [50.913392053631604, 6.387821543085365, 128.1264305114746]}}