{"motor_position": {"axis_1_motor_position": 57605, "axis_2_motor_position": 38617}, "target_name": "solar_tower_juelich_upper", "sun_elevation": 25.313680962430823, "sun_azimuth": 13.736353973632005, "focal_spot": {"HeliOS": [50.91339202320004, 6.387826060379963, 130.04089247077732], "UTIS": [50.913392040717405, 6.387825424744575, 130.03606796264648]}}