{"motor_position": {"axis_1_motor_position": 59704, "axis_2_motor_position": 51452}, "target_name": "solar_tower_juelich_upper", "sun_elevation": 18.530660629817007, "sun_azimuth": -23.88509651396919, "focal_spot": {"HeliOS": [50.913392010089076, 6.387833546383141, 130.06300264496764], "UTIS": [50.913392015281055, 6.387833070104522, 130.0569725036621]}}