{"motor_position": {"axis_1_motor_position": 58306, "axis_2_motor_position": 53458}, "target_name": "multi_focus_tower", "sun_elevation": 20.096027631385244, "sun_azimuth": -25.409615822869714, "focal_spot": {"HeliOS": [50.91339641469628, 6.3875847898489555, 138.95525925952592], "UTIS": [50.91339642137455, 6.387583989116683, 138.8605728149414]}}