{"motor_position": {"axis_1_motor_position": 58434, "axis_2_motor_position": 38892}, "target_name": "solar_tower_juelich_upper", "sun_elevation": 22.958057675001132, "sun_azimuth": 12.729200081969806, "focal_spot": {"HeliOS": [50.91339202244564, 6.38782560306759, 129.62074395955491], "UTIS": [50.91339204006748, 6.38782562008997, 129.6136360168457]}}