{"motor_position": {"axis_1_motor_position": 59733, "axis_2_motor_position": 52506}, "target_name": "solar_tower_juelich_lower", "sun_elevation": 19.87135216890272, "sun_azimuth": -27.341405377481188, "focal_spot": {"HeliOS": [50.9133919923595, 6.387836962275673, 123.09259471785856], "UTIS": [50.913392000262945, 6.387837583998841, 123.05813217163086]}}