{"motor_position": {"axis_1_motor_position": 59733, "axis_2_motor_position": 52506}, "target_name": "solar_tower_juelich_lower", "sun_elevation": 19.877351237737564, "sun_azimuth": -27.32102126931798, "focal_spot": {"HeliOS": [50.913391995271645, 6.387835968042716, 123.06327105461838], "UTIS": [50.91339200428124, 6.387836376253488, 123.05329132080078]}}