{"motor_position": {"axis_1_motor_position": 58436, "axis_2_motor_position": 30044}, "target_name": "multi_focus_tower", "sun_elevation": 16.860937905599307, "sun_azimuth": 40.91269963230795, "focal_spot": {"HeliOS": [50.913396436208075, 6.387578674639468, 138.473188308602], "UTIS": [50.913396438921204, 6.387578711780004, 138.4232635498047]}}