{"motor_position": {"axis_1_motor_position": 57049, "axis_2_motor_position": 39446}, "target_name": "multi_focus_tower", "sun_elevation": 24.36418116753393, "sun_azimuth": 16.431377846224766, "focal_spot": {"HeliOS": [50.913396429288724, 6.387580633380865, 138.86457506970964], "UTIS": [50.913396432877406, 6.387580529525687, 138.83102416992188]}}