{"motor_position": {"axis_1_motor_position": 57231, "axis_2_motor_position": 36352}, "target_name": "multi_focus_tower", "sun_elevation": 22.85986465746381, "sun_azimuth": 24.993387923913314, "focal_spot": {"HeliOS": [50.91339643194418, 6.38757987788655, 138.8099443040174], "UTIS": [50.91339643514575, 6.387579847294757, 138.7490196228027]}}