{"motor_position": {"axis_1_motor_position": 58002, "axis_2_motor_position": 56652}, "target_name": "multi_focus_tower", "sun_elevation": 19.507878618863213, "sun_azimuth": -35.602062749569576, "focal_spot": {"HeliOS": [50.91339641391184, 6.387585014280728, 138.95540185018376], "UTIS": [50.913396420677614, 6.387584198727226, 138.90123748779297]}}