{"motor_position": {"axis_1_motor_position": 59738, "axis_2_motor_position": 60733}, "target_name": "solar_tower_juelich_upper", "sun_elevation": 13.992326116073, "sun_azimuth": -52.89484593759094, "focal_spot": {"HeliOS": [50.9133920007201, 6.387837687746005, 129.69214179851042], "UTIS": [50.91339199931371, 6.387837869304683, 129.73376846313477]}}