{"motor_position": {"axis_1_motor_position": 57183, "axis_2_motor_position": 42020}, "target_name": "solar_tower_juelich_lower", "sun_elevation": 28.838064678723466, "sun_azimuth": 4.014187710687286, "focal_spot": {"HeliOS": [50.91339200185172, 6.3878333966720575, 123.30920036523032], "UTIS": [50.91339201532074, 6.387833058175109, 123.17760467529295]}}