{"motor_position": {"axis_1_motor_position": 56014, "axis_2_motor_position": 32786}, "target_name": "multi_focus_tower", "sun_elevation": 24.52049863153204, "sun_azimuth": 35.46110667854978, "focal_spot": {"HeliOS": [50.913396437177646, 6.38757837054319, 138.72790693115007], "UTIS": [50.91339644002563, 6.387578379614137, 138.68540954589844]}}