{"motor_position": {"axis_1_motor_position": 55693, "axis_2_motor_position": 35136}, "target_name": "multi_focus_tower", "sun_elevation": 26.547750802932846, "sun_azimuth": 29.284091790573466, "focal_spot": {"HeliOS": [50.91339643485826, 6.3875790364646665, 138.802008562425], "UTIS": [50.913396438076035, 6.387578965975841, 138.7449951171875]}}