{"motor_position": {"axis_1_motor_position": 55488, "axis_2_motor_position": 37021}, "target_name": "multi_focus_tower", "sun_elevation": 27.926042598786026, "sun_azimuth": 24.110835067462926, "focal_spot": {"HeliOS": [50.9133964317549, 6.387579921851326, 138.8724601809546], "UTIS": [50.913396434937816, 6.387579909833495, 138.8170394897461]}}