{"motor_position": {"axis_1_motor_position": 55960, "axis_2_motor_position": 55146}, "target_name": "multi_focus_tower", "sun_elevation": 25.782892287150958, "sun_azimuth": -31.96746546048689, "focal_spot": {"HeliOS": [50.91339641510492, 6.387584548273772, 139.21260911031567], "UTIS": [50.91339642296419, 6.387583511018052, 139.15596389770508]}}