{"motor_position": {"axis_1_motor_position": 56464, "axis_2_motor_position": 57628}, "target_name": "multi_focus_tower", "sun_elevation": 22.959686500159112, "sun_azimuth": -39.71111334077492, "focal_spot": {"HeliOS": [50.91339644934375, 6.387574867501284, 138.91736555613502], "UTIS": [50.9133964520604, 6.387574759987971, 138.86535263061523]}}