{"motor_position": {"axis_1_motor_position": 56681, "axis_2_motor_position": 36666}, "target_name": "solar_tower_juelich_lower", "sun_elevation": 29.221568534853404, "sun_azimuth": 19.923566775859157, "focal_spot": {"HeliOS": [50.91339201121939, 6.387830505180223, 122.95600456121986], "UTIS": [50.9133920225254, 6.387830892696947, 122.91398620605467]}}