{"motor_position": {"axis_1_motor_position": 56530, "axis_2_motor_position": 38851}, "target_name": "solar_tower_juelich_lower", "sun_elevation": 30.249235665347616, "sun_azimuth": 13.623677802269912, "focal_spot": {"HeliOS": [50.91339201603096, 6.387828797163257, 122.978802092837], "UTIS": [50.91339202765527, 6.387829350822958, 122.97218704223631]}}