{"motor_position": {"axis_1_motor_position": 56430, "axis_2_motor_position": 44193}, "target_name": "solar_tower_juelich_lower", "sun_elevation": 31.119422841357366, "sun_azimuth": -2.573503720041238, "focal_spot": {"HeliOS": [50.913392006173474, 6.38783204305543, 123.1536500132826], "UTIS": [50.91339201695478, 6.387832567038599, 123.15021896362305]}}