{"motor_position": {"axis_1_motor_position": 56490, "axis_2_motor_position": 46102}, "target_name": "solar_tower_juelich_lower", "sun_elevation": 30.809165076042284, "sun_azimuth": -8.539143948786496, "focal_spot": {"HeliOS": [50.91339200976969, 6.38783076915498, 123.16031231640284], "UTIS": [50.913392020948876, 6.387831366551236, 123.1431770324707]}}