{"motor_position": {"axis_1_motor_position": 52683, "axis_2_motor_position": 42682}, "target_name": "multi_focus_tower", "sun_elevation": 37.46000290795331, "sun_azimuth": 8.187913429124348, "focal_spot": {"HeliOS": [50.91339642308912, 6.387582371355481, 139.0043096666299], "UTIS": [50.91339642784321, 6.387582043608639, 138.91070175170898]}}