{"motor_position": {"axis_1_motor_position": 46870, "axis_2_motor_position": 19408}, "target_name": "solar_tower_juelich_lower", "sun_elevation": 35.9189912803723, "sun_azimuth": 78.93578484575443, "focal_spot": {"HeliOS": [50.913392012551505, 6.387830789759216, 122.32244861437316], "UTIS": [50.913392020366885, 6.387831541475266, 122.264404296875]}}