{"motor_position": {"axis_1_motor_position": 45394, "axis_2_motor_position": 51233}, "target_name": "solar_tower_juelich_upper", "sun_elevation": 56.122493803333725, "sun_azimuth": -36.94076233092221, "focal_spot": {"HeliOS": [50.913392004187415, 6.3878369303533775, 130.07426117728457], "UTIS": [50.91339200098631, 6.387837366584539, 130.13068389892578]}}