{"motor_position": {"axis_1_motor_position": 43842, "axis_2_motor_position": 40586}, "target_name": "multi_focus_tower", "sun_elevation": 59.87106779228495, "sun_azimuth": 23.755521200245738, "focal_spot": {"HeliOS": [50.913396421502384, 6.387582793578373, 139.0878309235476], "UTIS": [50.91339642575899, 6.387582670460514, 139.0485801696777]}}