{"motor_position": {"axis_1_motor_position": 44276, "axis_2_motor_position": 60386}, "target_name": "multi_focus_tower", "sun_elevation": 45.831344088084556, "sun_azimuth": -66.56097512460724, "focal_spot": {"HeliOS": [50.91339643464178, 6.387579087273356, 138.90495883618286], "UTIS": [50.91339643995014, 6.3875784023135855, 138.8554344177246]}}