{"motor_position": {"axis_1_motor_position": 44667, "axis_2_motor_position": 24743}, "target_name": "solar_tower_juelich_upper", "sun_elevation": 44.65885635330041, "sun_azimuth": 70.13799650495086, "focal_spot": {"HeliOS": [50.913392005568525, 6.3878341568897845, 129.37936637558067], "UTIS": [50.913392010475306, 6.38783451454311, 129.41563415527344]}}