{"motor_position": {"axis_1_motor_position": 44586, "axis_2_motor_position": 27907}, "target_name": "solar_tower_juelich_upper", "sun_elevation": 49.02026927442479, "sun_azimuth": 62.20948255909296, "focal_spot": {"HeliOS": [50.91339200495326, 6.3878349821608, 129.55869102119075], "UTIS": [50.91339200773904, 6.387835336967432, 129.59141540527344]}}