{"motor_position": {"axis_1_motor_position": 44497, "axis_2_motor_position": 34187}, "target_name": "solar_tower_juelich_upper", "sun_elevation": 56.68795092813678, "sun_azimuth": 42.46444957010119, "focal_spot": {"HeliOS": [50.91339201933327, 6.387827781933185, 129.8371656210187], "UTIS": [50.91339203200488, 6.387828043472606, 129.8480339050293]}}