{"motor_position": {"axis_1_motor_position": 43642, "axis_2_motor_position": 20183}, "target_name": "multi_focus_tower", "sun_elevation": 34.64173414518962, "sun_azimuth": 84.79913475501543, "focal_spot": {"HeliOS": [50.91339642363358, 6.387582412213177, 138.42546389514268], "UTIS": [50.91339642837829, 6.387581882678509, 138.34923934936523]}}