{"motor_position": {"axis_1_motor_position": 43521, "axis_2_motor_position": 30486}, "target_name": "multi_focus_tower", "sun_elevation": 49.53005241902272, "sun_azimuth": 61.33181129535903, "focal_spot": {"HeliOS": [50.91339641678517, 6.3875842555991005, 138.8184971466075], "UTIS": [50.91339642120756, 6.387584039342936, 138.7709732055664]}}