{"motor_position": {"axis_1_motor_position": 43521, "axis_2_motor_position": 38366}, "target_name": "multi_focus_tower", "sun_elevation": 58.82199026947537, "sun_azimuth": 34.22136926587923, "focal_spot": {"HeliOS": [50.913396414488176, 6.3875847976438855, 139.05848437118055], "UTIS": [50.913396420035774, 6.387584391767445, 138.99934768676758]}}