{"motor_position": {"axis_1_motor_position": 43595, "axis_2_motor_position": 46783}, "target_name": "multi_focus_tower", "sun_elevation": 62.142600699470705, "sun_azimuth": -7.62399976802659, "focal_spot": {"HeliOS": [50.91339640879837, 6.387586354201293, 139.1588435629777], "UTIS": [50.91339641512056, 6.387585870051984, 139.12476348876953]}}