{"motor_position": {"axis_1_motor_position": 43637, "axis_2_motor_position": 49472}, "target_name": "multi_focus_tower", "sun_elevation": 60.94337077699649, "sun_azimuth": -21.83524479123751, "focal_spot": {"HeliOS": [50.913396408510884, 6.387586450476151, 139.1338529262814], "UTIS": [50.91339641479477, 6.387585968036574, 139.09297943115234]}}