{"motor_position": {"axis_1_motor_position": 44597, "axis_2_motor_position": 52252}, "target_name": "solar_tower_juelich_upper", "sun_elevation": 56.803705392818244, "sun_azimuth": -43.14743485653321, "focal_spot": {"HeliOS": [50.913392003516435, 6.387837187771384, 130.0347142576953], "UTIS": [50.91339200067435, 6.3878374603485675, 130.06073379516602]}}