{"motor_position": {"axis_1_motor_position": 44047, "axis_2_motor_position": 55907}, "target_name": "multi_focus_tower", "sun_elevation": 53.36735172327445, "sun_azimuth": -50.579841007839704, "focal_spot": {"HeliOS": [50.91339644349555, 6.387576538641553, 138.80372308262383], "UTIS": [50.91339644650446, 6.387576431014413, 138.7568473815918]}}