{"motor_position": {"axis_1_motor_position": 45356, "axis_2_motor_position": 19676}, "target_name": "solar_tower_juelich_upper", "sun_elevation": 36.77235154767447, "sun_azimuth": 79.98395974498902, "focal_spot": {"HeliOS": [50.91339200694288, 6.387832956483238, 129.20046228473714], "UTIS": [50.91339201418212, 6.387833400405845, 129.22824096679688]}}