{"motor_position": {"axis_1_motor_position": 44630, "axis_2_motor_position": 21284}, "target_name": "multi_focus_tower", "sun_elevation": 35.097958273417184, "sun_azimuth": 80.61793777936177, "focal_spot": {"HeliOS": [50.91339641754686, 6.387584161483587, 138.54679985493203], "UTIS": [50.91339642203931, 6.38758378918798, 138.48516845703125]}}