{"motor_position": {"axis_1_motor_position": 45428, "axis_2_motor_position": 48775}, "target_name": "solar_tower_juelich_upper", "sun_elevation": 58.09592724688432, "sun_azimuth": -25.703108074233256, "focal_spot": {"HeliOS": [50.91339200209643, 6.3878379486609465, 130.02120561866855], "UTIS": [50.91339199715025, 6.387838519557653, 130.11444854736328]}}