{"motor_position": {"axis_1_motor_position": 45422, "axis_2_motor_position": 48567}, "target_name": "solar_tower_juelich_upper", "sun_elevation": 58.24727715835336, "sun_azimuth": -24.750033745234834, "focal_spot": {"HeliOS": [50.91339200329658, 6.387837464438365, 130.08314469538135], "UTIS": [50.91339199896547, 6.387837973970953, 130.15253448486328]}}