{"motor_position": {"axis_1_motor_position": 46377, "axis_2_motor_position": 28195}, "target_name": "solar_tower_juelich_lower", "sun_elevation": 47.717402539762226, "sun_azimuth": 58.598142497856514, "focal_spot": {"HeliOS": [50.91339199366378, 6.387836802352127, 122.77050388633336], "UTIS": [50.913392003193366, 6.387836703225826, 122.72568893432616]}}