{"motor_position": {"axis_1_motor_position": 46539, "axis_2_motor_position": 33245}, "target_name": "solar_tower_juelich_upper", "sun_elevation": 51.28979235342908, "sun_azimuth": 41.33928288448304, "focal_spot": {"HeliOS": [50.913392003766205, 6.387836292725241, 129.78678010368554], "UTIS": [50.91339200274005, 6.3878368394733425, 129.80240631103516]}}