{"motor_position": {"axis_1_motor_position": 46486, "axis_2_motor_position": 35427}, "target_name": "solar_tower_juelich_upper", "sun_elevation": 53.3397697957897, "sun_azimuth": 33.72666890429933, "focal_spot": {"HeliOS": [50.913392020107786, 6.387827341665527, 129.83291990208983], "UTIS": [50.913392033627204, 6.387827555848133, 129.8499641418457]}}