{"motor_position": {"axis_1_motor_position": 46448, "axis_2_motor_position": 38099}, "target_name": "solar_tower_juelich_upper", "sun_elevation": 55.35052273523757, "sun_azimuth": 23.374158473573072, "focal_spot": {"HeliOS": [50.9133920014955, 6.387837991359317, 129.92791803859677], "UTIS": [50.91339199730504, 6.387838473033284, 129.9255599975586]}}