{"motor_position": {"axis_1_motor_position": 46740, "axis_2_motor_position": 52303}, "target_name": "solar_tower_juelich_upper", "sun_elevation": 51.85510733876808, "sun_azimuth": -39.29225554870318, "focal_spot": {"HeliOS": [50.91339198519998, 6.387846911553777, 129.8715664363711], "UTIS": [50.91339196453824, 6.38784832133766, 129.97172164916992]}}