{"motor_position": {"axis_1_motor_position": 46482, "axis_2_motor_position": 40574}, "target_name": "multi_focus_tower", "sun_elevation": 53.29841997384704, "sun_azimuth": 20.12979900474986, "focal_spot": {"HeliOS": [50.913396457797695, 6.387572463522447, 138.98124230881535], "UTIS": [50.9133964588225, 6.3875727261771775, 138.92700958251953]}}