{"motor_position": {"axis_1_motor_position": 47046, "axis_2_motor_position": 57782}, "target_name": "multi_focus_tower", "sun_elevation": 44.7575296320631, "sun_azimuth": -51.51534717205055, "focal_spot": {"HeliOS": [50.91339644391129, 6.387576424379114, 138.890661272018], "UTIS": [50.91339644650537, 6.387576430743214, 138.84935760498047]}}