{"motor_position": {"axis_1_motor_position": 47618, "axis_2_motor_position": 62779}, "target_name": "multi_focus_tower", "sun_elevation": 36.262145325779336, "sun_azimuth": -67.89016341079332, "focal_spot": {"HeliOS": [50.91339643257048, 6.387579722325533, 138.64924030194135], "UTIS": [50.91339643705576, 6.387579272838737, 138.61252975463867]}}