{"motor_position": {"axis_1_motor_position": 50773, "axis_2_motor_position": 73750}, "target_name": "multi_focus_tower", "sun_elevation": 11.919350894184626, "sun_azimuth": -100.04254857976781, "focal_spot": {"HeliOS": [50.91339644923669, 6.387574882907479, 138.82896767307227], "UTIS": [50.913396453534226, 6.387574316711436, 138.78401947021484]}}