{"motor_position": {"axis_1_motor_position": 46596, "axis_2_motor_position": 42655}, "target_name": "multi_focus_tower", "sun_elevation": 53.92853626629673, "sun_azimuth": 11.415238425095838, "focal_spot": {"HeliOS": [50.913396455517834, 6.3875730853190635, 138.88115587053983], "UTIS": [50.91339645647908, 6.387573430999079, 138.85334396362305]}}