{"motor_position": {"axis_1_motor_position": 46602, "axis_2_motor_position": 44080}, "target_name": "multi_focus_tower", "sun_elevation": 54.267400106360675, "sun_azimuth": 5.306683948981356, "focal_spot": {"HeliOS": [50.91339645480904, 6.387573290055401, 138.88421924157777], "UTIS": [50.913396456226145, 6.3875735070707025, 138.85629272460938]}}