{"motor_position": {"axis_1_motor_position": 47977, "axis_2_motor_position": 45875}, "target_name": "solar_tower_juelich_upper", "sun_elevation": 52.77933513476221, "sun_azimuth": -10.208594940725739, "focal_spot": {"HeliOS": [50.913391991761976, 6.38784940663572, 131.3624985708277], "UTIS": [50.91339196240429, 6.387848962702045, 131.46295928955078]}}