{"motor_position": {"axis_1_motor_position": 52845, "axis_2_motor_position": 12077}, "target_name": "solar_tower_juelich_lower", "sun_elevation": 19.399593750359855, "sun_azimuth": 85.53142240887553, "focal_spot": {"HeliOS": [50.913392010454764, 6.387831645390508, 122.19348243817008], "UTIS": [50.91339202386278, 6.387830490724231, 122.09634780883788]}}