{"motor_position": {"axis_1_motor_position": 48295, "axis_2_motor_position": 29088}, "target_name": "multi_focus_tower", "sun_elevation": 39.237626814550296, "sun_azimuth": 54.96650965177431, "focal_spot": {"HeliOS": [50.91339641584256, 6.387584569116094, 138.73459287906044], "UTIS": [50.91339642095273, 6.387584115984081, 138.69003295898438]}}