{"motor_position": {"axis_1_motor_position": 48145, "axis_2_motor_position": 31189}, "target_name": "multi_focus_tower", "sun_elevation": 41.71336093775423, "sun_azimuth": 49.45622948440416, "focal_spot": {"HeliOS": [50.91339642387905, 6.3875822127150705, 138.79899828485264], "UTIS": [50.91339642818027, 6.387581942234047, 138.74091720581055]}}