{"motor_position": {"axis_1_motor_position": 47799, "axis_2_motor_position": 39306}, "target_name": "multi_focus_tower", "sun_elevation": 49.239591695454806, "sun_azimuth": 23.419225181979385, "focal_spot": {"HeliOS": [50.91339645158522, 6.387574241557377, 138.99645679112552], "UTIS": [50.91339645350338, 6.387574325986478, 138.96618270874023]}}