{"motor_position": {"axis_1_motor_position": 48625, "axis_2_motor_position": 59196}, "target_name": "multi_focus_tower", "sun_elevation": 39.671966468840175, "sun_azimuth": -53.87034339671095, "focal_spot": {"HeliOS": [50.913396435545884, 6.387578828152133, 138.89966841701755], "UTIS": [50.91339643474737, 6.387579967110953, 138.9038124084473]}}