{"motor_position": {"axis_1_motor_position": 49928, "axis_2_motor_position": 66178}, "target_name": "multi_focus_tower", "sun_elevation": 26.851551499020523, "sun_azimuth": -75.43814254992591, "focal_spot": {"HeliOS": [50.913396435458935, 6.387578881079101, 138.62015166920096], "UTIS": [50.91339643933355, 6.387578587760202, 138.5758056640625]}}