{"motor_position": {"axis_1_motor_position": 50546, "axis_2_motor_position": 68097}, "target_name": "multi_focus_tower", "sun_elevation": 22.684745135582336, "sun_azimuth": -81.07883252096077, "focal_spot": {"HeliOS": [50.91339642752637, 6.387581275820611, 138.35468146607488], "UTIS": [50.913396431844944, 6.387580840049785, 138.2991714477539]}}