{"motor_position": {"axis_1_motor_position": 48259, "axis_2_motor_position": 34195}, "target_name": "multi_focus_tower", "sun_elevation": 44.3822432357551, "sun_azimuth": 40.24226880463696, "focal_spot": {"HeliOS": [50.913396420675255, 6.387583192673562, 138.6650960789157], "UTIS": [50.91339642461219, 6.38758301537278, 138.61224365234375]}}