{"motor_position": {"axis_1_motor_position": 48150, "axis_2_motor_position": 36149}, "target_name": "multi_focus_tower", "sun_elevation": 46.21896549026579, "sun_azimuth": 34.02682887389529, "focal_spot": {"HeliOS": [50.91339641446415, 6.387584870466213, 138.92726547560972], "UTIS": [50.91339641969763, 6.387584493467478, 138.8722915649414]}}