{"motor_position": {"axis_1_motor_position": 48614, "axis_2_motor_position": 56711}, "target_name": "multi_focus_tower", "sun_elevation": 42.67762223350808, "sun_azimuth": -44.92809474899488, "focal_spot": {"HeliOS": [50.91339644644079, 6.38757570111492, 138.92320757210553], "UTIS": [50.91339644848397, 6.3875758356488666, 138.89737701416016]}}