{"motor_position": {"axis_1_motor_position": 48613, "axis_2_motor_position": 56711}, "target_name": "multi_focus_tower", "sun_elevation": 42.666471310210476, "sun_azimuth": -44.957769732715626, "focal_spot": {"HeliOS": [50.91339644218687, 6.3875769215903935, 138.9352040371674], "UTIS": [50.91339644440783, 6.38757706160885, 138.90155410766602]}}