{"motor_position": {"axis_1_motor_position": 48486, "axis_2_motor_position": 55017}, "target_name": "multi_focus_tower", "sun_elevation": 44.768703797082075, "sun_azimuth": -38.85559278541871, "focal_spot": {"HeliOS": [50.91339644518642, 6.387576038819362, 138.68882491563568], "UTIS": [50.913396447378844, 6.387576168031691, 138.6631317138672]}}