{"motor_position": {"axis_1_motor_position": 50332, "axis_2_motor_position": 60355}, "target_name": "solar_tower_juelich_upper", "sun_elevation": 34.85830004821622, "sun_azimuth": -61.62965314603753, "focal_spot": {"HeliOS": [50.91339201583868, 6.387829658761926, 129.80933912764587], "UTIS": [50.91339202689714, 6.387829578695412, 129.83407592773438]}}