{"motor_position": {"axis_1_motor_position": 50748, "axis_2_motor_position": 62286}, "target_name": "solar_tower_juelich_upper", "sun_elevation": 31.40638573641089, "sun_azimuth": -67.40651546380411, "focal_spot": {"HeliOS": [50.91339201125615, 6.387831985387331, 129.72628687351565], "UTIS": [50.913392019898524, 6.387831682248433, 129.7330780029297]}}