{"motor_position": {"axis_1_motor_position": 52147, "axis_2_motor_position": 66814}, "target_name": "solar_tower_juelich_upper", "sun_elevation": 22.325723035797854, "sun_azimuth": -80.40605463754031, "focal_spot": {"HeliOS": [50.91339200647265, 6.387834061299302, 129.52382758814284], "UTIS": [50.913392013243204, 6.387833682613226, 129.54098510742188]}}