{"motor_position": {"axis_1_motor_position": 53778, "axis_2_motor_position": 70138}, "target_name": "solar_tower_juelich_upper", "sun_elevation": 14.837492530078253, "sun_azimuth": -89.90227230951696, "focal_spot": {"HeliOS": [50.91339199837533, 6.38783817910189, 129.4357722725864], "UTIS": [50.91339199982587, 6.387837715371533, 129.49915313720703]}}