{"motor_position": {"axis_1_motor_position": 52961, "axis_2_motor_position": 68650}, "target_name": "solar_tower_juelich_upper", "sun_elevation": 18.27890679463705, "sun_azimuth": -85.61410270057377, "focal_spot": {"HeliOS": [50.91339200382578, 6.387835310793366, 129.45846522936665], "UTIS": [50.91339200821433, 6.3878351941094165, 129.50065994262695]}}