{"motor_position": {"axis_1_motor_position": 54919, "axis_2_motor_position": 71803}, "target_name": "solar_tower_juelich_upper", "sun_elevation": 10.820965099093005, "sun_azimuth": -94.83420531823974, "focal_spot": {"HeliOS": [50.913391994068824, 6.387840535369237, 129.44793937823323], "UTIS": [50.913391993563934, 6.387839597462592, 129.52101135253906]}}