{"motor_position": {"axis_1_motor_position": 49138, "axis_2_motor_position": 53528}, "target_name": "multi_focus_tower", "sun_elevation": 44.407570944946535, "sun_azimuth": -32.27715086680519, "focal_spot": {"HeliOS": [50.91339640299891, 6.387588053053021, 139.07225859590574], "UTIS": [50.913396410214524, 6.38758734557028, 139.05144882202148]}}