{"motor_position": {"axis_1_motor_position": 49586, "axis_2_motor_position": 57928}, "target_name": "multi_focus_tower", "sun_elevation": 39.15783468855454, "sun_azimuth": -47.865385584077025, "focal_spot": {"HeliOS": [50.91339644463595, 6.387576217532854, 138.90829252001646], "UTIS": [50.91339644677949, 6.387576348298388, 138.86081314086914]}}