{"motor_position": {"axis_1_motor_position": 50668, "axis_2_motor_position": 22233}, "target_name": "multi_focus_tower", "sun_elevation": 27.522618227932888, "sun_azimuth": 68.25489123682281, "focal_spot": {"HeliOS": [50.91339642384882, 6.387582344103497, 138.43751723258842], "UTIS": [50.91339642896316, 6.387581706778135, 138.37222290039062]}}