{"motor_position": {"axis_1_motor_position": 50023, "axis_2_motor_position": 26673}, "target_name": "multi_focus_tower", "sun_elevation": 33.359480701554865, "sun_azimuth": 58.44983614210991, "focal_spot": {"HeliOS": [50.91339642270369, 6.38758262635228, 138.5935552575347], "UTIS": [50.913396427094334, 6.387582268840309, 138.5304183959961]}}