{"motor_position": {"axis_1_motor_position": 51693, "axis_2_motor_position": 30189}, "target_name": "solar_tower_juelich_lower", "sun_elevation": 38.63212073726578, "sun_azimuth": 43.24502052621035, "focal_spot": {"HeliOS": [50.91339200545846, 6.387832597052924, 122.88219877895052], "UTIS": [50.913392016113626, 6.387832819861456, 122.80802917480467]}}