{"motor_position": {"axis_1_motor_position": 51440, "axis_2_motor_position": 33036}, "target_name": "solar_tower_juelich_lower", "sun_elevation": 41.3414103249414, "sun_azimuth": 35.15397287529288, "focal_spot": {"HeliOS": [50.913392028693565, 6.387824339704907, 123.0022895406704], "UTIS": [50.91339204314341, 6.387824695555438, 122.91595077514648]}}