{"motor_position": {"axis_1_motor_position": 51226, "axis_2_motor_position": 36467}, "target_name": "solar_tower_juelich_lower", "sun_elevation": 43.9496884082201, "sun_azimuth": 24.461139157745315, "focal_spot": {"HeliOS": [50.91339202803765, 6.387824359583935, 123.14499249838414], "UTIS": [50.91339204317499, 6.387824686063437, 123.06295013427734]}}