{"motor_position": {"axis_1_motor_position": 51148, "axis_2_motor_position": 45947}, "target_name": "solar_tower_juelich_lower", "sun_elevation": 45.934241880263, "sun_azimuth": -9.370802371676751, "focal_spot": {"HeliOS": [50.91339199421276, 6.387836078028342, 123.33657946472216], "UTIS": [50.91339200429205, 6.387836373005865, 123.23652267456056]}}