{"motor_position": {"axis_1_motor_position": 54029, "axis_2_motor_position": 63997}, "target_name": "solar_tower_juelich_lower", "sun_elevation": 24.779765279576054, "sun_azimuth": -69.4482436744208, "focal_spot": {"HeliOS": [50.91339200941377, 6.387831108703023, 122.978734081569], "UTIS": [50.91339202295979, 6.387830762131073, 122.85966110229492]}}