{"motor_position": {"axis_1_motor_position": 51250, "axis_2_motor_position": 39652}, "target_name": "solar_tower_juelich_lower", "sun_elevation": 45.20385154981828, "sun_azimuth": 13.57433564158255, "focal_spot": {"HeliOS": [50.91339200161561, 6.38783351533614, 123.27683925794592], "UTIS": [50.91339201279789, 6.387833816457231, 123.18372344970705]}}