{"motor_position": {"axis_1_motor_position": 51459, "axis_2_motor_position": 49451}, "target_name": "solar_tower_juelich_lower", "sun_elevation": 43.95345963700457, "sun_azimuth": -22.212476530802288, "focal_spot": {"HeliOS": [50.91339199337045, 6.387836397658642, 123.31488658190656], "UTIS": [50.91339200245895, 6.3878369239657165, 123.15897750854492]}}