{"motor_position": {"axis_1_motor_position": 51685, "axis_2_motor_position": 52125}, "target_name": "solar_tower_juelich_lower", "sun_elevation": 41.83754780334884, "sun_azimuth": -31.776833290049964, "focal_spot": {"HeliOS": [50.91339198934091, 6.3878378400673155, 123.29955362073208], "UTIS": [50.913391998265475, 6.387838184364561, 123.18458938598631]}}