{"motor_position": {"axis_1_motor_position": 52512, "axis_2_motor_position": 57856}, "target_name": "solar_tower_juelich_lower", "sun_elevation": 34.95815008478555, "sun_azimuth": -50.80227008939776, "focal_spot": {"HeliOS": [50.91339201718211, 6.387828136164529, 123.17783517746813], "UTIS": [50.91339203178571, 6.387828109340314, 123.076171875]}}