{"motor_position": {"axis_1_motor_position": 51937, "axis_2_motor_position": 54301}, "target_name": "solar_tower_juelich_lower", "sun_elevation": 39.59258605666856, "sun_azimuth": -39.225570772721824, "focal_spot": {"HeliOS": [50.91339202490567, 6.387825342144125, 123.22829151908486], "UTIS": [50.913392041613456, 6.387825155415802, 123.15406799316406]}}