{"motor_position": {"axis_1_motor_position": 53295, "axis_2_motor_position": 26005}, "target_name": "solar_tower_juelich_lower", "sun_elevation": 31.670756925478745, "sun_azimuth": 52.459499007198794, "focal_spot": {"HeliOS": [50.91339200595745, 6.387832654250391, 122.67198556091516], "UTIS": [50.91339201625096, 6.3878327785882, 122.60552597045898]}}