{"motor_position": {"axis_1_motor_position": 53230, "axis_2_motor_position": 60157}, "target_name": "solar_tower_juelich_upper", "sun_elevation": 29.273876671417828, "sun_azimuth": -56.86840640978677, "focal_spot": {"HeliOS": [50.91339201831506, 6.387828464902884, 129.88752334625514], "UTIS": [50.91339203104664, 6.387828331480279, 129.8951072692871]}}