{"motor_position": {"axis_1_motor_position": 53665, "axis_2_motor_position": 61722}, "target_name": "solar_tower_juelich_upper", "sun_elevation": 26.591476086096634, "sun_azimuth": -61.55535217373633, "focal_spot": {"HeliOS": [50.91339201529053, 6.387830025027645, 129.83474102567794], "UTIS": [50.913392026865885, 6.387829588089103, 129.84374237060547]}}