{"motor_position": {"axis_1_motor_position": 51777, "axis_2_motor_position": 34768}, "target_name": "solar_tower_juelich_upper", "sun_elevation": 39.85875734073569, "sun_azimuth": 28.835459728952976, "focal_spot": {"HeliOS": [50.91339200713506, 6.387834474710825, 129.8039995969785], "UTIS": [50.91339201087279, 6.387834395076099, 129.8412322998047]}}