{"motor_position": {"axis_1_motor_position": 52538, "axis_2_motor_position": 56098}, "target_name": "solar_tower_juelich_upper", "sun_elevation": 34.90558367241186, "sun_azimuth": -44.04314509251299, "focal_spot": {"HeliOS": [50.91339200033963, 6.38783916598624, 130.0893037522255], "UTIS": [50.913391995065254, 6.387839146222999, 130.09800720214844]}}