{"motor_position": {"axis_1_motor_position": 53243, "axis_2_motor_position": 47161}, "target_name": "solar_tower_juelich_lower", "sun_elevation": 39.87239009195991, "sun_azimuth": -12.906985549508901, "focal_spot": {"HeliOS": [50.91339202824181, 6.387824068181267, 123.29234404310314], "UTIS": [50.9133920435712, 6.3878245669727125, 123.2492332458496]}}