{"motor_position": {"axis_1_motor_position": 53884, "axis_2_motor_position": 28639}, "target_name": "multi_focus_tower", "sun_elevation": 26.984968679353592, "sun_azimuth": 48.453584795720275, "focal_spot": {"HeliOS": [50.91339646795055, 6.3875693521642525, 138.59610894537624], "UTIS": [50.91339646998021, 6.3875693702930905, 138.54380798339844]}}