{"motor_position": {"axis_1_motor_position": 53475, "axis_2_motor_position": 31283}, "target_name": "multi_focus_tower", "sun_elevation": 29.884383561208494, "sun_azimuth": 41.829103587193636, "focal_spot": {"HeliOS": [50.91339645842869, 6.3875722023889505, 138.75311015992438], "UTIS": [50.91339646043887, 6.387572240023905, 138.71203231811523]}}