{"motor_position": {"axis_1_motor_position": 52831, "axis_2_motor_position": 37775}, "target_name": "multi_focus_tower", "sun_elevation": 35.38918538207998, "sun_azimuth": 23.748311383442097, "focal_spot": {"HeliOS": [50.9133964582583, 6.387572333106113, 138.98461859795904], "UTIS": [50.91339646014546, 6.387572328272414, 138.9186019897461]}}