{"motor_position": {"axis_1_motor_position": 54629, "axis_2_motor_position": 40463}, "target_name": "multi_focus_tower", "sun_elevation": 31.488943521270745, "sun_azimuth": 14.557201626198303, "focal_spot": {"HeliOS": [50.91339644967302, 6.387574768095525, 138.890157274093], "UTIS": [50.91339645291106, 6.387574504137811, 138.8681869506836]}}