{"motor_position": {"axis_1_motor_position": 59537, "axis_2_motor_position": 33346}, "target_name": "solar_tower_juelich_lower", "sun_elevation": 20.02620458208353, "sun_azimuth": 27.70204093977168, "focal_spot": {"HeliOS": [50.91339201168668, 6.387830560240268, 122.77318732312528], "UTIS": [50.9133920227204, 6.387830834090616, 122.6895866394043]}}