{"motor_position": {"axis_1_motor_position": 58768, "axis_2_motor_position": 55266}, "target_name": "multi_focus_tower", "sun_elevation": 18.131257778554897, "sun_azimuth": -30.476864657401332, "focal_spot": {"HeliOS": [50.9133964582543, 6.387572289525649, 138.8563503231381], "UTIS": [50.91339645962915, 6.387572483561582, 138.78707122802734]}}