{"motor_position": {"axis_1_motor_position": 62086, "axis_2_motor_position": 54750}, "target_name": "solar_tower_juelich_lower", "sun_elevation": 12.330286860027694, "sun_azimuth": -33.116512011246385, "focal_spot": {"HeliOS": [50.91339199332897, 6.387836506290779, 123.21579199788115], "UTIS": [50.91339199852855, 6.387838105289406, 123.14362335205078]}}