{"motor_position": {"axis_1_motor_position": 62724, "axis_2_motor_position": 57185}, "target_name": "solar_tower_juelich_upper", "sun_elevation": 7.935122612481403, "sun_azimuth": -40.15191567373675, "focal_spot": {"HeliOS": [50.91339201829311, 6.387827947199068, 129.65503189851495], "UTIS": [50.913392033571455, 6.387827572608295, 129.6593780517578]}}