{"motor_position": {"axis_1_motor_position": 60242, "axis_2_motor_position": 53928}, "target_name": "multi_focus_tower", "sun_elevation": 14.318968741153723, "sun_azimuth": -26.054676299357794, "focal_spot": {"HeliOS": [50.913396409411455, 6.3875862520795135, 139.03899679018153], "UTIS": [50.91339641952963, 6.3875845439920536, 139.0144271850586]}}