{"motor_position": {"axis_1_motor_position": 60549, "axis_2_motor_position": 55867}, "target_name": "multi_focus_tower", "sun_elevation": 12.78559260189449, "sun_azimuth": -31.887150216346367, "focal_spot": {"HeliOS": [50.91339640849086, 6.3875865984052425, 138.90308548588186], "UTIS": [50.913396416979474, 6.387585310973011, 138.8530616760254]}}