{"motor_position": {"axis_1_motor_position": 61739, "axis_2_motor_position": 59528}, "target_name": "multi_focus_tower", "sun_elevation": 7.985434088086837, "sun_azimuth": -42.884799283507355, "focal_spot": {"HeliOS": [50.91339640541675, 6.387587500605546, 138.87511083413364], "UTIS": [50.91339641496448, 6.387585916996718, 138.80764770507812]}}