{"motor_position": {"axis_1_motor_position": 60903, "axis_2_motor_position": 27621}, "target_name": "multi_focus_tower", "sun_elevation": 9.369310561105465, "sun_azimuth": 45.69642606382758, "focal_spot": {"HeliOS": [50.91339643362872, 6.387579472868893, 138.23318922639703], "UTIS": [50.913396438979014, 6.387578694396078, 138.18914031982422]}}