{"motor_position": {"axis_1_motor_position": 58965, "axis_2_motor_position": 34522}, "target_name": "multi_focus_tower", "sun_elevation": 17.318929748146097, "sun_azimuth": 29.124964120688805, "focal_spot": {"HeliOS": [50.9133964272411, 6.387581256846101, 138.735885971874], "UTIS": [50.913396433802745, 6.387580251220162, 138.65609741210938]}}