{"motor_position": {"axis_1_motor_position": 52278, "axis_2_motor_position": 44093}, "target_name": "solar_tower_juelich_upper", "sun_elevation": 41.19400688513616, "sun_azimuth": -2.329640484050751, "focal_spot": {"HeliOS": [50.913392003752605, 6.387836362963741, 129.80781305187196], "UTIS": [50.913392004007086, 6.387836458657621, 129.81423950195312]}}