{"motor_position": {"axis_1_motor_position": 52303, "axis_2_motor_position": 45357}, "target_name": "solar_tower_juelich_upper", "sun_elevation": 41.03292990915648, "sun_azimuth": -6.718229962856696, "focal_spot": {"HeliOS": [50.913392004290934, 6.387836175323604, 129.8452458559643], "UTIS": [50.913392004375304, 6.3878363479808815, 129.8676300048828]}}