{"motor_position": {"axis_1_motor_position": 52435, "axis_2_motor_position": 48370}, "target_name": "solar_tower_juelich_upper", "sun_elevation": 39.98426183927814, "sun_azimuth": -17.2474298334186, "focal_spot": {"HeliOS": [50.91339200219187, 6.387837385648197, 129.85866487602112], "UTIS": [50.91339200098442, 6.387837367150668, 129.87871551513672]}}