{"motor_position": {"axis_1_motor_position": 52581, "axis_2_motor_position": 50389}, "target_name": "solar_tower_juelich_upper", "sun_elevation": 38.75521205314077, "sun_azimuth": -24.222573409579727, "focal_spot": {"HeliOS": [50.9133920025931, 6.387837128254446, 129.8476749536461], "UTIS": [50.913392001767086, 6.387837131915138, 129.87585830688477]}}