{"motor_position": {"axis_1_motor_position": 51860, "axis_2_motor_position": 40926}, "target_name": "solar_tower_juelich_upper", "sun_elevation": 42.07319186200008, "sun_azimuth": 8.672604805989744, "focal_spot": {"HeliOS": [50.91339200810104, 6.3878337195987, 129.72455588029374], "UTIS": [50.91339201225006, 6.387833981119732, 129.76337051391602]}}