{"motor_position": {"axis_1_motor_position": 43912, "axis_2_motor_position": 53661}, "target_name": "multi_focus_tower", "sun_elevation": 56.53698091174636, "sun_azimuth": -41.36407962891684, "focal_spot": {"HeliOS": [50.913396397843776, 6.387589469328151, 139.130686859393], "UTIS": [50.913396407992316, 6.387588013915768, 139.0908203125]}}