{"motor_position": {"axis_1_motor_position": 44847, "axis_2_motor_position": 23489}, "target_name": "solar_tower_juelich_upper", "sun_elevation": 42.62516119683376, "sun_azimuth": 72.72702938329685, "focal_spot": {"HeliOS": [50.91339200277753, 6.3878354602482466, 129.31129923899385], "UTIS": [50.91339200575645, 6.387835932861744, 129.35865020751953]}}