{
  "heliostat_position": [
    50.91608774692489,
    6.386406625765756,
    88.43479156
  ],
  "height": 2.559999942779541,
  "width": 3.2200000286102295,
  "initial_orientation": [
    0.0,
    -1.0,
    0.0
  ],
  "kinematics_properties": {
    "actuators": [
      {
        "type_axis": "linear",
        "min_increment": 0,
        "max_increment": 69525,
        "increment": 154166.6667,
        "offset_shift": 0,
        "initial_stroke_length": 0.071838086,
        "offset": 0.335308,
        "pivot_radius": 0.338095,
        "radius_shift": 0,
        "clockwise_axis_movement": 0,
        "initial_angle": 0.015239531,
        "min_movement_angle": -0.004022984,
        "max_movement_angle": 1.570796327,
        "movement_speed": 0
      },
      {
        "type_axis": "linear",
        "min_increment": 0,
        "max_increment": 74631,
        "increment": 154166.6667,
        "offset_shift": 0,
        "initial_stroke_length": 0.071838086,
        "offset": 0.340771,
        "pivot_radius": 0.3191,
        "radius_shift": 0,
        "clockwise_axis_movement": 1,
        "initial_angle": 0.929938336,
        "min_movement_angle": -0.95993,
        "max_movement_angle": 0.933350031,
        "movement_speed": 0
      }
    ],
    "joint_translation_e_1": 0.0,
    "joint_translation_n_1": 0.0,
    "joint_translation_u_1": 0.0,
    "joint_translation_e_2": 0.0,
    "joint_translation_n_2": 0.0,
    "joint_translation_u_2": 0.0,
    "concentrator_translation_e": 0.0,
    "concentrator_translation_n": 0.175,
    "concentrator_translation_u": 0.0
  },
  "facet_properties": {
    "canting_type": "receiver canting",
    "number_of_facets": 4,
    "facets": [
      {
        "translation_vector": [
          -0.8075,
          0.6425,
          0.0402
        ],
        "canting_e": [
          0.8024993456862355,
          -0.0,
          -0.0010351910275356547
        ],
        "canting_n": [
          8.282788955161052e-07,
          0.6374996687605599,
          0.0006543134049565541
        ]
      },
      {
        "translation_vector": [
          0.8075,
          0.6425,
          0.0402
        ],
        "canting_e": [
          0.8024993456862355,
          -0.0,
          0.0010351910275356547
        ],
        "canting_n": [
          -8.282788955161052e-07,
          0.6374996687605599,
          0.0006543134049565541
        ]
      },
      {
        "translation_vector": [
          -0.8075,
          -0.6425,
          0.0402
        ],
        "canting_e": [
          0.8024993456862355,
          -0.0,
          -0.0010351910275356547
        ],
        "canting_n": [
          -8.282788955161052e-07,
          0.6374996687605599,
          -0.0006543134049565541
        ]
      },
      {
        "translation_vector": [
          0.8075,
          -0.6425,
          0.0402
        ],
        "canting_e": [
          0.8024993456862355,
          -0.0,
          0.0010351910275356547
        ],
        "canting_n": [
          8.282788955161052e-07,
          0.6374996687605599,
          -0.0006543134049565541
        ]
      }
    ]
  },
  "renovation": "2023-01-02/2023-01-29"
}