{
  "heliostat_position": [
    50.91572499626787,
    6.385966926471853,
    88.16030121
  ],
  "height": 2.559999942779541,
  "width": 3.2200000286102295,
  "initial_orientation": [
    0.0,
    -1.0,
    0.0
  ],
  "kinematics_properties": {
    "actuators": [
      {
        "type_axis": "linear",
        "min_increment": 0,
        "max_increment": 69288,
        "increment": 154166.6667,
        "offset_shift": 0,
        "initial_stroke_length": 0.075844149,
        "offset": 0.335308,
        "pivot_radius": 0.338095,
        "radius_shift": 0,
        "clockwise_axis_movement": 0,
        "initial_angle": 0.003560355,
        "min_movement_angle": 0.004583234,
        "max_movement_angle": 1.570796327,
        "movement_speed": 0
      },
      {
        "type_axis": "linear",
        "min_increment": 0,
        "max_increment": 74766,
        "increment": 154166.6667,
        "offset_shift": 0,
        "initial_stroke_length": 0.075844149,
        "offset": 0.340771,
        "pivot_radius": 0.3191,
        "radius_shift": 0,
        "clockwise_axis_movement": 1,
        "initial_angle": 0.934261693,
        "min_movement_angle": -0.95993,
        "max_movement_angle": 0.936542238,
        "movement_speed": 0
      }
    ],
    "joint_translation_e_1": 0.0,
    "joint_translation_n_1": 0.0,
    "joint_translation_u_1": 0.0,
    "joint_translation_e_2": 0.0,
    "joint_translation_n_2": 0.0,
    "joint_translation_u_2": 0.0,
    "concentrator_translation_e": 0.0,
    "concentrator_translation_n": 0.175,
    "concentrator_translation_u": 0.0
  },
  "facet_properties": {
    "canting_type": "receiver canting",
    "number_of_facets": 4,
    "facets": [
      {
        "translation_vector": [
          -0.8075,
          0.6425,
          0.0402
        ],
        "canting_e": [
          0.8024992320353979,
          -0.0,
          -0.0011162330746951007
        ],
        "canting_n": [
          9.723253984228812e-07,
          0.6374996117728001,
          0.0007055374959413764
        ]
      },
      {
        "translation_vector": [
          0.8075,
          0.6425,
          0.0402
        ],
        "canting_e": [
          0.8024992320353979,
          -0.0,
          0.0011162330746951007
        ],
        "canting_n": [
          -9.723253984228812e-07,
          0.6374996117728001,
          0.0007055374959413764
        ]
      },
      {
        "translation_vector": [
          -0.8075,
          -0.6425,
          0.0402
        ],
        "canting_e": [
          0.8024992320353979,
          -0.0,
          -0.0011162330746951007
        ],
        "canting_n": [
          -9.723253984228812e-07,
          0.6374996117728001,
          -0.0007055374959413764
        ]
      },
      {
        "translation_vector": [
          0.8075,
          -0.6425,
          0.0402
        ],
        "canting_e": [
          0.8024992320353979,
          -0.0,
          0.0011162330746951007
        ],
        "canting_n": [
          9.723253984228812e-07,
          0.6374996117728001,
          -0.0007055374959413764
        ]
      }
    ]
  },
  "renovation": "2022-12-12/2022-12-25"
}