{"motor_position": {"axis_1_motor_position": 56493, "axis_2_motor_position": 45967}, "target_name": "solar_tower_juelich_upper", "sun_elevation": 29.744654517041617, "sun_azimuth": -20.929927310545803, "focal_spot": {"HeliOS": [50.913392077762175, 6.387795375513066, 129.69395933413767], "UTIS": [50.913392141227405, 6.387795213146962, 129.86001205444336]}}