{"motor_position": {"axis_1_motor_position": 57218, "axis_2_motor_position": 22990}, "target_name": "solar_tower_juelich_upper", "sun_elevation": 26.23615617523761, "sun_azimuth": 40.48676964240898, "focal_spot": {"HeliOS": [50.91339200106278, 6.387836734690241, 129.4362177085956], "UTIS": [50.91339200256004, 6.387836893584532, 129.4929428100586]}}