{"motor_position": {"axis_1_motor_position": 56547, "axis_2_motor_position": 26686}, "target_name": "solar_tower_juelich_upper", "sun_elevation": 29.504711952617907, "sun_azimuth": 31.243307289977686, "focal_spot": {"HeliOS": [50.913392029509595, 6.387822285128467, 129.92888319665647], "UTIS": [50.913392050569094, 6.3878224635925775, 129.9499626159668]}}