{"motor_position": {"axis_1_motor_position": 55474, "axis_2_motor_position": 37237}, "target_name": "solar_tower_juelich_upper", "sun_elevation": 34.12430403223146, "sun_azimuth": 0.8867147463701113, "focal_spot": {"HeliOS": [50.913392079257925, 6.387793619204274, 131.09449445121632], "UTIS": [50.91339214427589, 6.3877942967891075, 130.9092254638672]}}