{"motor_position": {"axis_1_motor_position": 56554, "axis_2_motor_position": 54012}, "target_name": "solar_tower_juelich_upper", "sun_elevation": 23.959344607127456, "sun_azimuth": -46.870748274954614, "focal_spot": {"HeliOS": [50.91339205399273, 6.38780904841957, 130.67117745898295], "UTIS": [50.91339209502048, 6.387809102454228, 130.65542602539062]}}