{"motor_position": {"axis_1_motor_position": 53859, "axis_2_motor_position": 45914}, "target_name": "multi_focus_tower", "sun_elevation": 35.67579905157189, "sun_azimuth": -16.5426844402832, "focal_spot": {"HeliOS": [50.91339648367657, 6.387565293449343, 139.2513430655983], "UTIS": [50.91339648122339, 6.387565988672114, 139.27463150024414]}}