{"motor_position": {"axis_1_motor_position": 52217, "axis_2_motor_position": 46571}, "target_name": "multi_focus_tower", "sun_elevation": 39.19446459225874, "sun_azimuth": -22.001160983945454, "focal_spot": {"HeliOS": [50.91339643779213, 6.387578136586212, 139.8797533010429], "UTIS": [50.9133964442998, 6.38757709409862, 139.85420989990234]}}