{"motor_position": {"axis_1_motor_position": 52372, "axis_2_motor_position": 48581}, "target_name": "multi_focus_tower", "sun_elevation": 37.74440874955765, "sun_azimuth": -28.641087524986112, "focal_spot": {"HeliOS": [50.91339643982675, 6.3875775993189015, 138.82154338841585], "UTIS": [50.913396444498545, 6.387577034326122, 138.79523468017578]}}