{"motor_position": {"axis_1_motor_position": 52452, "axis_2_motor_position": 50155}, "target_name": "multi_focus_tower", "sun_elevation": 36.37465005915602, "sun_azimuth": -33.634762812427915, "focal_spot": {"HeliOS": [50.913396449592774, 6.387574790493697, 138.88639888299952], "UTIS": [50.9133964533372, 6.387574375968654, 138.85118103027344]}}