{"motor_position": {"axis_1_motor_position": 52575, "axis_2_motor_position": 51479}, "target_name": "multi_focus_tower", "sun_elevation": 35.0209958912884, "sun_azimuth": -37.85480474938522, "focal_spot": {"HeliOS": [50.91339645948059, 6.387571819684135, 138.5522896671962], "UTIS": [50.91339646226183, 6.387571691738697, 138.5182113647461]}}