{"motor_position": {"axis_1_motor_position": 52977, "axis_2_motor_position": 55259}, "target_name": "multi_focus_tower", "sun_elevation": 30.375674751699417, "sun_azimuth": -49.33063361869428, "focal_spot": {"HeliOS": [50.91339645100238, 6.387574364906807, 138.78928280608034], "UTIS": [50.91339645521337, 6.387573811682636, 138.7423210144043]}}