{"motor_position": {"axis_1_motor_position": 52684, "axis_2_motor_position": 52862}, "target_name": "multi_focus_tower", "sun_elevation": 33.46610712065913, "sun_azimuth": -42.11152743707885, "focal_spot": {"HeliOS": [50.91339645887746, 6.387572085067189, 138.78815409106892], "UTIS": [50.91339646119233, 6.387572013409116, 138.75560760498047]}}