{"motor_position": {"axis_1_motor_position": 53609, "axis_2_motor_position": 58380}, "target_name": "multi_focus_tower", "sun_elevation": 25.802031085447283, "sun_azimuth": -58.14332129186945, "focal_spot": {"HeliOS": [50.913396472331286, 6.387567844089774, 138.26151042171068], "UTIS": [50.91339647338137, 6.387568347326368, 138.22071075439453]}}