{"motor_position": {"axis_1_motor_position": 55110, "axis_2_motor_position": 63100}, "target_name": "multi_focus_tower", "sun_elevation": 17.44525254462278, "sun_azimuth": -71.18972401619898, "focal_spot": {"HeliOS": [50.913396458497985, 6.387571843516564, 137.8688786337387], "UTIS": [50.91339646337344, 6.387571357403231, 137.8656005859375]}}