{"motor_position": {"axis_1_motor_position": 53999, "axis_2_motor_position": 60186}, "target_name": "multi_focus_tower", "sun_elevation": 22.73510003646715, "sun_azimuth": -63.26985894608695, "focal_spot": {"HeliOS": [50.91339645005602, 6.387574664611465, 138.9251883005178], "UTIS": [50.91339645408047, 6.387574152418423, 138.89557647705078]}}