{"motor_position": {"axis_1_motor_position": 50260, "axis_2_motor_position": 20506}, "target_name": "multi_focus_tower", "sun_elevation": 36.53983325248162, "sun_azimuth": 61.55474573668919, "focal_spot": {"HeliOS": [50.913396449164416, 6.387574912984345, 138.88248696418825], "UTIS": [50.9133964508413, 6.387575126650487, 138.82120513916016]}}