{"motor_position": {"axis_1_motor_position": 47381, "axis_2_motor_position": 22498}, "target_name": "multi_focus_tower", "sun_elevation": 44.085426179958986, "sun_azimuth": 61.25262542818755, "focal_spot": {"HeliOS": [50.9133964982564, 6.387561135558704, 139.1887485627496], "UTIS": [50.91339649226116, 6.38756266880339, 139.16970825195312]}}