{"motor_position": {"axis_1_motor_position": 46993, "axis_2_motor_position": 26553}, "target_name": "multi_focus_tower", "sun_elevation": 49.15054628000963, "sun_azimuth": 50.04167032259825, "focal_spot": {"HeliOS": [50.913396480182136, 6.38756616359605, 139.10488274482225], "UTIS": [50.91339647835667, 6.387566850898541, 139.0782699584961]}}