{"motor_position": {"axis_1_motor_position": 46592, "axis_2_motor_position": 33559}, "target_name": "solar_tower_juelich_lower", "sun_elevation": 59.34195150223753, "sun_azimuth": 12.591584803043103, "focal_spot": {"HeliOS": [50.913392147119, 6.387781665336598, 123.38547680412282], "UTIS": [50.91339218286343, 6.387782697373009, 123.33154678344728]}}