{"motor_position": {"axis_1_motor_position": 45582, "axis_2_motor_position": 46537}, "target_name": "solar_tower_juelich_upper", "sun_elevation": 54.86640083367897, "sun_azimuth": -39.35009151994801, "focal_spot": {"HeliOS": [50.91339202426366, 6.387824815503268, 129.72525620999784], "UTIS": [50.913392044335154, 6.38782433734763, 129.79841232299805]}}