{"motor_position": {"axis_1_motor_position": 45538, "axis_2_motor_position": 47976}, "target_name": "solar_tower_juelich_upper", "sun_elevation": 53.23977369686425, "sun_azimuth": -44.82951978211214, "focal_spot": {"HeliOS": [50.91339202814431, 6.387822750179706, 129.76544446311323], "UTIS": [50.91339205086704, 6.387822374042321, 129.80992126464844]}}