{"motor_position": {"axis_1_motor_position": 45488, "axis_2_motor_position": 52066}, "target_name": "solar_tower_juelich_upper", "sun_elevation": 47.38649047785852, "sun_azimuth": -59.46704941985252, "focal_spot": {"HeliOS": [50.913391967286046, 6.38785322674454, 129.04417300269748], "UTIS": [50.91339194992048, 6.38785271473439, 129.12599182128906]}}