{"motor_position": {"axis_1_motor_position": 45483, "axis_2_motor_position": 53488}, "target_name": "solar_tower_juelich_upper", "sun_elevation": 45.233621161263365, "sun_azimuth": -63.706749200016624, "focal_spot": {"HeliOS": [50.91339198398253, 6.387844671167894, 129.08649615842324], "UTIS": [50.91339197652415, 6.3878447189094265, 129.13265228271484]}}