{"motor_position": {"axis_1_motor_position": 45310, "axis_2_motor_position": 43476}, "target_name": "solar_tower_juelich_lower", "sun_elevation": 59.89699311700142, "sun_azimuth": -28.902038441097606, "focal_spot": {"HeliOS": [50.91339207218843, 6.387809314003685, 122.7377464069206], "UTIS": [50.91339209812407, 6.3878081695599525, 122.67443466186523]}}