{"motor_position": {"axis_1_motor_position": 47216, "axis_2_motor_position": 52163}, "target_name": "multi_focus_tower", "sun_elevation": 45.71310803037793, "sun_azimuth": -58.11163396537434, "focal_spot": {"HeliOS": [50.91339646973761, 6.387568918705174, 138.7493144931526], "UTIS": [50.91339646864471, 6.387569771967536, 138.70650100708008]}}