{"motor_position": {"axis_1_motor_position": 47375, "axis_2_motor_position": 54370}, "target_name": "multi_focus_tower", "sun_elevation": 42.188594090133144, "sun_azimuth": -64.90822183688056, "focal_spot": {"HeliOS": [50.91339644742464, 6.387575514005643, 139.6468142331251], "UTIS": [50.913396449769806, 6.387575448917547, 139.52313232421875]}}