{"motor_position": {"axis_1_motor_position": 46178, "axis_2_motor_position": 17177}, "target_name": "multi_focus_tower", "sun_elevation": 41.881003272839926, "sun_azimuth": 69.48409109729084, "focal_spot": {"HeliOS": [50.91339645122263, 6.387574346330894, 139.00264822740866], "UTIS": [50.9133964542399, 6.387574104470247, 138.87668991088867]}}