{"motor_position": {"axis_1_motor_position": 46756, "axis_2_motor_position": 9694}, "target_name": "multi_focus_tower", "sun_elevation": 31.48879634315685, "sun_azimuth": 84.46842223994173, "focal_spot": {"HeliOS": [50.91339643473559, 6.3875791599216365, 138.07373141485002], "UTIS": [50.913396440995584, 6.38757808788421, 138.00141143798828]}}