{"motor_position": {"axis_1_motor_position": 45861, "axis_2_motor_position": 29033}, "target_name": "multi_focus_tower", "sun_elevation": 55.820696204221, "sun_azimuth": 35.51689775319951, "focal_spot": {"HeliOS": [50.91339645848149, 6.387572227848107, 138.86696533973463], "UTIS": [50.913396460498404, 6.3875722221247, 138.76090240478516]}}