{"motor_position": {"axis_1_motor_position": 45976, "axis_2_motor_position": 22869}, "target_name": "multi_focus_tower", "sun_elevation": 49.26481668177738, "sun_azimuth": 55.26727274594555, "focal_spot": {"HeliOS": [50.91339645210492, 6.387574060273115, 138.85199377629596], "UTIS": [50.913396454212396, 6.38757411274185, 138.7130889892578]}}