{"motor_position": {"axis_1_motor_position": 45961, "axis_2_motor_position": 42845}, "target_name": "multi_focus_tower", "sun_elevation": 57.85816242150261, "sun_azimuth": -25.359208364235226, "focal_spot": {"HeliOS": [50.91339643889906, 6.387577865611641, 138.8750653362994], "UTIS": [50.91339644165383, 6.387577889908147, 138.85886764526367]}}