{"motor_position": {"axis_1_motor_position": 45849, "axis_2_motor_position": 37001}, "target_name": "multi_focus_tower", "sun_elevation": 59.80885113547399, "sun_azimuth": 1.7484279540818666, "focal_spot": {"HeliOS": [50.91339646900888, 6.387569277200031, 139.01083635240485], "UTIS": [50.9133964686247, 6.387569777988179, 138.92465209960938]}}