{"motor_position": {"axis_1_motor_position": 46051, "axis_2_motor_position": 45604}, "target_name": "multi_focus_tower", "sun_elevation": 55.49655201028588, "sun_azimuth": -36.93633093514926, "focal_spot": {"HeliOS": [50.91339644755179, 6.387575390194074, 138.9788277697499], "UTIS": [50.91339644989731, 6.387575410569857, 138.93018341064453]}}