{"motor_position": {"axis_1_motor_position": 59876, "axis_2_motor_position": 24704}, "target_name": "multi_focus_tower", "sun_elevation": 14.9772744674909, "sun_azimuth": 44.72250416953842, "focal_spot": {"HeliOS": [50.91339644056215, 6.387577387568772, 139.0691309955173], "UTIS": [50.913396445512696, 6.387576729307386, 139.02460479736328]}}