{"motor_position": {"axis_1_motor_position": 60455, "axis_2_motor_position": 22692}, "target_name": "multi_focus_tower", "sun_elevation": 12.498765837726594, "sun_azimuth": 49.46195760846605, "focal_spot": {"HeliOS": [50.91339647558892, 6.387567717618478, 139.4909605410181], "UTIS": [50.913396476239335, 6.38756748773058, 139.43659591674805]}}