{"motor_position": {"axis_1_motor_position": 59495, "axis_2_motor_position": 26154}, "target_name": "multi_focus_tower", "sun_elevation": 16.58593869069525, "sun_azimuth": 41.33008275734169, "focal_spot": {"HeliOS": [50.91339643301652, 6.38757950146991, 139.2767273231523], "UTIS": [50.91339643860967, 6.387578805479633, 139.2215118408203]}}