{"motor_position": {"axis_1_motor_position": 59187, "axis_2_motor_position": 27477}, "target_name": "multi_focus_tower", "sun_elevation": 17.95545814444552, "sun_azimuth": 38.18133670372484, "focal_spot": {"HeliOS": [50.91339643851674, 6.387577959163357, 139.33208007077212], "UTIS": [50.91339644359765, 6.387577305282125, 139.2884635925293]}}