{"motor_position": {"axis_1_motor_position": 58937, "axis_2_motor_position": 28804}, "target_name": "multi_focus_tower", "sun_elevation": 19.23222576017165, "sun_azimuth": 34.96567882762717, "focal_spot": {"HeliOS": [50.913396447604796, 6.387575389550436, 139.08352449888724], "UTIS": [50.91339645166392, 6.38757487923465, 139.032958984375]}}