{"motor_position": {"axis_1_motor_position": 58496, "axis_2_motor_position": 31289}, "target_name": "multi_focus_tower", "sun_elevation": 21.373669228566587, "sun_azimuth": 28.696063122319867, "focal_spot": {"HeliOS": [50.913396439121435, 6.387577797437994, 139.03981397252466], "UTIS": [50.913396444169955, 6.3875771331514315, 139.00091171264648]}}