{"motor_position": {"axis_1_motor_position": 58291, "axis_2_motor_position": 32674}, "target_name": "multi_focus_tower", "sun_elevation": 22.39483463692615, "sun_azimuth": 25.11608766061596, "focal_spot": {"HeliOS": [50.913396440322764, 6.387577455592336, 139.0452874026056], "UTIS": [50.913396445061565, 6.387576864988787, 138.99840927124023]}}