{"motor_position": {"axis_1_motor_position": 58132, "axis_2_motor_position": 33964}, "target_name": "multi_focus_tower", "sun_elevation": 23.237410071182804, "sun_azimuth": 21.693963940208043, "focal_spot": {"HeliOS": [50.91339644269391, 6.387576779800989, 139.0148796967717], "UTIS": [50.913396446717364, 6.387576366984072, 138.99082946777344]}}