{"motor_position": {"axis_1_motor_position": 57983, "axis_2_motor_position": 35347}, "target_name": "multi_focus_tower", "sun_elevation": 24.0126322538545, "sun_azimuth": 17.950441260841913, "focal_spot": {"HeliOS": [50.913396442028535, 6.387576969565904, 139.0185836579297], "UTIS": [50.91339644597004, 6.387576591754702, 138.99536895751953]}}