{"motor_position": {"axis_1_motor_position": 57855, "axis_2_motor_position": 36823}, "target_name": "multi_focus_tower", "sun_elevation": 24.685731289424062, "sun_azimuth": 13.876984015080295, "focal_spot": {"HeliOS": [50.91339644302115, 6.38757668022606, 138.89010412559497], "UTIS": [50.9133964482581, 6.387575903584488, 138.8490219116211]}}