{"motor_position": {"axis_1_motor_position": 57763, "axis_2_motor_position": 38161}, "target_name": "multi_focus_tower", "sun_elevation": 25.139789342289145, "sun_azimuth": 10.23492346457281, "focal_spot": {"HeliOS": [50.913396459524954, 6.387571921661834, 138.85165152926157], "UTIS": [50.91339646416133, 6.387571120428596, 138.8071060180664]}}