{"motor_position": {"axis_1_motor_position": 55595, "axis_2_motor_position": 29417}, "target_name": "multi_focus_tower", "sun_elevation": 28.572158062235378, "sun_azimuth": 35.39495766977154, "focal_spot": {"HeliOS": [50.91339643419462, 6.387579235701964, 138.74353022964473], "UTIS": [50.91339644088494, 6.387578121160458, 138.67815399169922]}}