{"motor_position": {"axis_1_motor_position": 55303, "axis_2_motor_position": 31414}, "target_name": "multi_focus_tower", "sun_elevation": 30.2566567951137, "sun_azimuth": 30.097167091451542, "focal_spot": {"HeliOS": [50.91339643942121, 6.387577716119882, 138.83750538805035], "UTIS": [50.91339644450459, 6.387577032509079, 138.8051986694336]}}