{"motor_position": {"axis_1_motor_position": 56279, "axis_2_motor_position": 49884}, "target_name": "solar_tower_juelich_lower", "sun_elevation": 30.191710565304778, "sun_azimuth": -30.524790889629216, "focal_spot": {"HeliOS": [50.91339201313891, 6.387830126328871, 122.71593345028428], "UTIS": [50.91339202600091, 6.387829848071642, 122.75123977661131]}}