{"motor_position": {"axis_1_motor_position": 54611, "axis_2_motor_position": 54925}, "target_name": "multi_focus_tower", "sun_elevation": 28.483650669969265, "sun_azimuth": -42.59790836101986, "focal_spot": {"HeliOS": [50.91339643829307, 6.387578028949597, 139.14382552485574], "UTIS": [50.91339644475272, 6.387576957874816, 139.14361572265625]}}