{"motor_position": {"axis_1_motor_position": 54439, "axis_2_motor_position": 23367}, "target_name": "solar_tower_juelich_upper", "sun_elevation": 30.598911541295507, "sun_azimuth": 48.63598610883185, "focal_spot": {"HeliOS": [50.91339201649546, 6.387828374833186, 129.4096791826251], "UTIS": [50.91339203217047, 6.3878279936938345, 129.41345977783203]}}