{"motor_position": {"axis_1_motor_position": 52841, "axis_2_motor_position": 51544}, "target_name": "solar_tower_juelich_upper", "sun_elevation": 35.943395884599724, "sun_azimuth": -38.87055120218718, "focal_spot": {"HeliOS": [50.91339200397146, 6.387837167071756, 130.1107238357275], "UTIS": [50.913392001566564, 6.387837192182568, 130.23332595825195]}}