{"motor_position": {"axis_1_motor_position": 50084, "axis_2_motor_position": 28332}, "target_name": "solar_tower_juelich_lower", "sun_elevation": 45.90345939746827, "sun_azimuth": 39.94686644004118, "focal_spot": {"HeliOS": [50.91339197890761, 6.387841634336333, 123.164285084398], "UTIS": [50.913391985634696, 6.3878419806703235, 123.1191635131836]}}