{"motor_position": {"axis_1_motor_position": 48349, "axis_2_motor_position": 12397}, "target_name": "multi_focus_tower", "sun_elevation": 27.83384274988396, "sun_azimuth": 85.85012104895182, "focal_spot": {"HeliOS": [50.91339644541852, 6.387575903373028, 138.03488322992948], "UTIS": [50.91339644913726, 6.3875756391644085, 137.9352264404297]}}