{"motor_position": {"axis_1_motor_position": 46689, "axis_2_motor_position": 36011}, "target_name": "solar_tower_juelich_lower", "sun_elevation": 58.59670935459962, "sun_azimuth": 20.06004346435301, "focal_spot": {"HeliOS": [50.91339197660394, 6.387843113022726, 122.1359370036804], "UTIS": [50.913391981589086, 6.3878431966093085, 122.0301513671875]}}