{"motor_position": {"axis_1_motor_position": 46878, "axis_2_motor_position": 58183}, "target_name": "solar_tower_juelich_lower", "sun_elevation": 40.38469508881109, "sun_azimuth": -72.00044541391351, "focal_spot": {"HeliOS": [50.9133920706675, 6.387811745472448, 121.97280076447352], "UTIS": [50.91339208816257, 6.387811163825482, 121.93498229980467]}}