{"motor_position": {"axis_1_motor_position": 47038, "axis_2_motor_position": 60008}, "target_name": "solar_tower_juelich_lower", "sun_elevation": 37.017659918218655, "sun_azimuth": -77.05908933117102, "focal_spot": {"HeliOS": [50.913392046189436, 6.387819869431798, 122.0128503843579], "UTIS": [50.9133920571133, 6.387820496578607, 121.99501037597656]}}