{"motor_position": {"axis_1_motor_position": 47275, "axis_2_motor_position": 62109}, "target_name": "solar_tower_juelich_lower", "sun_elevation": 33.014546324913894, "sun_azimuth": -82.58383370490121, "focal_spot": {"HeliOS": [50.91339202980974, 6.387825246751131, 122.0941300580829], "UTIS": [50.91339204245799, 6.387824901572557, 122.08001327514648]}}