{"motor_position": {"axis_1_motor_position": 45994, "axis_2_motor_position": 29905}, "target_name": "solar_tower_juelich_lower", "sun_elevation": 56.52589810449451, "sun_azimuth": 41.3528416895463, "focal_spot": {"HeliOS": [50.91339205250291, 6.387813941874112, 124.0792846324038], "UTIS": [50.91339208112253, 6.387813279931683, 124.04698181152344]}}