{"motor_position": {"axis_1_motor_position": 45576, "axis_2_motor_position": 45308}, "target_name": "solar_tower_juelich_lower", "sun_elevation": 59.362077393239915, "sun_azimuth": -28.9075329027697, "focal_spot": {"HeliOS": [50.91339205405299, 6.387814732955434, 123.39403576337904], "UTIS": [50.91339207989322, 6.387813649441755, 123.28865814208984]}}