{"motor_position": {"axis_1_motor_position": 46363, "axis_2_motor_position": 20309}, "target_name": "solar_tower_juelich_lower", "sun_elevation": 45.22822853512608, "sun_azimuth": 69.604552302025, "focal_spot": {"HeliOS": [50.91339204621474, 6.38781634410484, 124.0296541547813], "UTIS": [50.913392072889366, 6.387815754652494, 123.8734130859375]}}