{"motor_position": {"axis_1_motor_position": 45385, "axis_2_motor_position": 51146}, "target_name": "solar_tower_juelich_lower", "sun_elevation": 53.2009496339316, "sun_azimuth": -53.22665702969648, "focal_spot": {"HeliOS": [50.91339203735921, 6.38782154673364, 122.85342649387276], "UTIS": [50.913392057858616, 6.387820272553806, 122.71582794189452]}}