{"motor_position": {"axis_1_motor_position": 45461, "axis_2_motor_position": 54698}, "target_name": "solar_tower_juelich_lower", "sun_elevation": 47.77309606046269, "sun_azimuth": -64.84456344127142, "focal_spot": {"HeliOS": [50.913392040635465, 6.387820154947661, 122.82369337050336], "UTIS": [50.91339206428345, 6.38781834139926, 122.78655242919922]}}