{"motor_position": {"axis_1_motor_position": 45581, "axis_2_motor_position": 53872}, "target_name": "multi_focus_tower", "sun_elevation": 50.8534352032078, "sun_azimuth": -45.49203855183463, "focal_spot": {"HeliOS": [50.9133964349536, 6.387579058776561, 138.36214696508242], "UTIS": [50.913396439161794, 6.38757863942382, 138.3614959716797]}}