{"motor_position": {"axis_1_motor_position": 45497, "axis_2_motor_position": 58554}, "target_name": "multi_focus_tower", "sun_elevation": 44.012605593803606, "sun_azimuth": -61.52440267600835, "focal_spot": {"HeliOS": [50.91339647100263, 6.387569107635519, 139.7167176873544], "UTIS": [50.913396468424615, 6.387569838167477, 139.7091522216797]}}