{"motor_position": {"axis_1_motor_position": 46594, "axis_2_motor_position": 25435}, "target_name": "multi_focus_tower", "sun_elevation": 44.1125756552896, "sun_azimuth": 65.654927153733, "focal_spot": {"HeliOS": [50.91339643650519, 6.3875786639354954, 137.61480551292155], "UTIS": [50.91339644046151, 6.38757824851602, 137.58843994140625]}}