{"motor_position": {"axis_1_motor_position": 46718, "axis_2_motor_position": 23387}, "target_name": "multi_focus_tower", "sun_elevation": 41.20692789909185, "sun_azimuth": 70.58333583457522, "focal_spot": {"HeliOS": [50.91339645672681, 6.387572741677644, 138.8939528895226], "UTIS": [50.91339645814668, 6.3875729294416415, 138.81837463378906]}}