{"motor_position": {"axis_1_motor_position": 45740, "axis_2_motor_position": 34688}, "target_name": "multi_focus_tower", "sun_elevation": 55.25082743220016, "sun_azimuth": 37.80436556265916, "focal_spot": {"HeliOS": [50.913396433087264, 6.3875796989943625, 137.8516899187444], "UTIS": [50.913396437976594, 6.3875789958892115, 137.84496307373047]}}