{"motor_position": {"axis_1_motor_position": 45223, "axis_2_motor_position": 41719}, "target_name": "multi_focus_tower", "sun_elevation": 59.63931619381225, "sun_azimuth": 7.7219283128147245, "focal_spot": {"HeliOS": [50.913396433331194, 6.387579483845954, 138.76150963605707]}}