{"motor_position": {"axis_1_motor_position": 44837, "axis_2_motor_position": 48733}, "target_name": "multi_focus_tower", "sun_elevation": 57.763990410145155, "sun_azimuth": -25.939852420939573, "focal_spot": {"HeliOS": [50.91339642248423, 6.387582349797259, 139.58735666757133], "UTIS": [50.91339642879552, 6.38758175719423, 139.59091567993164]}}