{"motor_position": {"axis_1_motor_position": 44827, "axis_2_motor_position": 51549}, "target_name": "multi_focus_tower", "sun_elevation": 55.184896910090195, "sun_azimuth": -38.154477215361716, "focal_spot": {"HeliOS": [50.91339644106691, 6.387577238156827, 138.5747566617268], "UTIS": [50.913396445264354, 6.38757680399589, 138.54591751098633]}}