{"motor_position": {"axis_1_motor_position": 58887, "axis_2_motor_position": 57260}, "target_name": "solar_tower_juelich_upper", "sun_elevation": 19.988419424383775, "sun_azimuth": -41.14597732037918, "focal_spot": {"HeliOS": [50.913392056102346, 6.387806770424151, 128.57470095598208], "UTIS": [50.913392104921435, 6.387806126372661, 128.59223556518555]}}