{"motor_position": {"axis_1_motor_position": 59037, "axis_2_motor_position": 58054}, "target_name": "solar_tower_juelich_upper", "sun_elevation": 18.764289121509613, "sun_azimuth": -43.84554507668534, "focal_spot": {"HeliOS": [50.91339202564558, 6.387824480090477, 129.9433551694303], "UTIS": [50.9133920431359, 6.387824697813178, 129.95092010498047]}}