{"motor_position": {"axis_1_motor_position": 59657, "axis_2_motor_position": 59830}, "target_name": "solar_tower_juelich_upper", "sun_elevation": 16.07337888744023, "sun_azimuth": -49.21347759161005, "focal_spot": {"HeliOS": [50.91339202131324, 6.387827304457311, 130.1188720960235], "UTIS": [50.913392034505776, 6.387827291773863, 130.06634521484375]}}