{"motor_position": {"axis_1_motor_position": 59442, "axis_2_motor_position": 59264}, "target_name": "solar_tower_juelich_upper", "sun_elevation": 16.996355275473256, "sun_azimuth": -47.44755475961298, "focal_spot": {"HeliOS": [50.91339202687079, 6.387823720893271, 129.90622565766537], "UTIS": [50.91339204624405, 6.387823763590022, 129.93622589111328]}}