{"motor_position": {"axis_1_motor_position": 59235, "axis_2_motor_position": 58665}, "target_name": "solar_tower_juelich_upper", "sun_elevation": 17.884362461322297, "sun_azimuth": -45.67754350608709, "focal_spot": {"HeliOS": [50.91339202404345, 6.387825394783771, 129.95077102669055], "UTIS": [50.913392039957145, 6.387825653257739, 129.97566986083984]}}