{"motor_position": {"axis_1_motor_position": 59888, "axis_2_motor_position": 60401}, "target_name": "solar_tower_juelich_upper", "sun_elevation": 15.142385371061545, "sun_azimuth": -50.92739027410778, "focal_spot": {"HeliOS": [50.91339202140308, 6.38782702470099, 130.01709011438749], "UTIS": [50.913392034921436, 6.387827166838781, 130.02520370483398]}}