{"motor_position": {"axis_1_motor_position": 60137, "axis_2_motor_position": 60970}, "target_name": "solar_tower_juelich_upper", "sun_elevation": 14.172463389931616, "sun_azimuth": -52.64921023352295, "focal_spot": {"HeliOS": [50.91339201578259, 6.387830338493302, 130.07194646044596], "UTIS": [50.913392024863555, 6.387830189922696, 130.03305053710938]}}