{"motor_position": {"axis_1_motor_position": 57254, "axis_2_motor_position": 45231}, "target_name": "solar_tower_juelich_upper", "sun_elevation": 28.232598916113794, "sun_azimuth": -4.54889112179255, "focal_spot": {"HeliOS": [50.91339203666401, 6.3878177254811135, 129.53700635197134], "UTIS": [50.91339206542168, 6.387817999273618, 129.55332565307617]}}