{"motor_position": {"axis_1_motor_position": 57272, "axis_2_motor_position": 46511}, "target_name": "solar_tower_juelich_upper", "sun_elevation": 27.950154090014465, "sun_azimuth": -8.781470664215552, "focal_spot": {"HeliOS": [50.91339200720392, 6.387835013933311, 130.00521142540117], "UTIS": [50.91339200794275, 6.387835275740633, 130.03753280639648]}}