{"motor_position": {"axis_1_motor_position": 58364, "axis_2_motor_position": 55042}, "target_name": "solar_tower_juelich_upper", "sun_elevation": 22.158176909472857, "sun_azimuth": -34.76896166078251, "focal_spot": {"HeliOS": [50.91339202284653, 6.387826724151933, 130.25123912104073], "UTIS": [50.91339203584027, 6.387826890668988, 130.2587852478027]}}