{"motor_position": {"axis_1_motor_position": 58652, "axis_2_motor_position": 56209}, "target_name": "solar_tower_juelich_upper", "sun_elevation": 20.803440510805906, "sun_azimuth": -38.2869088797561, "focal_spot": {"HeliOS": [50.91339201944498, 6.387828299649823, 130.08922744024127], "UTIS": [50.913392029969394, 6.387828655272799, 130.08283233642578]}}