{"motor_position": {"axis_1_motor_position": 59231, "axis_2_motor_position": 58207}, "target_name": "solar_tower_juelich_upper", "sun_elevation": 18.159070189139097, "sun_azimuth": -44.28504115614581, "focal_spot": {"HeliOS": [50.91339202001535, 6.387828149502976, 130.16370733752552], "UTIS": [50.91339203209549, 6.387828016237339, 130.13491439819336]}}