{"motor_position": {"axis_1_motor_position": 59583, "axis_2_motor_position": 59228}, "target_name": "solar_tower_juelich_upper", "sun_elevation": 16.65378282955071, "sun_azimuth": -47.3292108557637, "focal_spot": {"HeliOS": [50.913392021353715, 6.387827470936992, 130.2018212987662], "UTIS": [50.913392034112796, 6.387827409895046, 130.18149185180664]}}