{"motor_position": {"axis_1_motor_position": 59963, "axis_2_motor_position": 60211}, "target_name": "solar_tower_juelich_upper", "sun_elevation": 15.103024721017368, "sun_azimuth": -50.25568159887897, "focal_spot": {"HeliOS": [50.91339201906789, 6.387828374275173, 130.02995608006086], "UTIS": [50.91339203175494, 6.387828118595019, 130.19041061401367]}}