{"motor_position": {"axis_1_motor_position": 61242, "axis_2_motor_position": 60488}, "target_name": "solar_tower_juelich_lower", "sun_elevation": 13.257456083726748, "sun_azimuth": -50.69254685502499, "focal_spot": {"HeliOS": [50.913392013534164, 6.38782926920228, 123.29860767928618], "UTIS": [50.91339202994149, 6.38782866365966, 123.2445182800293]}}