{"motor_position": {"axis_1_motor_position": 58077, "axis_2_motor_position": 38708}, "target_name": "solar_tower_juelich_upper", "sun_elevation": 25.219906512550875, "sun_azimuth": 14.392879950258045, "focal_spot": {"HeliOS": [50.913392023731845, 6.387824389497736, 129.3554675677152], "UTIS": [50.91339204501764, 6.387824132211912, 129.4052963256836]}}