{"motor_position": {"axis_1_motor_position": 61849, "axis_2_motor_position": 28090}, "target_name": "solar_tower_juelich_lower", "sun_elevation": 12.682587347001736, "sun_azimuth": 40.9499553691061, "focal_spot": {"HeliOS": [50.91339203579627, 6.387822104414764, 122.84393593079592], "UTIS": [50.913392049618714, 6.387822749254372, 122.69242095947266]}}