{"motor_position": {"axis_1_motor_position": 61756, "axis_2_motor_position": 58113}, "target_name": "solar_tower_juelich_upper", "sun_elevation": 11.502826816823047, "sun_azimuth": -42.627283455006875, "focal_spot": {"HeliOS": [50.91339202536917, 6.387824878280137, 130.06338678991838], "UTIS": [50.91339204245158, 6.3878249034980765, 130.1361846923828]}}