{"motor_position": {"axis_1_motor_position": 59537, "axis_2_motor_position": 52383}, "target_name": "solar_tower_juelich_upper", "sun_elevation": 19.953428608290114, "sun_azimuth": -25.9256984927072, "focal_spot": {"HeliOS": [50.913392014355836, 6.38783079681759, 129.93490595156035], "UTIS": [50.913392021058996, 6.38783133345127, 130.09511184692383]}}