{"motor_position": {"axis_1_motor_position": 58798, "axis_2_motor_position": 39790}, "target_name": "solar_tower_juelich_upper", "sun_elevation": 23.1660210183064, "sun_azimuth": 11.076701697809971, "focal_spot": {"HeliOS": [50.91339201885583, 6.387828472993444, 130.02093544726057], "UTIS": [50.91339203125816, 6.387828267910986, 130.0306625366211]}}