{"motor_position": {"axis_1_motor_position": 59557, "axis_2_motor_position": 53073}, "target_name": "solar_tower_juelich_upper", "sun_elevation": 19.666166931103966, "sun_azimuth": -28.029094039717474, "focal_spot": {"HeliOS": [50.9133920155853, 6.387830694862753, 130.16745025573485], "UTIS": [50.913392022804516, 6.387830808807992, 130.12329864501953]}}