{"motor_position": {"axis_1_motor_position": 62140, "axis_2_motor_position": 61026}, "target_name": "solar_tower_juelich_upper", "sun_elevation": 9.163079451635522, "sun_azimuth": -51.74292396605039, "focal_spot": {"HeliOS": [50.913392018853514, 6.387828608100668, 130.07751823122982], "UTIS": [50.913392031832586, 6.387828095251475, 130.05358123779297]}}