{"motor_position": {"axis_1_motor_position": 58559, "axis_2_motor_position": 32287}, "target_name": "multi_focus_tower", "sun_elevation": 19.090087570729885, "sun_azimuth": 35.560332939303265, "focal_spot": {"HeliOS": [50.913396427996524, 6.387581027382681, 138.7759580846489], "UTIS": [50.91339643065963, 6.3875811965422935, 138.73751068115234]}}