{"motor_position": {"axis_1_motor_position": 57619, "axis_2_motor_position": 37884}, "target_name": "multi_focus_tower", "sun_elevation": 23.81563890345219, "sun_azimuth": 21.021860572006677, "focal_spot": {"HeliOS": [50.91339642748699, 6.38758112753057, 138.96195640847742], "UTIS": [50.91339642997587, 6.3875814021933195, 138.91876983642578]}}