{"motor_position": {"axis_1_motor_position": 58869, "axis_2_motor_position": 58067}, "target_name": "multi_focus_tower", "sun_elevation": 17.933864776747765, "sun_azimuth": -39.49511255116, "focal_spot": {"HeliOS": [50.913396428073746, 6.387580923017036, 139.11627330197376], "UTIS": [50.913396432164504, 6.387580743936475, 139.08484268188477]}}