{"motor_position": {"axis_1_motor_position": 58269, "axis_2_motor_position": 33803}, "target_name": "solar_tower_juelich_upper", "sun_elevation": 23.151398025498548, "sun_azimuth": 27.83950621082422, "focal_spot": {"HeliOS": [50.91339201084575, 6.387831805915275, 129.56884865521715], "UTIS": [50.913392021550315, 6.3878311857760615, 129.59282684326172]}}