{"motor_position": {"axis_1_motor_position": 57651, "axis_2_motor_position": 51551}, "target_name": "solar_tower_juelich_upper", "sun_elevation": 25.65889249467642, "sun_azimuth": -24.192518033292995, "focal_spot": {"HeliOS": [50.913392011605495, 6.3878328191992155, 130.11159534501795], "UTIS": [50.91339201545631, 6.387833017427301, 130.14022064208984]}}