{"motor_position": {"axis_1_motor_position": 56461, "axis_2_motor_position": 33866}, "target_name": "multi_focus_tower", "sun_elevation": 25.448731644768294, "sun_azimuth": 32.7910691261803, "focal_spot": {"HeliOS": [50.913396442623835, 6.3875767821041345, 138.60571628899535], "UTIS": [50.9133964447971, 6.387576944531774, 138.5619659423828]}}