{"motor_position": {"axis_1_motor_position": 56097, "axis_2_motor_position": 36663}, "target_name": "multi_focus_tower", "sun_elevation": 27.639934806230276, "sun_azimuth": 25.27803963030013, "focal_spot": {"HeliOS": [50.91339644261503, 6.387576795114981, 138.84686466874655], "UTIS": [50.913396444547416, 6.387577019627076, 138.7979965209961]}}