{"motor_position": {"axis_1_motor_position": 55917, "axis_2_motor_position": 38561}, "target_name": "multi_focus_tower", "sun_elevation": 28.83237355083276, "sun_azimuth": 19.940318423509094, "focal_spot": {"HeliOS": [50.91339643735354, 6.387578309326466, 138.89191263429848], "UTIS": [50.913396439370985, 6.387578576505403, 138.85686874389648]}}