{"motor_position": {"axis_1_motor_position": 55893, "axis_2_motor_position": 50425}, "target_name": "multi_focus_tower", "sun_elevation": 29.461694379158356, "sun_azimuth": -16.594924078937147, "focal_spot": {"HeliOS": [50.91339643828587, 6.387578037028758, 138.99515086705614], "UTIS": [50.91339643958361, 6.387578512556421, 138.9294662475586]}}