{"motor_position": {"axis_1_motor_position": 56353, "axis_2_motor_position": 54299}, "target_name": "multi_focus_tower", "sun_elevation": 26.7194310631682, "sun_azimuth": -28.89058586066881, "focal_spot": {"HeliOS": [50.913396429002574, 6.387580739307427, 138.7610594107378], "UTIS": [50.91339643290427, 6.387580521443924, 138.73725128173828]}}