{"motor_position": {"axis_1_motor_position": 60009, "axis_2_motor_position": 22231}, "target_name": "solar_tower_juelich_lower", "sun_elevation": 14.833750632438353, "sun_azimuth": 56.38860236603954, "focal_spot": {"HeliOS": [50.91339202751616, 6.387825261728737, 122.64492087513533], "UTIS": [50.9133920423232, 6.387824942083063, 122.48511123657228]}}