{"motor_position": {"axis_1_motor_position": 58827, "axis_2_motor_position": 26176}, "target_name": "solar_tower_juelich_lower", "sun_elevation": 19.71783566988933, "sun_azimuth": 47.55438821203605, "focal_spot": {"HeliOS": [50.91339202810077, 6.38782510977975, 122.61001134109196], "UTIS": [50.91339204053768, 6.387825478760845, 122.5553970336914]}}