{"motor_position": {"axis_1_motor_position": 56889, "axis_2_motor_position": 38946}, "target_name": "solar_tower_juelich_lower", "sun_elevation": 30.167189063180533, "sun_azimuth": 14.232143772600658, "focal_spot": {"HeliOS": [50.91339201752463, 6.387828209613732, 123.02951509285606], "UTIS": [50.913392029005365, 6.387828945029713, 123.03046035766602]}}