{"motor_position": {"axis_1_motor_position": 56792, "axis_2_motor_position": 41158}, "target_name": "solar_tower_juelich_lower", "sun_elevation": 30.86107319944742, "sun_azimuth": 7.676660272676598, "focal_spot": {"HeliOS": [50.913392017107725, 6.387828281098271, 123.08691956160408], "UTIS": [50.91339202882477, 6.387828999310402, 123.1029052734375]}}