{"motor_position": {"axis_1_motor_position": 57722, "axis_2_motor_position": 54238}, "target_name": "solar_tower_juelich_lower", "sun_elevation": 25.877421986376334, "sun_azimuth": -32.9076476499114, "focal_spot": {"HeliOS": [50.913392018747835, 6.387827728758154, 123.06934605085466], "UTIS": [50.91339203434267, 6.387827340800053, 122.95075225830078]}}