{"motor_position": {"axis_1_motor_position": 53253, "axis_2_motor_position": 42866}, "target_name": "multi_focus_tower", "sun_elevation": 37.48555393171956, "sun_azimuth": 7.827229478983684, "focal_spot": {"HeliOS": [50.91339642060882, 6.387583155071952, 138.8081911028193], "UTIS": [50.91339642572382, 6.387582681037316, 138.72279357910156]}}