{"motor_position": {"axis_1_motor_position": 53871, "axis_2_motor_position": 26850}, "target_name": "solar_tower_juelich_upper", "sun_elevation": 30.42999031202176, "sun_azimuth": 50.171708070941406, "focal_spot": {"HeliOS": [50.91339201614838, 6.387828228554427, 129.25930837643824], "UTIS": [50.91339203128749, 6.387828259096984, 129.3082733154297]}}