{"motor_position": {"axis_1_motor_position": 51635, "axis_2_motor_position": 57680}, "target_name": "multi_focus_tower", "sun_elevation": 36.46088711575266, "sun_azimuth": -44.59100694427803, "focal_spot": {"HeliOS": [50.91339644007578, 6.387577534507299, 138.0364759541834], "UTIS": [50.91339644326871, 6.387577404215918, 138.01435089111328]}}