{"motor_position": {"axis_1_motor_position": 51941, "axis_2_motor_position": 59757}, "target_name": "multi_focus_tower", "sun_elevation": 33.50601575612767, "sun_azimuth": -51.37411005214575, "focal_spot": {"HeliOS": [50.913396435387796, 6.387578917575269, 138.47111927184312], "UTIS": [50.91339643951176, 6.38757853417107, 138.42981338500977]}}