{"motor_position": {"axis_1_motor_position": 51708, "axis_2_motor_position": 62454}, "target_name": "multi_focus_tower", "sun_elevation": 30.748224452454597, "sun_azimuth": -60.874754048093244, "focal_spot": {"HeliOS": [50.91339642827977, 6.387581018179023, 138.48268083782983], "UTIS": [50.91339643143548, 6.387580963201742, 138.45660781860352]}}