{"motor_position": {"axis_1_motor_position": 52328, "axis_2_motor_position": 64804}, "target_name": "multi_focus_tower", "sun_elevation": 26.40052128223214, "sun_azimuth": -67.97083344324399, "focal_spot": {"HeliOS": [50.91339643227171, 6.387579827743415, 138.54156727234755], "UTIS": [50.91339643825115, 6.387578913308786, 138.50272750854492]}}