{"motor_position": {"axis_1_motor_position": 53332, "axis_2_motor_position": 67577}, "target_name": "multi_focus_tower", "sun_elevation": 20.719525839463365, "sun_azimuth": -76.16571632032134, "focal_spot": {"HeliOS": [50.91339643296936, 6.387579640852432, 138.42305506100453], "UTIS": [50.913396438868745, 6.387578727563851, 138.38047790527344]}}