{"motor_position": {"axis_1_motor_position": 50106, "axis_2_motor_position": 34735}, "target_name": "multi_focus_tower", "sun_elevation": 42.05985346794139, "sun_azimuth": 36.65344995522898, "focal_spot": {"HeliOS": [50.91339641917044, 6.387583710616099, 138.48541758385687], "UTIS": [50.91339642248214, 6.387583656001618, 138.44086837768555]}}