{"motor_position": {"axis_1_motor_position": 49908, "axis_2_motor_position": 37665}, "target_name": "multi_focus_tower", "sun_elevation": 44.4745154996186, "sun_azimuth": 27.448554900675823, "focal_spot": {"HeliOS": [50.91339642741641, 6.387581193996248, 138.78156712676784], "UTIS": [50.913396431588666, 6.387580917124848, 138.71906661987305]}}