{"motor_position": {"axis_1_motor_position": 49727, "axis_2_motor_position": 44753}, "target_name": "multi_focus_tower", "sun_elevation": 47.39960359399727, "sun_azimuth": 2.0281398609564087, "focal_spot": {"HeliOS": [50.913396415624405, 6.387584452250513, 139.10585815008767], "UTIS": [50.913396419172734, 6.387584651333046, 139.09550094604492]}}