{"motor_position": {"axis_1_motor_position": 49891, "axis_2_motor_position": 50951}, "target_name": "multi_focus_tower", "sun_elevation": 45.60764546633221, "sun_azimuth": -21.813586169038913, "focal_spot": {"HeliOS": [50.91339645799473, 6.387572496625576, 139.24786479948943], "UTIS": [50.913396459339545, 6.38757257067105, 139.21531295776367]}}