{"motor_position": {"axis_1_motor_position": 49787, "axis_2_motor_position": 53510}, "target_name": "multi_focus_tower", "sun_elevation": 44.28869977967268, "sun_azimuth": -31.668616278830246, "focal_spot": {"HeliOS": [50.91339643230547, 6.387579727277182, 139.10192645398473], "UTIS": [50.91339643648354, 6.38757944494231, 139.06892776489258]}}