{"motor_position": {"axis_1_motor_position": 49929, "axis_2_motor_position": 55158}, "target_name": "multi_focus_tower", "sun_elevation": 42.60229567319995, "sun_azimuth": -37.649782210906494, "focal_spot": {"HeliOS": [50.913396427949706, 6.387580967544244, 139.0767069020206], "UTIS": [50.91339643338758, 6.38758037608068, 139.0124168395996]}}