{"motor_position": {"axis_1_motor_position": 50789, "axis_2_motor_position": 24579}, "target_name": "solar_tower_juelich_upper", "sun_elevation": 34.92611241977087, "sun_azimuth": 60.18722813323233, "focal_spot": {"HeliOS": [50.9133920144188, 6.38782878546639, 129.09793846217], "UTIS": [50.91339202965925, 6.387828748497817, 129.15265274047852]}}