{"motor_position": {"axis_1_motor_position": 54580, "axis_2_motor_position": 69037}, "target_name": "solar_tower_juelich_lower", "sun_elevation": 18.384856740067537, "sun_azimuth": -85.28643951222544, "focal_spot": {"HeliOS": [50.91339201428216, 6.3878301352517814, 122.37919142326648], "UTIS": [50.91339202615768, 6.387829800954023, 122.36699295043944]}}