{"motor_position": {"axis_1_motor_position": 48963, "axis_2_motor_position": 31029}, "target_name": "multi_focus_tower", "sun_elevation": 41.351518246033315, "sun_azimuth": 49.464279290536226, "focal_spot": {"HeliOS": [50.91339643977445, 6.387577618439245, 138.53609913830303], "UTIS": [50.91339644311677, 6.387577449913129, 138.4750938415527]}}