{"motor_position": {"axis_1_motor_position": 48459, "axis_2_motor_position": 40699}, "target_name": "multi_focus_tower", "sun_elevation": 49.75889218985852, "sun_azimuth": 18.1912136437987, "focal_spot": {"HeliOS": [50.913396438680785, 6.387577924625523, 138.986174826921], "UTIS": [50.91339644114644, 6.387578042512434, 138.95672988891602]}}