{"motor_position": {"axis_1_motor_position": 48431, "axis_2_motor_position": 46315}, "target_name": "multi_focus_tower", "sun_elevation": 50.90214570611434, "sun_azimuth": -4.097573295207319, "focal_spot": {"HeliOS": [50.913396435906485, 6.387578708592408, 139.08219066496972], "UTIS": [50.913396438320405, 6.38757889248062, 139.05627059936523]}}