{"motor_position": {"axis_1_motor_position": 48474, "axis_2_motor_position": 48451}, "target_name": "multi_focus_tower", "sun_elevation": 50.3768603854588, "sun_azimuth": -12.864464003931973, "focal_spot": {"HeliOS": [50.91339643363543, 6.387579350958609, 139.09774335137865], "UTIS": [50.913396436896704, 6.387579320678432, 139.07027435302734]}}