{"motor_position": {"axis_1_motor_position": 48942, "axis_2_motor_position": 56333}, "target_name": "multi_focus_tower", "sun_elevation": 43.78649391441604, "sun_azimuth": -43.375995300928416, "focal_spot": {"HeliOS": [50.91339643689687, 6.387578440262113, 138.89652350265953], "UTIS": [50.91339644042309, 6.387578260069143, 138.8624382019043]}}