{"motor_position": {"axis_1_motor_position": 49108, "axis_2_motor_position": 57907}, "target_name": "multi_focus_tower", "sun_elevation": 41.67798956308401, "sun_azimuth": -48.86591935262016, "focal_spot": {"HeliOS": [50.91339644002212, 6.387577542959473, 138.81331131353505], "UTIS": [50.913396443775994, 6.3875772516387475, 138.79112243652344]}}