{"motor_position": {"axis_1_motor_position": 50798, "axis_2_motor_position": 16270}, "target_name": "solar_tower_juelich_upper", "sun_elevation": 26.06827792560364, "sun_azimuth": 79.57285557368856, "focal_spot": {"HeliOS": [50.913392016389615, 6.387827223446092, 128.84177603987922], "UTIS": [50.91339203617026, 6.387826791477569, 128.83847427368164]}}