{"motor_position": {"axis_1_motor_position": 49943, "axis_2_motor_position": 20851}, "target_name": "solar_tower_juelich_upper", "sun_elevation": 32.38460566716537, "sun_azimuth": 70.57511911657485, "focal_spot": {"HeliOS": [50.91339201739364, 6.3878275494170795, 129.25029772995916], "UTIS": [50.913392033552014, 6.387827578445877, 129.2602195739746]}}