{"motor_position": {"axis_1_motor_position": 49155, "axis_2_motor_position": 27188}, "target_name": "solar_tower_juelich_upper", "sun_elevation": 40.62665050901275, "sun_azimuth": 56.143069168231854, "focal_spot": {"HeliOS": [50.913392017239666, 6.3878284077664516, 129.60381203695874], "UTIS": [50.91339203102572, 6.38782833777212, 129.61494064331055]}}