{"motor_position": {"axis_1_motor_position": 47653, "axis_2_motor_position": 42604}, "target_name": "solar_tower_juelich_upper", "sun_elevation": 54.982079720512516, "sun_azimuth": 4.9370918378452275, "focal_spot": {"HeliOS": [50.91339202187922, 6.38782690293861, 130.08357791578436], "UTIS": [50.913392035818354, 6.387826897252372, 130.10866165161133]}}