{"motor_position": {"axis_1_motor_position": 47804, "axis_2_motor_position": 49632}, "target_name": "solar_tower_juelich_upper", "sun_elevation": 52.90753880596133, "sun_azimuth": -25.342764806588995, "focal_spot": {"HeliOS": [50.9133920171158, 6.387829478538997, 130.02995165888476], "UTIS": [50.91339202773856, 6.387829325794584, 130.03300857543945]}}