{"motor_position": {"axis_1_motor_position": 47869, "axis_2_motor_position": 50971}, "target_name": "solar_tower_juelich_upper", "sun_elevation": 51.82600372568045, "sun_azimuth": -30.816820536849598, "focal_spot": {"HeliOS": [50.91339202041707, 6.387827510323405, 129.98557058576617], "UTIS": [50.91339203276194, 6.387827815915421, 130.0697364807129]}}