{"motor_position": {"axis_1_motor_position": 47958, "axis_2_motor_position": 52492}, "target_name": "solar_tower_juelich_upper", "sun_elevation": 50.351111646518326, "sun_azimuth": -36.822020283111286, "focal_spot": {"HeliOS": [50.91339201680813, 6.387829401938527, 129.92704080936605], "UTIS": [50.91339202719701, 6.387829488562075, 129.94117736816406]}}