{"motor_position": {"axis_1_motor_position": 47758, "axis_2_motor_position": 33132}, "target_name": "solar_tower_juelich_upper", "sun_elevation": 49.376126076361956, "sun_azimuth": 41.09249546480357, "focal_spot": {"HeliOS": [50.91339201606524, 6.387830224919353, 130.0905856371012], "UTIS": [50.91339202415124, 6.387830404021575, 130.1332664489746]}}