{"motor_position": {"axis_1_motor_position": 48139, "axis_2_motor_position": 23180}, "target_name": "solar_tower_juelich_upper", "sun_elevation": 37.995805543878205, "sun_azimuth": 68.2229187824115, "focal_spot": {"HeliOS": [50.913392012657056, 6.387830932709787, 129.6141480102563], "UTIS": [50.91339202237261, 6.387830938621286, 129.6335334777832]}}