{"motor_position": {"axis_1_motor_position": 46813, "axis_2_motor_position": 36503}, "target_name": "solar_tower_juelich_upper", "sun_elevation": 54.363235417596016, "sun_azimuth": 30.82053156255176, "focal_spot": {"HeliOS": [50.91339201731951, 6.387829752387437, 130.18768870434403], "UTIS": [50.913392025952376, 6.387829862658815, 130.22911834716797]}}