{"motor_position": {"axis_1_motor_position": 46772, "axis_2_motor_position": 38959}, "target_name": "solar_tower_juelich_upper", "sun_elevation": 56.052981742342034, "sun_azimuth": 21.102780656207294, "focal_spot": {"HeliOS": [50.913392018090875, 6.387829504790849, 130.26627613946863], "UTIS": [50.91339202677843, 6.387829614375169, 130.29164123535156]}}