{"motor_position": {"axis_1_motor_position": 46769, "axis_2_motor_position": 44414}, "target_name": "solar_tower_juelich_upper", "sun_elevation": 57.45383375059572, "sun_azimuth": -3.0181263364799102, "focal_spot": {"HeliOS": [50.913392017957044, 6.387829695758295, 130.31148531942262], "UTIS": [50.913392026252296, 6.387829772515309, 130.3359832763672]}}