{"motor_position": {"axis_1_motor_position": 47960, "axis_2_motor_position": 62056}, "target_name": "solar_tower_juelich_upper", "sun_elevation": 37.962185041429244, "sun_azimuth": -71.07410968097685, "focal_spot": {"HeliOS": [50.913392014299475, 6.3878299479216185, 129.57732663039064], "UTIS": [50.91339202462565, 6.387830261431368, 129.60074996948242]}}