{"motor_position": {"axis_1_motor_position": 48428, "axis_2_motor_position": 64707}, "target_name": "solar_tower_juelich_upper", "sun_elevation": 32.78709812642457, "sun_azimuth": -78.69133015101727, "focal_spot": {"HeliOS": [50.91339201107641, 6.3878313083934595, 129.4200395570004], "UTIS": [50.91339202179051, 6.387831113585998, 129.45887756347656]}}