{"motor_position": {"axis_1_motor_position": 49083, "axis_2_motor_position": 67723}, "target_name": "solar_tower_juelich_upper", "sun_elevation": 26.556790369704597, "sun_azimuth": -86.90570464975698, "focal_spot": {"HeliOS": [50.91339204061152, 6.38781575773335, 129.68152724626628], "UTIS": [50.91339207455215, 6.387815254857918, 129.76794052124023]}}