{"motor_position": {"axis_1_motor_position": 47710, "axis_2_motor_position": 28314}, "target_name": "solar_tower_juelich_lower", "sun_elevation": 46.00592727268349, "sun_azimuth": 56.895417088770905, "focal_spot": {"HeliOS": [50.91339200981108, 6.387830942875972, 123.00170387343876], "UTIS": [50.91339202150389, 6.387831199736086, 122.93953323364258]}}