{"motor_position": {"axis_1_motor_position": 48218, "axis_2_motor_position": 59032}, "target_name": "solar_tower_juelich_lower", "sun_elevation": 43.707733391106906, "sun_azimuth": -61.67980868494841, "focal_spot": {"HeliOS": [50.91339201875187, 6.387829127499476, 121.95977399955537], "UTIS": [50.91339202721826, 6.387829482178705, 121.85089492797852]}}