{"motor_position": {"axis_1_motor_position": 48296, "axis_2_motor_position": 60496}, "target_name": "solar_tower_juelich_lower", "sun_elevation": 41.15905328589033, "sun_azimuth": -66.31735689192165, "focal_spot": {"HeliOS": [50.91339201230754, 6.38783005483128, 123.01411202857072], "UTIS": [50.91339202511657, 6.387830113874812, 122.94980239868164]}}