{"motor_position": {"axis_1_motor_position": 46009, "axis_2_motor_position": 53850}, "target_name": "multi_focus_tower", "sun_elevation": 53.042189497053116, "sun_azimuth": -38.556061281417946, "focal_spot": {"HeliOS": [50.91339644449737, 6.387576267705224, 139.03961318215687], "UTIS": [50.9133964479867, 6.387575985215716, 138.9967498779297]}}