{"motor_position": {"axis_1_motor_position": 47467, "axis_2_motor_position": 65279}, "target_name": "solar_tower_juelich_lower", "sun_elevation": 34.288067754712024, "sun_azimuth": -83.25869551701622, "focal_spot": {"HeliOS": [50.9133920234851, 6.387826460793558, 122.78422308903475], "UTIS": [50.91339203628433, 6.387826757197884, 122.76147079467772]}}