{"motor_position": {"axis_1_motor_position": 45608, "axis_2_motor_position": 19702}, "target_name": "multi_focus_tower", "sun_elevation": 33.077390427528464, "sun_azimuth": 83.32833389024162, "focal_spot": {"HeliOS": [50.91339644377251, 6.3875764374062864, 138.48815926988092], "UTIS": [50.91339644800698, 6.387575979113711, 138.4096336364746]}}