{"motor_position": {"axis_1_motor_position": 45497, "axis_2_motor_position": 21167}, "target_name": "multi_focus_tower", "sun_elevation": 35.185936755708056, "sun_azimuth": 80.49762738787017, "focal_spot": {"HeliOS": [50.91339644772593, 6.387575287031289, 138.61006121077816], "UTIS": [50.91339645156627, 6.387574908605617, 138.54510879516602]}}