{"motor_position": {"axis_1_motor_position": 45298, "axis_2_motor_position": 24546}, "target_name": "multi_focus_tower", "sun_elevation": 40.03276874002688, "sun_azimuth": 73.49267803836217, "focal_spot": {"HeliOS": [50.91339644833398, 6.3875751329904515, 138.76202560053258], "UTIS": [50.913396450608936, 6.38757519653875, 138.73443222045898]}}