{"motor_position": {"axis_1_motor_position": 45227, "axis_2_motor_position": 26006}, "target_name": "multi_focus_tower", "sun_elevation": 42.099436644403994, "sun_azimuth": 70.21957507632604, "focal_spot": {"HeliOS": [50.913396448857654, 6.387574996340736, 138.85311687805978], "UTIS": [50.91339645162785, 6.387574890082652, 138.80115509033203]}}