{"motor_position": {"axis_1_motor_position": 45392, "axis_2_motor_position": 22838}, "target_name": "multi_focus_tower", "sun_elevation": 37.591793898991575, "sun_azimuth": 77.12097576530428, "focal_spot": {"HeliOS": [50.91339643096142, 6.387580181468378, 138.70718880352194], "UTIS": [50.9133964347333, 6.387579971341676, 138.62973022460938]}}