{"motor_position": {"axis_1_motor_position": 45164, "axis_2_motor_position": 27370}, "target_name": "multi_focus_tower", "sun_elevation": 44.002396365302396, "sun_azimuth": 67.00202670719145, "focal_spot": {"HeliOS": [50.91339644045343, 6.387577418362077, 138.95942018288045], "UTIS": [50.91339644420405, 6.387577122900069, 138.90078353881836]}}