{"motor_position": {"axis_1_motor_position": 45110, "axis_2_motor_position": 28800}, "target_name": "multi_focus_tower", "sun_elevation": 45.95807219666382, "sun_azimuth": 63.4425402680004, "focal_spot": {"HeliOS": [50.913396441759026, 6.387577046323515, 139.01691357252076], "UTIS": [50.913396444390514, 6.387577066815891, 138.97541046142578]}}