{"motor_position": {"axis_1_motor_position": 44936, "axis_2_motor_position": 35919}, "target_name": "multi_focus_tower", "sun_elevation": 54.688873646679305, "sun_azimuth": 41.823966596995895, "focal_spot": {"HeliOS": [50.91339644085903, 6.387577304731951, 139.2374643619752], "UTIS": [50.91339644347068, 6.387577343467096, 139.2009735107422]}}