{"motor_position": {"axis_1_motor_position": 44918, "axis_2_motor_position": 37344}, "target_name": "multi_focus_tower", "sun_elevation": 56.12470501269565, "sun_azimuth": 36.45806463362248, "focal_spot": {"HeliOS": [50.913396431553366, 6.387579884899239, 139.43884704576664], "UTIS": [50.91339643788939, 6.38757902211426, 139.347412109375]}}