{"motor_position": {"axis_1_motor_position": 44935, "axis_2_motor_position": 40882}, "target_name": "multi_focus_tower", "sun_elevation": 58.80910200955564, "sun_azimuth": 22.218928041863002, "focal_spot": {"HeliOS": [50.91339650186102, 6.387559681301831, 138.81943452422848], "UTIS": [50.91339650127441, 6.387559957833098, 138.76325225830078]}}