{"motor_position": {"axis_1_motor_position": 47051, "axis_2_motor_position": 15250}, "target_name": "solar_tower_juelich_upper", "sun_elevation": 29.627114312101938, "sun_azimuth": 87.4711455784555, "focal_spot": {"HeliOS": [50.91339201919754, 6.387826286486725, 129.09823813392867], "UTIS": [50.913392037635525, 6.3878263510690285, 129.1262969970703]}}