{"motor_position": {"axis_1_motor_position": 47768, "axis_2_motor_position": 17585}, "target_name": "solar_tower_juelich_lower", "sun_elevation": 32.97164284314068, "sun_azimuth": 82.51878679055001, "focal_spot": {"HeliOS": [50.91339203156358, 6.387824293887465, 122.35100138214204], "UTIS": [50.91339204336884, 6.387824627796105, 122.28449249267578]}}