{"motor_position": {"axis_1_motor_position": 47007, "axis_2_motor_position": 34321}, "target_name": "solar_tower_juelich_upper", "sun_elevation": 52.141997322282705, "sun_azimuth": 38.4038462418683, "focal_spot": {"HeliOS": [50.91339200590046, 6.387835653629027, 129.97286576620047], "UTIS": [50.91339200530516, 6.387836068499058, 130.01719665527344]}}