{"motor_position": {"axis_1_motor_position": 48227, "axis_2_motor_position": 53835}, "target_name": "solar_tower_juelich_upper", "sun_elevation": 48.442059318596186, "sun_azimuth": -41.59182691201303, "focal_spot": {"HeliOS": [50.913392025011966, 6.387824871933708, 129.96122825847473], "UTIS": [50.91339204176908, 6.387825108647355, 129.9810333251953]}}