{"motor_position": {"axis_1_motor_position": 51776, "axis_2_motor_position": 73516}, "target_name": "multi_focus_tower", "sun_elevation": 13.067676285975972, "sun_azimuth": -98.6460066067021, "focal_spot": {"HeliOS": [50.91339645397415, 6.387573149341265, 137.57184934671878], "UTIS": [50.91339645824117, 6.387572901019874, 137.81848907470703]}}