{"motor_position": {"axis_1_motor_position": 47572, "axis_2_motor_position": 30065}, "target_name": "multi_focus_tower", "sun_elevation": 43.054308468768355, "sun_azimuth": 54.74595724750194, "focal_spot": {"HeliOS": [50.9133964610452, 6.387571480857851, 138.84512078908816], "UTIS": [50.913396463161995, 6.38757142099965, 138.80354690551758]}}