{"motor_position": {"axis_1_motor_position": 47190, "axis_2_motor_position": 47279}, "target_name": "multi_focus_tower", "sun_elevation": 54.11728854902118, "sun_azimuth": -8.42997529733611, "focal_spot": {"HeliOS": [50.9133964675056, 6.387569667975031, 138.9389514373849], "UTIS": [50.9133964698528, 6.387569408613664, 138.918701171875]}}