{"motor_position": {"axis_1_motor_position": 48503, "axis_2_motor_position": 35792}, "target_name": "multi_focus_tower", "sun_elevation": 46.529101471906245, "sun_azimuth": 35.5400897958646, "focal_spot": {"HeliOS": [50.913396449202594, 6.387574909123344, 138.9238964275164], "UTIS": [50.913396453061374, 6.38757445892876, 138.88543319702148]}}