{"motor_position": {"axis_1_motor_position": 55954, "axis_2_motor_position": 72397}, "target_name": "solar_tower_juelich_upper", "sun_elevation": 10.295718079404034, "sun_azimuth": -95.47826945543798, "focal_spot": {"HeliOS": [50.91339201536077, 6.387828188645199, 129.04956406380427], "UTIS": [50.91339203449706, 6.387827294397725, 129.08391571044922]}}