{"motor_position": {"axis_1_motor_position": 54572, "axis_2_motor_position": 70645}, "target_name": "solar_tower_juelich_upper", "sun_elevation": 14.583389762068515, "sun_azimuth": -90.21571334407571, "focal_spot": {"HeliOS": [50.91339202336523, 6.3878245250752315, 129.32368960450356], "UTIS": [50.91339204523112, 6.387824068045981, 129.39030838012695]}}