{"motor_position": {"axis_1_motor_position": 50287, "axis_2_motor_position": 58903}, "target_name": "multi_focus_tower", "sun_elevation": 37.96838671294367, "sun_azimuth": -50.611115410271104, "focal_spot": {"HeliOS": [50.9133964550878, 6.387573169185652, 138.74412082521795], "UTIS": [50.913396458324414, 6.387572875988105, 138.6964225769043]}}