{"motor_position": {"axis_1_motor_position": 50421, "axis_2_motor_position": 29038}, "target_name": "multi_focus_tower", "sun_elevation": 36.32559704325568, "sun_azimuth": 52.58255346900565, "focal_spot": {"HeliOS": [50.9133964462001, 6.387575750619352, 138.7517277704939], "UTIS": [50.913396449091536, 6.387575652914253, 138.6869125366211]}}