{"motor_position": {"axis_1_motor_position": 50306, "axis_2_motor_position": 56957}, "target_name": "multi_focus_tower", "sun_elevation": 40.016789258767155, "sun_azimuth": -43.675861654595884, "focal_spot": {"HeliOS": [50.91339645444741, 6.387573384378272, 138.8491915154666], "UTIS": [50.91339645669631, 6.387573365666978, 138.82581329345703]}}