{"motor_position": {"axis_1_motor_position": 50144, "axis_2_motor_position": 41899}, "target_name": "multi_focus_tower", "sun_elevation": 45.68746614862733, "sun_azimuth": 12.476726666854736, "focal_spot": {"HeliOS": [50.91339644019453, 6.387577491754551, 139.12176014443406], "UTIS": [50.91339644301532, 6.387577480423141, 139.1142463684082]}}