{"motor_position": {"axis_1_motor_position": 50149, "axis_2_motor_position": 46756}, "target_name": "multi_focus_tower", "sun_elevation": 46.15476702093382, "sun_azimuth": -5.590014759453893, "focal_spot": {"HeliOS": [50.91339644244303, 6.387576857622818, 139.17707970052436], "UTIS": [50.91339644685785, 6.3875763247311, 139.13629913330078]}}