{"motor_position": {"axis_1_motor_position": 52142, "axis_2_motor_position": 31412}, "target_name": "solar_tower_juelich_lower", "sun_elevation": 39.27375013062367, "sun_azimuth": 40.34998805899565, "focal_spot": {"HeliOS": [50.91339202990925, 6.387824063883867, 122.90150407268403], "UTIS": [50.9133920440525, 6.387824422307826, 122.8266143798828]}}