{"motor_position": {"axis_1_motor_position": 52198, "axis_2_motor_position": 53919}, "target_name": "solar_tower_juelich_lower", "sun_elevation": 40.375791406092645, "sun_azimuth": -36.82626633387401, "focal_spot": {"HeliOS": [50.913392026092964, 6.387825051764755, 123.13950088105612], "UTIS": [50.91339204152559, 6.387825181823907, 123.09197235107422]}}