{"motor_position": {"axis_1_motor_position": 52038, "axis_2_motor_position": 36159}, "target_name": "solar_tower_juelich_lower", "sun_elevation": 42.50391588545568, "sun_azimuth": 25.886444760410324, "focal_spot": {"HeliOS": [50.91339202859955, 6.387824184252197, 123.1299229158346], "UTIS": [50.913392044064906, 6.387824418578827, 123.07590103149414]}}