{"motor_position": {"axis_1_motor_position": 51893, "axis_2_motor_position": 39289}, "target_name": "solar_tower_juelich_lower", "sun_elevation": 44.21967831638962, "sun_azimuth": 15.592308114970841, "focal_spot": {"HeliOS": [50.913392029851344, 6.387823624595466, 123.20914140606746], "UTIS": [50.91339204596706, 6.387823846841659, 123.17999649047852]}}