{"motor_position": {"axis_1_motor_position": 52155, "axis_2_motor_position": 48969}, "target_name": "solar_tower_juelich_lower", "sun_elevation": 43.33332690095375, "sun_azimuth": -19.041281716281983, "focal_spot": {"HeliOS": [50.91339202405283, 6.387825567737187, 123.28118425553345], "UTIS": [50.91339203953226, 6.3878257809590595, 123.24552154541016]}}