{"motor_position": {"axis_1_motor_position": 52346, "axis_2_motor_position": 51417}, "target_name": "solar_tower_juelich_lower", "sun_elevation": 41.65731541119552, "sun_azimuth": -27.750974004075644, "focal_spot": {"HeliOS": [50.91339202226108, 6.387826237820057, 123.25564357331127], "UTIS": [50.91339203719157, 6.387826484506232, 123.22478485107422]}}