{"motor_position": {"axis_1_motor_position": 52771, "axis_2_motor_position": 33795}, "target_name": "solar_tower_juelich_lower", "sun_elevation": 39.29771908152615, "sun_azimuth": 32.515285526050384, "focal_spot": {"HeliOS": [50.913392030725554, 6.387823593721696, 123.02594245318087], "UTIS": [50.91339204561654, 6.3878239522028775, 122.95816040039062]}}