{"motor_position": {"axis_1_motor_position": 52404, "axis_2_motor_position": 45264}, "target_name": "solar_tower_juelich_lower", "sun_elevation": 43.53018457333748, "sun_azimuth": -5.5387213782961195, "focal_spot": {"HeliOS": [50.91339203094719, 6.387823050709245, 123.33076224698353], "UTIS": [50.913392047299915, 6.387823446218163, 123.26235961914062]}}