{"motor_position": {"axis_1_motor_position": 53348, "axis_2_motor_position": 55898}, "target_name": "solar_tower_juelich_lower", "sun_elevation": 35.9903925245581, "sun_azimuth": -42.35322207756711, "focal_spot": {"HeliOS": [50.913392024998764, 6.387825437681756, 123.13879566638592], "UTIS": [50.91339204007328, 6.387825618347511, 123.07700729370116]}}