{"motor_position": {"axis_1_motor_position": 53833, "axis_2_motor_position": 60907}, "target_name": "solar_tower_juelich_upper", "sun_elevation": 28.600012359975207, "sun_azimuth": -58.08816394692287, "focal_spot": {"HeliOS": [50.91339202187825, 6.387825971262164, 129.64905332311773], "UTIS": [50.91339203869106, 6.387826033798866, 129.67845916748047]}}