{"motor_position": {"axis_1_motor_position": 54328, "axis_2_motor_position": 62532}, "target_name": "solar_tower_juelich_upper", "sun_elevation": 25.768298811242598, "sun_azimuth": -62.912284778139565, "focal_spot": {"HeliOS": [50.91339202112564, 6.387826317583972, 129.61771312490978], "UTIS": [50.91339203788483, 6.387826276129674, 129.64841842651367]}}