{"motor_position": {"axis_1_motor_position": 55048, "axis_2_motor_position": 64469}, "target_name": "solar_tower_juelich_upper", "sun_elevation": 22.116481379200888, "sun_azimuth": -68.57305092321239, "focal_spot": {"HeliOS": [50.91339202148979, 6.387826041651768, 129.58039422212963], "UTIS": [50.91339203983612, 6.387825689632443, 129.592041015625]}}