{"motor_position": {"axis_1_motor_position": 52718, "axis_2_motor_position": 29040}, "target_name": "multi_focus_tower", "sun_elevation": 31.36050429520832, "sun_azimuth": 49.445158761839146, "focal_spot": {"HeliOS": [50.91339646710172, 6.387569715510196, 138.8090810848957], "UTIS": [50.913396468941556, 6.3875696826884685, 138.76361083984375]}}