{"motor_position": {"axis_1_motor_position": 54389, "axis_2_motor_position": 47191}, "target_name": "solar_tower_juelich_lower", "sun_elevation": 37.65027892914799, "sun_azimuth": -11.680298208779252, "focal_spot": {"HeliOS": [50.913392022483436, 6.38782599747364, 123.37018882337682], "UTIS": [50.9133920378172, 6.387826296462897, 123.3233413696289]}}