{"motor_position": {"axis_1_motor_position": 53394, "axis_2_motor_position": 37758}, "target_name": "multi_focus_tower", "sun_elevation": 35.34796227546016, "sun_azimuth": 23.941005550547857, "focal_spot": {"HeliOS": [50.91339647019546, 6.387568946080583, 139.02330788171736], "UTIS": [50.91339647113546, 6.38756902283154, 138.9810562133789]}}