{"motor_position": {"axis_1_motor_position": 55832, "axis_2_motor_position": 29925}, "target_name": "multi_focus_tower", "sun_elevation": 24.781378205995487, "sun_azimuth": 43.78944919497901, "focal_spot": {"HeliOS": [50.913396449958334, 6.387574642755638, 138.66170057721098], "UTIS": [50.91339645337156, 6.3875743656359285, 138.60447311401367]}}