{"motor_position": {"axis_1_motor_position": 56118, "axis_2_motor_position": 56516}, "target_name": "multi_focus_tower", "sun_elevation": 26.073299806171228, "sun_azimuth": -36.22748089703356, "focal_spot": {"HeliOS": [50.91339647153437, 6.387568547353944, 138.99447989541244], "UTIS": [50.913396472701756, 6.387568551729875, 138.9710578918457]}}