{"motor_position": {"axis_1_motor_position": 59396, "axis_2_motor_position": 48878}, "target_name": "solar_tower_juelich_lower", "sun_elevation": 22.80480547847854, "sun_azimuth": -15.454119703441398, "focal_spot": {"HeliOS": [50.913392024429186, 6.387825405970016, 123.30101109713964], "UTIS": [50.91339204012856, 6.387825601736509, 123.25584411621094]}}