{"motor_position": {"axis_1_motor_position": 61356, "axis_2_motor_position": 54203}, "target_name": "multi_focus_tower", "sun_elevation": 12.496913560398236, "sun_azimuth": -26.39653452354646, "focal_spot": {"HeliOS": [50.91339644843501, 6.38757516876699, 139.18008642544245], "UTIS": [50.9133964517477, 6.387574854040161, 139.1253204345703]}}