{"motor_position": {"axis_1_motor_position": 62027, "axis_2_motor_position": 35557}, "target_name": "solar_tower_juelich_lower", "sun_elevation": 14.26237840653021, "sun_azimuth": 21.840137689917942, "focal_spot": {"HeliOS": [50.91339202677235, 6.387825272432352, 122.81948526099376], "UTIS": [50.91339204187572, 6.387825076584728, 122.75232696533205]}}