{"motor_position": {"axis_1_motor_position": 61104, "axis_2_motor_position": 56114}, "target_name": "multi_focus_tower", "sun_elevation": 12.627595205570088, "sun_azimuth": -32.31271303254556, "focal_spot": {"HeliOS": [50.91339644212048, 6.387576944048174, 139.03938927523393], "UTIS": [50.91339644564308, 6.387576690091855, 138.99296951293945]}}