{"motor_position": {"axis_1_motor_position": 60776, "axis_2_motor_position": 55093}, "target_name": "multi_focus_tower", "sun_elevation": 13.917163956118927, "sun_azimuth": -29.295022761642805, "focal_spot": {"HeliOS": [50.91339644220117, 6.387576919092518, 138.98140075409327], "UTIS": [50.91339644552207, 6.387576726486905, 138.93865585327148]}}