{"motor_position": {"axis_1_motor_position": 60739, "axis_2_motor_position": 30278}, "target_name": "multi_focus_tower", "sun_elevation": 12.382977747288841, "sun_azimuth": 39.55794229390885, "focal_spot": {"HeliOS": [50.91339643946271, 6.3875777112986905, 138.48812772893433], "UTIS": [50.91339644431658, 6.387577089054298, 138.4206771850586]}}