{"motor_position": {"axis_1_motor_position": 59739, "axis_2_motor_position": 54169}, "target_name": "multi_focus_tower", "sun_elevation": 17.20723786208959, "sun_azimuth": -26.84066170356958, "focal_spot": {"HeliOS": [50.913396441172445, 6.387577216338915, 139.21085163672788], "UTIS": [50.91339644543037, 6.387576754067955, 139.11167526245117]}}