{"motor_position": {"axis_1_motor_position": 59620, "axis_2_motor_position": 33933}, "target_name": "multi_focus_tower", "sun_elevation": 16.783360725384288, "sun_azimuth": 30.731797505872855, "focal_spot": {"HeliOS": [50.91339643988298, 6.387577583257307, 138.80536282488077], "UTIS": [50.91339644335211, 6.38757737912991, 138.74483489990234]}}