{"motor_position": {"axis_1_motor_position": 57272, "axis_2_motor_position": 27132}, "target_name": "solar_tower_juelich_lower", "sun_elevation": 24.077813512026808, "sun_azimuth": 46.403903620654006, "focal_spot": {"HeliOS": [50.913392029300766, 6.3878248107893665, 122.5302739192968], "UTIS": [50.913392042230804, 6.387824969853948, 122.47381973266602]}}