{"motor_position": {"axis_1_motor_position": 52751, "axis_2_motor_position": 46507}, "target_name": "solar_tower_juelich_upper", "sun_elevation": 40.83003994586075, "sun_azimuth": -9.720878809225049, "focal_spot": {"HeliOS": [50.913392015271064, 6.387830161793662, 129.88593358143194], "UTIS": [50.91339202354056, 6.387830587576551, 129.89619064331055]}}