{"motor_position": {"axis_1_motor_position": 52809, "axis_2_motor_position": 47821}, "target_name": "solar_tower_juelich_upper", "sun_elevation": 40.37433970344044, "sun_azimuth": -14.293961981301074, "focal_spot": {"HeliOS": [50.91339201673758, 6.387829205646699, 129.82864072860195], "UTIS": [50.91339202747035, 6.387829406405409, 129.8297576904297]}}