{"motor_position": {"axis_1_motor_position": 53197, "axis_2_motor_position": 52578}, "target_name": "solar_tower_juelich_upper", "sun_elevation": 37.24008696226458, "sun_azimuth": -30.586289065571105, "focal_spot": {"HeliOS": [50.913392017863174, 6.387828474945575, 129.78326236258405], "UTIS": [50.91339203004361, 6.3878286329665945, 129.823974609375]}}