{"motor_position": {"axis_1_motor_position": 53441, "axis_2_motor_position": 54460}, "target_name": "solar_tower_juelich_upper", "sun_elevation": 35.37350664130697, "sun_azimuth": -36.80933800773791, "focal_spot": {"HeliOS": [50.91339201747724, 6.387828620064192, 129.753652691502], "UTIS": [50.91339202919971, 6.387828886613223, 129.81530380249023]}}