{"motor_position": {"axis_1_motor_position": 52296, "axis_2_motor_position": 40948}, "target_name": "solar_tower_juelich_upper", "sun_elevation": 42.009408594055024, "sun_azimuth": 9.519595952300868, "focal_spot": {"HeliOS": [50.91339202262623, 6.387826057610042, 129.88815739610166], "UTIS": [50.91339203838643, 6.387826125369568, 129.88800048828125]}}