{"motor_position": {"axis_1_motor_position": 48185, "axis_2_motor_position": 37761}, "target_name": "solar_tower_juelich_upper", "sun_elevation": 51.79071464008884, "sun_azimuth": 24.02957632858619, "focal_spot": {"HeliOS": [50.91339202095109, 6.387827249468868, 130.0034582150686], "UTIS": [50.913392035472846, 6.38782700110165, 130.1038932800293]}}