{"motor_position": {"axis_1_motor_position": 46743, "axis_2_motor_position": 61009}, "target_name": "solar_tower_juelich_upper", "sun_elevation": 41.55838551280345, "sun_azimuth": -70.11985845610305, "focal_spot": {"HeliOS": [50.91339201225182, 6.38783096571761, 129.53829407605926], "UTIS": [50.91339202133968, 6.387831249087715, 129.58695220947266]}}