{"motor_position": {"axis_1_motor_position": 45478, "axis_2_motor_position": 23550}, "target_name": "solar_tower_juelich_upper", "sun_elevation": 42.53987847630893, "sun_azimuth": 72.86119919763522, "focal_spot": {"HeliOS": [50.91339201424841, 6.387829274828198, 129.27662183815306], "UTIS": [50.91339202786624, 6.387829287416388, 129.3039894104004]}}