{"motor_position": {"axis_1_motor_position": 45435, "axis_2_motor_position": 24373}, "target_name": "solar_tower_juelich_upper", "sun_elevation": 43.69822757434572, "sun_azimuth": 71.00746810088157, "focal_spot": {"HeliOS": [50.91339201315731, 6.38782997958479, 129.33052851580206], "UTIS": [50.91339202602668, 6.38782984032549, 129.35550689697266]}}