{"motor_position": {"axis_1_motor_position": 57069, "axis_2_motor_position": 30772}, "target_name": "solar_tower_juelich_lower", "sun_elevation": 26.434930096022093, "sun_azimuth": 33.964766906839316, "focal_spot": {"HeliOS": [50.913392037609526, 6.387821034430652, 123.11874350297003], "UTIS": [50.91339205639192, 6.387820713403049, 123.07535171508788]}}