{"motor_position": {"axis_1_motor_position": 56537, "axis_2_motor_position": 34458}, "target_name": "solar_tower_juelich_lower", "sun_elevation": 29.272035302569797, "sun_azimuth": 24.000271308057144, "focal_spot": {"HeliOS": [50.91339202402018, 6.387825908014802, 123.04925365761216], "UTIS": [50.91339204007607, 6.387825617506789, 122.90738296508788]}}