{"motor_position": {"axis_1_motor_position": 56671, "axis_2_motor_position": 33399}, "target_name": "solar_tower_juelich_lower", "sun_elevation": 28.552824009142455, "sun_azimuth": 26.90910366104493, "focal_spot": {"HeliOS": [50.91339202367195, 6.387826054973692, 123.0313858224545], "UTIS": [50.9133920375983, 6.387826362256032, 122.96450424194336]}}