{"motor_position": {"axis_1_motor_position": 56418, "axis_2_motor_position": 35519}, "target_name": "solar_tower_juelich_lower", "sun_elevation": 29.91559516822654, "sun_azimuth": 21.034068277619696, "focal_spot": {"HeliOS": [50.91339202441516, 6.3878257858835115, 123.03770306382384], "UTIS": [50.91339203926113, 6.387825862454677, 122.95886611938477]}}