{"motor_position": {"axis_1_motor_position": 56315, "axis_2_motor_position": 36550}, "target_name": "solar_tower_juelich_lower", "sun_elevation": 30.471408528152658, "sun_azimuth": 18.060673086276047, "focal_spot": {"HeliOS": [50.9133920168632, 6.387828382587082, 123.07483155445028], "UTIS": [50.91339203058048, 6.387828471595785, 122.9762954711914]}}