{"motor_position": {"axis_1_motor_position": 56195, "axis_2_motor_position": 38017}, "target_name": "solar_tower_juelich_lower", "sun_elevation": 31.113356781259455, "sun_azimuth": 13.813513386935604, "focal_spot": {"HeliOS": [50.91339202350775, 6.387826150279521, 123.00419638949006], "UTIS": [50.913392037206386, 6.38782648005177, 122.91804885864258]}}