{"motor_position": {"axis_1_motor_position": 56033, "axis_2_motor_position": 45743}, "target_name": "solar_tower_juelich_lower", "sun_elevation": 31.541209592945695, "sun_azimuth": -9.799468754463451, "focal_spot": {"HeliOS": [50.91339202129495, 6.387827478023218, 122.58795790554132], "UTIS": [50.91339203202252, 6.387828038163862, 122.46377182006836]}}