{"motor_position": {"axis_1_motor_position": 56083, "axis_2_motor_position": 47694}, "target_name": "solar_tower_juelich_lower", "sun_elevation": 30.791385116475684, "sun_azimuth": -15.897552275328716, "focal_spot": {"HeliOS": [50.9133920210028, 6.387826983919759, 123.03546935493992], "UTIS": [50.91339203541375, 6.387827018865252, 122.96952056884766]}}