{"motor_position": {"axis_1_motor_position": 56315, "axis_2_motor_position": 50607}, "target_name": "solar_tower_juelich_lower", "sun_elevation": 29.00036211453464, "sun_azimuth": -24.94674513058047, "focal_spot": {"HeliOS": [50.913392017751086, 6.387828137495851, 123.02402460448629], "UTIS": [50.91339203069614, 6.38782843683472, 122.96981430053712]}}