{"motor_position": {"axis_1_motor_position": 56144, "axis_2_motor_position": 48703}, "target_name": "solar_tower_juelich_lower", "sun_elevation": 30.262148843607005, "sun_azimuth": -19.04403405984198, "focal_spot": {"HeliOS": [50.9133920181151, 6.3878279766821615, 123.04952451930843], "UTIS": [50.913392031824245, 6.387828097760074, 122.97807693481444]}}