{"motor_position": {"axis_1_motor_position": 56574, "axis_2_motor_position": 52653}, "target_name": "solar_tower_juelich_lower", "sun_elevation": 27.263841509316595, "sun_azimuth": -31.212550309628593, "focal_spot": {"HeliOS": [50.91339201653991, 6.387828560695713, 123.0245753986208], "UTIS": [50.913392029256876, 6.387828869432699, 122.94467544555664]}}