{"motor_position": {"axis_1_motor_position": 56275, "axis_2_motor_position": 48774}, "target_name": "solar_tower_juelich_lower", "sun_elevation": 29.853277545799816, "sun_azimuth": -19.18066032225895, "focal_spot": {"HeliOS": [50.91339201780346, 6.387827968320712, 123.1391135368678], "UTIS": [50.91339203126289, 6.387828266487186, 123.0542984008789]}}