{
  "heliostat_position": [
    50.915397176643545,
    6.389153338660588,
    88.76386261
  ],
  "height": 2.559999942779541,
  "width": 3.2200000286102295,
  "initial_orientation": [
    0.0,
    -1.0,
    0.0
  ],
  "kinematics_properties": {
    "actuators": [
      {
        "type_axis": "linear",
        "min_increment": 0,
        "max_increment": 66156,
        "increment": 154166.6667,
        "offset_shift": 0,
        "initial_stroke_length": 0.076773774,
        "offset": 0.335308,
        "pivot_radius": 0.338095,
        "radius_shift": 0,
        "clockwise_axis_movement": 0,
        "initial_angle": 0.028190461,
        "min_movement_angle": 0.026565656,
        "max_movement_angle": 1.570796327,
        "movement_speed": 0
      },
      {
        "type_axis": "linear",
        "min_increment": 0,
        "max_increment": 76112,
        "increment": 154166.6667,
        "offset_shift": 0,
        "initial_stroke_length": 0.076541364,
        "offset": 0.340771,
        "pivot_radius": 0.3191,
        "radius_shift": 0,
        "clockwise_axis_movement": 1,
        "initial_angle": 0.931417847,
        "min_movement_angle": -0.95993,
        "max_movement_angle": 0.944745286,
        "movement_speed": 0
      }
    ],
    "joint_translation_e_1": 0.0,
    "joint_translation_n_1": 0.0,
    "joint_translation_u_1": 0.0,
    "joint_translation_e_2": 0.0,
    "joint_translation_n_2": 0.0,
    "joint_translation_u_2": 0.0,
    "concentrator_translation_e": 0.0,
    "concentrator_translation_n": 0.175,
    "concentrator_translation_u": 0.0
  },
  "facet_properties": {
    "canting_type": "receiver canting",
    "number_of_facets": 4,
    "facets": [
      {
        "translation_vector": [
          -0.8075,
          0.6425,
          0.0402
        ],
        "canting_e": [
          0.8024989086084564,
          -0.0,
          -0.0013232216343269923
        ],
        "canting_n": [
          1.3819655199102117e-06,
          0.6374994496353814,
          0.0008363683100173962
        ]
      },
      {
        "translation_vector": [
          0.8075,
          0.6425,
          0.0402
        ],
        "canting_e": [
          0.8024989086084564,
          -0.0,
          0.0013232216343269923
        ],
        "canting_n": [
          -1.3819655199102117e-06,
          0.6374994496353814,
          0.0008363683100173962
        ]
      },
      {
        "translation_vector": [
          -0.8075,
          -0.6425,
          0.0402
        ],
        "canting_e": [
          0.8024989086084564,
          -0.0,
          -0.0013232216343269923
        ],
        "canting_n": [
          -1.3819655199102117e-06,
          0.6374994496353814,
          -0.0008363683100173962
        ]
      },
      {
        "translation_vector": [
          0.8075,
          -0.6425,
          0.0402
        ],
        "canting_e": [
          0.8024989086084564,
          -0.0,
          0.0013232216343269923
        ],
        "canting_n": [
          1.3819655199102117e-06,
          0.6374994496353814,
          -0.0008363683100173962
        ]
      }
    ]
  },
  "renovation": "2022-06-09"
}