{"motor_position": {"axis_1_motor_position": 45536, "axis_2_motor_position": 56672}, "target_name": "multi_focus_tower", "sun_elevation": 45.48536593427022, "sun_azimuth": -58.58523851204403, "focal_spot": {"HeliOS": [50.91339643857546, 6.3875779575287135, 138.9078430555398], "UTIS": [50.91339644445201, 6.387577048320044, 138.87789916992188]}}