{"motor_position": {"axis_1_motor_position": 45526, "axis_2_motor_position": 58753}, "target_name": "multi_focus_tower", "sun_elevation": 42.10778218509387, "sun_azimuth": -65.0524244621818, "focal_spot": {"HeliOS": [50.91339645659531, 6.387572830181843, 139.05543567075466], "UTIS": [50.91339645820411, 6.387572912166196, 139.00741577148438]}}