{"motor_position": {"axis_1_motor_position": 47364, "axis_2_motor_position": 22742}, "target_name": "multi_focus_tower", "sun_elevation": 41.81454247836009, "sun_azimuth": 69.59355866340296, "focal_spot": {"HeliOS": [50.913396456166495, 6.3875729237598176, 138.9624184009429], "UTIS": [50.91339645877957, 6.387572739086302, 138.89000701904297]}}