{"motor_position": {"axis_1_motor_position": 48434, "axis_2_motor_position": 15329}, "target_name": "multi_focus_tower", "sun_elevation": 31.167221367556163, "sun_azimuth": 84.88421140171977, "focal_spot": {"HeliOS": [50.9133964626757, 6.387571495594648, 140.03352730555008], "UTIS": [50.91339646247147, 6.387571628684678, 139.93724060058594]}}