{"motor_position": {"axis_1_motor_position": 46099, "axis_2_motor_position": 34177}, "target_name": "multi_focus_tower", "sun_elevation": 55.76094402667488, "sun_azimuth": 35.76538599829363, "focal_spot": {"HeliOS": [50.91339642871229, 6.387580848071065, 138.6572558557329], "UTIS": [50.91339643796153, 6.387579000418254, 138.5951690673828]}}