{"motor_position": {"axis_1_motor_position": 46706, "axis_2_motor_position": 28226}, "target_name": "multi_focus_tower", "sun_elevation": 49.18482433614867, "sun_azimuth": 55.45088935566077, "focal_spot": {"HeliOS": [50.91339643449398, 6.387579152090553, 138.71585259169456], "UTIS": [50.91339644284968, 6.387577530242596, 138.62836456298828]}}