{"motor_position": {"axis_1_motor_position": 45519, "axis_2_motor_position": 41400}, "target_name": "multi_focus_tower", "sun_elevation": 59.76220454278677, "sun_azimuth": 4.309379151328171, "focal_spot": {"HeliOS": [50.91339642073504, 6.3875832445329825, 138.4939883998266], "UTIS": [50.913396433939084, 6.3875802102147095, 138.4567413330078]}}