{"motor_position": {"axis_1_motor_position": 45133, "axis_2_motor_position": 47432}, "target_name": "multi_focus_tower", "sun_elevation": 57.98968748156766, "sun_azimuth": -24.522106293267743, "focal_spot": {"HeliOS": [50.913396411504145, 6.387586047262754, 138.37006508622596], "UTIS": [50.91339642303219, 6.3875834905695665, 138.38117599487305]}}