{"motor_position": {"axis_1_motor_position": 44982, "axis_2_motor_position": 50021}, "target_name": "multi_focus_tower", "sun_elevation": 55.750351786505725, "sun_azimuth": -35.905488610761886, "focal_spot": {"HeliOS": [50.91339641935205, 6.387583613067471, 138.5859649874607], "UTIS": [50.91339642996523, 6.38758140539348, 138.5716094970703]}}