{"motor_position": {"axis_1_motor_position": 43185, "axis_2_motor_position": 57596}, "target_name": "solar_tower_juelich_upper", "sun_elevation": 55.79513671828423, "sun_azimuth": -45.51902731546085, "focal_spot": {"HeliOS": [50.913392054205715, 6.387809838926957, 131.8579551098569], "UTIS": [50.91339209319102, 6.3878096523597945, 131.8873291015625]}}