{"motor_position": {"axis_1_motor_position": 43335, "axis_2_motor_position": 60279}, "target_name": "solar_tower_juelich_upper", "sun_elevation": 51.684332893616215, "sun_azimuth": -56.56646634702193, "focal_spot": {"HeliOS": [50.913392026158796, 6.3878237249412555, 129.70063225386355], "UTIS": [50.91339204710522, 6.387823504749914, 129.7792091369629]}}