{"motor_position": {"axis_1_motor_position": 44055, "axis_2_motor_position": 62316}, "target_name": "solar_tower_juelich_lower", "sun_elevation": 48.43843050377766, "sun_azimuth": -63.426087307210686, "focal_spot": {"HeliOS": [50.913392039807974, 6.387820779614641, 122.80170779803277], "UTIS": [50.91339205693738, 6.387820549449058, 122.74316024780272]}}