{"motor_position": {"axis_1_motor_position": 44075, "axis_2_motor_position": 64542}, "target_name": "solar_tower_juelich_lower", "sun_elevation": 44.277226203323735, "sun_azimuth": -70.83648229499924, "focal_spot": {"HeliOS": [50.913392048945944, 6.387817953169273, 122.6052760601324], "UTIS": [50.913392065972445, 6.387817833726325, 122.5340690612793]}}