{"motor_position": {"axis_1_motor_position": 44151, "axis_2_motor_position": 67113}, "target_name": "solar_tower_juelich_lower", "sun_elevation": 38.88725903159023, "sun_azimuth": -79.01368257043221, "focal_spot": {"HeliOS": [50.913392021909, 6.387827342013221, 122.53093412729672], "UTIS": [50.91339203341792, 6.387827618752985, 122.43280029296876]}}