{"motor_position": {"axis_1_motor_position": 44276, "axis_2_motor_position": 69453}, "target_name": "solar_tower_juelich_lower", "sun_elevation": 33.72342555356482, "sun_azimuth": -85.9425881780905, "focal_spot": {"HeliOS": [50.91339201120194, 6.387831319399314, 122.25915240463566], "UTIS": [50.913392021960945, 6.387831062356308, 122.1599578857422]}}