{"motor_position": {"axis_1_motor_position": 44416, "axis_2_motor_position": 71163}, "target_name": "solar_tower_juelich_lower", "sun_elevation": 29.77784301341058, "sun_azimuth": -90.87966623626528, "focal_spot": {"HeliOS": [50.913392019387445, 6.387828674780804, 122.15637522291028], "UTIS": [50.91339203098604, 6.387828349704922, 122.13465118408205]}}