{"motor_position": {"axis_1_motor_position": 44535, "axis_2_motor_position": 73522}, "target_name": "solar_tower_juelich_lower", "sun_elevation": 24.018101167933683, "sun_azimuth": -97.79195348833196, "focal_spot": {"HeliOS": [50.91339201376764, 6.38782953755777, 123.01931398369044], "UTIS": [50.913392027982425, 6.387829252495991, 122.9634132385254]}}