{"motor_position": {"axis_1_motor_position": 44690, "axis_2_motor_position": 74539}, "target_name": "solar_tower_juelich_lower", "sun_elevation": 21.483317639049908, "sun_azimuth": -100.7879498409452, "focal_spot": {"HeliOS": [50.913392022183615, 6.38782661421319, 123.00353155222216], "UTIS": [50.91339203920882, 6.387825878177501, 122.97283554077148]}}