{"motor_position": {"axis_1_motor_position": 45604, "axis_2_motor_position": 29148}, "target_name": "solar_tower_juelich_lower", "sun_elevation": 43.05013175873759, "sun_azimuth": 73.0079266565359, "focal_spot": {"HeliOS": [50.91339203332843, 6.387822703470788, 123.01248059938708], "UTIS": [50.9133920492298, 6.387822866155154, 122.92567825317384]}}