{"motor_position": {"axis_1_motor_position": 45414, "axis_2_motor_position": 32007}, "target_name": "solar_tower_juelich_lower", "sun_elevation": 47.231711668896914, "sun_azimuth": 65.93166368079218, "focal_spot": {"HeliOS": [50.9133920109442, 6.387831212614355, 122.43093646317296], "UTIS": [50.91339201685221, 6.3878325978672645, 122.2687873840332]}}