{"motor_position": {"axis_1_motor_position": 45285, "axis_2_motor_position": 33169}, "target_name": "solar_tower_juelich_lower", "sun_elevation": 48.83263636576003, "sun_azimuth": 62.893687951447, "focal_spot": {"HeliOS": [50.913392010607154, 6.3878309689804915, 122.74314373417296], "UTIS": [50.91339201967874, 6.387831748309377, 122.66643524169922]}}