{"motor_position": {"axis_1_motor_position": 45043, "axis_2_motor_position": 35871}, "target_name": "solar_tower_juelich_lower", "sun_elevation": 52.418610130631286, "sun_azimuth": 55.11619548160214, "focal_spot": {"HeliOS": [50.91339201133314, 6.387830271329808, 123.11701149978272], "UTIS": [50.913392020567834, 6.387831481075628, 123.0168228149414]}}