{"motor_position": {"axis_1_motor_position": 44824, "axis_2_motor_position": 38777}, "target_name": "solar_tower_juelich_lower", "sun_elevation": 55.947936127960595, "sun_azimuth": 45.40007358013777, "focal_spot": {"HeliOS": [50.913392012096025, 6.387829725063781, 123.34156297860808], "UTIS": [50.91339202358866, 6.387830573114807, 123.22391891479492]}}