{"motor_position": {"axis_1_motor_position": 44545, "axis_2_motor_position": 43136}, "target_name": "solar_tower_juelich_lower", "sun_elevation": 60.16063709620529, "sun_azimuth": 27.579567254214624, "focal_spot": {"HeliOS": [50.91339201114212, 6.3878296908559715, 123.63913997540465], "UTIS": [50.913392023908884, 6.387830476869301, 123.52959823608398]}}