{"motor_position": {"axis_1_motor_position": 44419, "axis_2_motor_position": 45544}, "target_name": "solar_tower_juelich_lower", "sun_elevation": 61.6469410400486, "sun_azimuth": 15.983623857899241, "focal_spot": {"HeliOS": [50.91339201489075, 6.387828301044352, 123.67015108485272], "UTIS": [50.913392028612364, 6.387829063150893, 123.61904907226562]}}