{"motor_position": {"axis_1_motor_position": 44308, "axis_2_motor_position": 47908}, "target_name": "solar_tower_juelich_lower", "sun_elevation": 62.3310311777865, "sun_azimuth": 3.6354298859683905, "focal_spot": {"HeliOS": [50.91339201366581, 6.3878286469812045, 123.74242804889292], "UTIS": [50.91339202718286, 6.3878294928165245, 123.63226318359376]}}