{"motor_position": {"axis_1_motor_position": 44212, "axis_2_motor_position": 50253}, "target_name": "solar_tower_juelich_lower", "sun_elevation": 62.14047156970069, "sun_azimuth": -9.041927932169354, "focal_spot": {"HeliOS": [50.913392015655255, 6.387827976647011, 123.7064704272662], "UTIS": [50.91339203036315, 6.387828536921096, 123.65201568603516]}}