{"motor_position": {"axis_1_motor_position": 44133, "axis_2_motor_position": 52546}, "target_name": "solar_tower_juelich_lower", "sun_elevation": 61.07874745847375, "sun_azimuth": -21.282393948143135, "focal_spot": {"HeliOS": [50.9133920164402, 6.387827787770005, 123.63709529887628], "UTIS": [50.91339203102646, 6.387828337548378, 123.59011459350586]}}