{"motor_position": {"axis_1_motor_position": 44048, "axis_2_motor_position": 57797}, "target_name": "solar_tower_juelich_lower", "sun_elevation": 55.72855625869372, "sun_azimuth": -46.27273535888414, "focal_spot": {"HeliOS": [50.91339202560256, 6.387825641003444, 122.84604592376402], "UTIS": [50.91339203933228, 6.38782584107055, 122.6908721923828]}}