{"motor_position": {"axis_1_motor_position": 43971, "axis_2_motor_position": 65812}, "target_name": "solar_tower_juelich_lower", "sun_elevation": 41.69956342889922, "sun_azimuth": -75.20429230511374, "focal_spot": {"HeliOS": [50.91339201968947, 6.387827173311287, 123.23637463538496], "UTIS": [50.9133920351238, 6.387827106015387, 123.15773391723631]}}