{"motor_position": {"axis_1_motor_position": 44391, "axis_2_motor_position": 72943}, "target_name": "solar_tower_juelich_lower", "sun_elevation": 25.53429881300559, "sun_azimuth": -96.23300728107174, "focal_spot": {"HeliOS": [50.91339201207508, 6.3878303493974515, 122.83722327367728], "UTIS": [50.91339202559003, 6.387829971572755, 122.76879501342772]}}