{"motor_position": {"axis_1_motor_position": 43628, "axis_2_motor_position": 49575}, "target_name": "solar_tower_juelich_upper", "sun_elevation": 62.35802156080007, "sun_azimuth": -5.736793695124883, "focal_spot": {"HeliOS": [50.9133920143855, 6.3878301584051735, 129.6842774828156], "UTIS": [50.91339202455845, 6.387830281628993, 129.70855331420898]}}