{"motor_position": {"axis_1_motor_position": 43184, "axis_2_motor_position": 67457}, "target_name": "solar_tower_juelich_upper", "sun_elevation": 37.86529094726528, "sun_azimuth": -80.78696674273638, "focal_spot": {"HeliOS": [50.91339201072745, 6.387831207344927, 129.30280407477005], "UTIS": [50.913392022083706, 6.387831025456151, 129.33682250976562]}}