{"motor_position": {"axis_1_motor_position": 43647, "axis_2_motor_position": 46240}, "target_name": "solar_tower_juelich_upper", "sun_elevation": 62.08375594747974, "sun_azimuth": 12.670956066209849, "focal_spot": {"HeliOS": [50.91339203405865, 6.387820920719617, 130.63451674587992], "UTIS": [50.91339205831114, 6.387820136533419, 130.72029876708984]}}