{"motor_position": {"axis_1_motor_position": 43984, "axis_2_motor_position": 41753}, "target_name": "solar_tower_juelich_upper", "sun_elevation": 59.152855061563315, "sun_azimuth": 33.8237781859329, "focal_spot": {"HeliOS": [50.91339201736527, 6.387828120188869, 129.50596352799715], "UTIS": [50.913392029703196, 6.387828735283594, 129.5375633239746]}}