{"motor_position": {"axis_1_motor_position": 43161, "axis_2_motor_position": 62137}, "target_name": "solar_tower_juelich_upper", "sun_elevation": 48.60979554221473, "sun_azimuth": -63.734026947840455, "focal_spot": {"HeliOS": [50.913392018446395, 6.387828413072206, 129.89680921913674], "UTIS": [50.913392031125895, 6.387828307662136, 129.91930389404297]}}