{"motor_position": {"axis_1_motor_position": 44956, "axis_2_motor_position": 27826}, "target_name": "solar_tower_juelich_upper", "sun_elevation": 41.14808299586404, "sun_azimuth": 76.23173021865209, "focal_spot": {"HeliOS": [50.91339201663786, 6.3878275132286, 129.04476790195503], "UTIS": [50.91339203307702, 6.387827721212364, 129.02681732177734]}}