{"motor_position": {"axis_1_motor_position": 44065, "axis_2_motor_position": 41305}, "target_name": "solar_tower_juelich_upper", "sun_elevation": 58.584984576118444, "sun_azimuth": 35.58497801514811, "focal_spot": {"HeliOS": [50.913392016108226, 6.387828927644818, 129.56168830959973], "UTIS": [50.91339202684048, 6.387829595726775, 129.64510345458984]}}