{"motor_position": {"axis_1_motor_position": 45126, "axis_2_motor_position": 35281}, "target_name": "solar_tower_juelich_lower", "sun_elevation": 51.54758068308066, "sun_azimuth": 56.84901325358148, "focal_spot": {"HeliOS": [50.913392010607495, 6.387830385559476, 123.23341927509244], "UTIS": [50.91339202339067, 6.387830632626269, 123.17341232299805]}}