{"motor_position": {"axis_1_motor_position": 45729, "axis_2_motor_position": 28610}, "target_name": "solar_tower_juelich_lower", "sun_elevation": 42.218673447089465, "sun_azimuth": 73.95292236745405, "focal_spot": {"HeliOS": [50.91339201031196, 6.387830740842155, 123.02434545407452], "UTIS": [50.91339202252138, 6.387830893910566, 122.96308135986328]}}