{"motor_position": {"axis_1_motor_position": 45520, "axis_2_motor_position": 23697}, "target_name": "solar_tower_juelich_upper", "sun_elevation": 34.807446305530675, "sun_azimuth": 84.27753485298757, "focal_spot": {"HeliOS": [50.91339201847704, 6.387826972722591, 129.24887959398205], "UTIS": [50.91339203291158, 6.387827770943675, 129.33124160766602]}}