{"motor_position": {"axis_1_motor_position": 45082, "axis_2_motor_position": 36923}, "target_name": "solar_tower_juelich_lower", "sun_elevation": 53.462056489610475, "sun_azimuth": 51.49998821067395, "focal_spot": {"HeliOS": [50.91339201090902, 6.3878301142924565, 123.36758623479328], "UTIS": [50.91339202233912, 6.387830948689588, 123.28874206542967]}}