{"motor_position": {"axis_1_motor_position": 44366, "axis_2_motor_position": 50216}, "target_name": "solar_tower_juelich_lower", "sun_elevation": 61.8161332780012, "sun_azimuth": -8.714815237966267, "focal_spot": {"HeliOS": [50.913392010097894, 6.38783012664293, 123.59102482778528], "UTIS": [50.913392022979984, 6.387830756062972, 123.52965927124023]}}