{"motor_position": {"axis_1_motor_position": 44108, "axis_2_motor_position": 63370}, "target_name": "solar_tower_juelich_lower", "sun_elevation": 46.26296360240651, "sun_azimuth": -66.88975864006359, "focal_spot": {"HeliOS": [50.91339202106393, 6.387826433013082, 123.41945006880422], "UTIS": [50.91339203836846, 6.387826130766447, 123.3646469116211]}}