{"motor_position": {"axis_1_motor_position": 44462, "axis_2_motor_position": 71213}, "target_name": "solar_tower_juelich_lower", "sun_elevation": 29.48439566181105, "sun_azimuth": -90.80741028382397, "focal_spot": {"HeliOS": [50.91339201119372, 6.387830612955364, 122.87302285812468], "UTIS": [50.91339202407869, 6.387830425829449, 122.86896514892578]}}