{"motor_position": {"axis_1_motor_position": 46293, "axis_2_motor_position": 25765}, "target_name": "solar_tower_juelich_lower", "sun_elevation": 37.66645853002977, "sun_azimuth": 79.3740908476106, "focal_spot": {"HeliOS": [50.91339201305802, 6.387829222046088, 123.4684069725762], "UTIS": [50.91339202665943, 6.387829650143066, 123.38684844970705]}}