{"motor_position": {"axis_1_motor_position": 46011, "axis_2_motor_position": 30548}, "target_name": "solar_tower_juelich_lower", "sun_elevation": 44.196712647788, "sun_azimuth": 68.29784512884467, "focal_spot": {"HeliOS": [50.91339201223993, 6.387829442141455, 123.5250035071992], "UTIS": [50.91339202672806, 6.3878296295183015, 123.44049453735352]}}