{"motor_position": {"axis_1_motor_position": 44756, "axis_2_motor_position": 49654}, "target_name": "solar_tower_juelich_lower", "sun_elevation": 60.93577745067322, "sun_azimuth": -5.509753328838535, "focal_spot": {"HeliOS": [50.91339201537724, 6.387827914455678, 123.8264768025947], "UTIS": [50.913392032474306, 6.3878279023739974, 123.78401184082033]}}