{"motor_position": {"axis_1_motor_position": 44242, "axis_2_motor_position": 49873}, "target_name": "solar_tower_juelich_upper", "sun_elevation": 60.58856584612987, "sun_azimuth": -6.958507317512907, "focal_spot": {"HeliOS": [50.91339201681605, 6.387830211022864, 130.25449557764273], "UTIS": [50.913392023717584, 6.387830534367101, 130.28616333007812]}}