{"motor_position": {"axis_1_motor_position": 45042, "axis_2_motor_position": 49775}, "target_name": "solar_tower_juelich_lower", "sun_elevation": 60.13724807102509, "sun_azimuth": -5.998000214958456, "focal_spot": {"HeliOS": [50.91339201045052, 6.3878295806716325, 123.92072275058216], "UTIS": [50.913392027858684, 6.387829289684296, 123.90536499023438]}}