{"motor_position": {"axis_1_motor_position": 45056, "axis_2_motor_position": 66361}, "target_name": "solar_tower_juelich_lower", "sun_elevation": 39.148562705136605, "sun_azimuth": -74.65146947820425, "focal_spot": {"HeliOS": [50.91339201321888, 6.387829293389596, 123.3676195165602], "UTIS": [50.91339202798305, 6.387829252302758, 123.31917190551758]}}