{"motor_position": {"axis_1_motor_position": 44420, "axis_2_motor_position": 53759}, "target_name": "solar_tower_juelich_upper", "sun_elevation": 57.78070140566708, "sun_azimuth": -26.198832332279725, "focal_spot": {"HeliOS": [50.913392017499035, 6.387830436110789, 130.4946984948225], "UTIS": [50.91339202319497, 6.387830691446169, 130.53929901123047]}}