{"motor_position": {"axis_1_motor_position": 44852, "axis_2_motor_position": 35494}, "target_name": "multi_focus_tower", "sun_elevation": 46.68511586821263, "sun_azimuth": 58.604245315424095, "focal_spot": {"HeliOS": [50.91339642702967, 6.387581335216582, 138.67331987346574], "UTIS": [50.913396429207516, 6.387581633282911, 138.64849853515625]}}