{"motor_position": {"axis_1_motor_position": 44232, "axis_2_motor_position": 45043}, "target_name": "multi_focus_tower", "sun_elevation": 57.037792286959885, "sun_azimuth": 24.52528188682587, "focal_spot": {"HeliOS": [50.91339642382291, 6.387582176681067, 138.9588781304042], "UTIS": [50.91339642788253, 6.387582031784315, 138.94374084472656]}}