{"motor_position": {"axis_1_motor_position": 43824, "axis_2_motor_position": 53748}, "target_name": "multi_focus_tower", "sun_elevation": 57.86174443394492, "sun_azimuth": -18.356381734528348, "focal_spot": {"HeliOS": [50.91339642972896, 6.387580441805779, 139.178704950466], "UTIS": [50.913396433582996, 6.387580317311622, 139.1693572998047]}}