{"motor_position": {"axis_1_motor_position": 43583, "axis_2_motor_position": 61837}, "target_name": "multi_focus_tower", "sun_elevation": 48.584563035293456, "sun_azimuth": -54.30126680572569, "focal_spot": {"HeliOS": [50.913396432683655, 6.387579608866138, 139.17869935061816], "UTIS": [50.91339643768073, 6.387579084869959, 139.16985702514648]}}