{"motor_position": {"axis_1_motor_position": 43588, "axis_2_motor_position": 69645}, "target_name": "multi_focus_tower", "sun_elevation": 33.07961179849583, "sun_azimuth": -80.73212354435935, "focal_spot": {"HeliOS": [50.91339642063434, 6.387583109509905, 138.90584964814974], "UTIS": [50.913396427961345, 6.387582008081427, 138.882080078125]}}