{"motor_position": {"axis_1_motor_position": 48745, "axis_2_motor_position": 18369}, "target_name": "solar_tower_juelich_lower", "sun_elevation": 25.192677700229968, "sun_azimuth": 90.69680754949691, "focal_spot": {"HeliOS": [50.91339196662074, 6.3878452359289675, 124.47178116140584], "UTIS": [50.91339196831943, 6.38784718488402, 124.46490859985352]}}