{"motor_position": {"axis_1_motor_position": 46973, "axis_2_motor_position": 37124}, "target_name": "solar_tower_juelich_lower", "sun_elevation": 49.60401875287772, "sun_azimuth": 46.46369900619643, "focal_spot": {"HeliOS": [50.91339197384749, 6.387842919880356, 123.91945741525775], "UTIS": [50.91339197809116, 6.387844247940031, 123.88672637939452]}}