{"motor_position": {"axis_1_motor_position": 46767, "axis_2_motor_position": 39646}, "target_name": "solar_tower_juelich_lower", "sun_elevation": 52.2603219501732, "sun_azimuth": 37.973348747345455, "focal_spot": {"HeliOS": [50.91339197459962, 6.387842590602771, 123.9987425720292], "UTIS": [50.91339197942933, 6.3878438457401865, 123.97187423706056]}}