{"motor_position": {"axis_1_motor_position": 46640, "axis_2_motor_position": 41622}, "target_name": "solar_tower_juelich_lower", "sun_elevation": 54.04405842616456, "sun_azimuth": 30.564247132483313, "focal_spot": {"HeliOS": [50.913391978168555, 6.38784137794437, 123.8758907568032], "UTIS": [50.913391983629474, 6.387842583354803, 123.8239631652832]}}