{"motor_position": {"axis_1_motor_position": 46528, "axis_2_motor_position": 43482}, "target_name": "solar_tower_juelich_lower", "sun_elevation": 55.46410862743914, "sun_azimuth": 22.62594039525066, "focal_spot": {"HeliOS": [50.91339192909352, 6.3878592566038845, 124.29512920099606], "UTIS": [50.91339192467122, 6.387860303328739, 124.15598678588869]}}