{"motor_position": {"axis_1_motor_position": 46140, "axis_2_motor_position": 55198}, "target_name": "solar_tower_juelich_lower", "sun_elevation": 54.024414895412114, "sun_azimuth": -30.528516523015163, "focal_spot": {"HeliOS": [50.913391975915026, 6.38784240449769, 123.5814748106911], "UTIS": [50.91339198279625, 6.387842833787709, 123.54252243041992]}}