{"motor_position": {"axis_1_motor_position": 45869, "axis_2_motor_position": 44807}, "target_name": "multi_focus_tower", "sun_elevation": 52.80928755892225, "sun_azimuth": 23.395263964773928, "focal_spot": {"HeliOS": [50.91339640798726, 6.3875865263018055, 139.25205785639048], "UTIS": [50.91339641874405, 6.387584780261565, 139.2010040283203]}}