{"motor_position": {"axis_1_motor_position": 45736, "axis_2_motor_position": 47000}, "target_name": "multi_focus_tower", "sun_elevation": 53.990941028844574, "sun_azimuth": 14.161838575238864, "focal_spot": {"HeliOS": [50.9133964114432, 6.387585567946791, 139.23149397183718], "UTIS": [50.913396419882375, 6.387584437898579, 139.18563842773438]}}