{"motor_position": {"axis_1_motor_position": 45547, "axis_2_motor_position": 51235}, "target_name": "multi_focus_tower", "sun_elevation": 54.56767834808867, "sun_azimuth": -5.000166472972401, "focal_spot": {"HeliOS": [50.91339640724511, 6.387586626760623, 139.42794193770075], "UTIS": [50.91339641597648, 6.3875856126288655, 139.38671875]}}