{"motor_position": {"axis_1_motor_position": 45415, "axis_2_motor_position": 56580}, "target_name": "multi_focus_tower", "sun_elevation": 51.68127236554929, "sun_azimuth": -29.314135686037257, "focal_spot": {"HeliOS": [50.91339640172383, 6.387588216569437, 139.34506322474405], "UTIS": [50.913396412895914, 6.387586539129711, 139.32297897338867]}}