{"motor_position": {"axis_1_motor_position": 45408, "axis_2_motor_position": 58823}, "target_name": "multi_focus_tower", "sun_elevation": 49.30118156295627, "sun_azimuth": -38.79383040597806, "focal_spot": {"HeliOS": [50.91339640028395, 6.387588706531973, 139.22654423581866], "UTIS": [50.913396411918534, 6.387586833083481, 139.1958465576172]}}