{"motor_position": {"axis_1_motor_position": 45417, "axis_2_motor_position": 60214}, "target_name": "multi_focus_tower", "sun_elevation": 47.50941096250177, "sun_azimuth": -44.381110066701595, "focal_spot": {"HeliOS": [50.91339639744288, 6.387589564335738, 139.1532191938681], "UTIS": [50.91339640938333, 6.387587595562517, 139.1236343383789]}}