{"motor_position": {"axis_1_motor_position": 46875, "axis_2_motor_position": 34057}, "target_name": "multi_focus_tower", "sun_elevation": 41.176235442030084, "sun_azimuth": 58.63756825259981, "focal_spot": {"HeliOS": [50.91339641134698, 6.387585647496315, 139.13572767032576], "UTIS": [50.91339641772142, 6.387585087829582, 139.10134506225586]}}