{"motor_position": {"axis_1_motor_position": 45797, "axis_2_motor_position": 48486}, "target_name": "multi_focus_tower", "sun_elevation": 54.16859910943546, "sun_azimuth": 7.62388085553657, "focal_spot": {"HeliOS": [50.91339641808112, 6.387583737680807, 139.1496703858356], "UTIS": [50.91339642588478, 6.387582632628102, 139.12528610229492]}}