{"motor_position": {"axis_1_motor_position": 47748, "axis_2_motor_position": 49780}, "target_name": "solar_tower_juelich_lower", "sun_elevation": 53.055822851897446, "sun_azimuth": -4.925280679807965, "focal_spot": {"HeliOS": [50.91339198515455, 6.387839049282008, 123.62827512180694], "UTIS": [50.91339199251359, 6.387839913156402, 123.57931900024414]}}