{"motor_position": {"axis_1_motor_position": 46850, "axis_2_motor_position": 49668}, "target_name": "multi_focus_tower", "sun_elevation": 49.50267252453308, "sun_azimuth": -49.2505327746045, "focal_spot": {"HeliOS": [50.91339643547404, 6.3875788019110695, 139.4016577240111], "UTIS": [50.913396439533926, 6.387578527499546, 139.37269973754883]}}