{"motor_position": {"axis_1_motor_position": 47058, "axis_2_motor_position": 53983}, "target_name": "multi_focus_tower", "sun_elevation": 43.274602038415395, "sun_azimuth": -62.92465450063963, "focal_spot": {"HeliOS": [50.913396456654034, 6.38757271239954, 138.73787650926107], "UTIS": [50.9133964582373, 6.387572902186035, 138.6855812072754]}}