{"motor_position": {"axis_1_motor_position": 47068, "axis_2_motor_position": 18507}, "target_name": "multi_focus_tower", "sun_elevation": 43.136718711198085, "sun_azimuth": 67.36789360192743, "focal_spot": {"HeliOS": [50.91339644707739, 6.3875755035563815, 138.80872512687006], "UTIS": [50.913396451647415, 6.38757488419761, 138.6767349243164]}}