{"motor_position": {"axis_1_motor_position": 47253, "axis_2_motor_position": 16226}, "target_name": "multi_focus_tower", "sun_elevation": 39.99594090303516, "sun_azimuth": 72.50046229681081, "focal_spot": {"HeliOS": [50.913396464359515, 6.387570555756461, 138.90999076008603], "UTIS": [50.9133964648835, 6.387570903224449, 138.8102569580078]}}