{"motor_position": {"axis_1_motor_position": 46430, "axis_2_motor_position": 28551}, "target_name": "multi_focus_tower", "sun_elevation": 55.10814205997409, "sun_azimuth": 38.35034227072747, "focal_spot": {"HeliOS": [50.91339645171725, 6.387574258226599, 139.24872555328488], "UTIS": [50.913396454300575, 6.387574086218481, 139.1340103149414]}}