{"motor_position": {"axis_1_motor_position": 46188, "axis_2_motor_position": 35854}, "target_name": "multi_focus_tower", "sun_elevation": 59.61889088569687, "sun_azimuth": 8.151538791242318, "focal_spot": {"HeliOS": [50.91339645706999, 6.387572701430892, 139.07473484400532], "UTIS": [50.9133964571403, 6.387573232128055, 139.01203536987305]}}