{"motor_position": {"axis_1_motor_position": 46083, "axis_2_motor_position": 42446}, "target_name": "multi_focus_tower", "sun_elevation": 58.295649579234485, "sun_azimuth": -22.43856345983914, "focal_spot": {"HeliOS": [50.91339645777847, 6.387572436370428, 138.88488295920695], "UTIS": [50.91339645837003, 6.387572862265381, 138.86831665039062]}}