{"motor_position": {"axis_1_motor_position": 46053, "axis_2_motor_position": 45172}, "target_name": "multi_focus_tower", "sun_elevation": 56.15246189096106, "sun_azimuth": -34.19219909735703, "focal_spot": {"HeliOS": [50.91339644737664, 6.38757544453403, 139.0107156896545], "UTIS": [50.913396449580816, 6.387575505761085, 138.97090530395508]}}