{"motor_position": {"axis_1_motor_position": 46668, "axis_2_motor_position": 53557}, "target_name": "multi_focus_tower", "sun_elevation": 45.623933246601055, "sun_azimuth": -58.29773230831275, "focal_spot": {"HeliOS": [50.91339648646276, 6.387564138540195, 138.83013300073367], "UTIS": [50.91339648085973, 6.387566098047104, 138.79759216308594]}}