{"motor_position": {"axis_1_motor_position": 46805, "axis_2_motor_position": 55712}, "target_name": "multi_focus_tower", "sun_elevation": 42.148198852566296, "sun_azimuth": -64.98036034806486, "focal_spot": {"HeliOS": [50.91339645401849, 6.3875735190625695, 138.89048456518293], "UTIS": [50.913396455028156, 6.387573867387134, 138.8559112548828]}}