{"motor_position": {"axis_1_motor_position": 47424, "axis_2_motor_position": 11400}, "target_name": "multi_focus_tower", "sun_elevation": 31.386854782710515, "sun_azimuth": 84.60043896426313, "focal_spot": {"HeliOS": [50.91339646816118, 6.387569620567533, 139.20290046626926], "UTIS": [50.91339646744593, 6.387570132528051, 139.03055572509766]}}