{"motor_position": {"axis_1_motor_position": 46691, "axis_2_motor_position": 18801}, "target_name": "multi_focus_tower", "sun_elevation": 41.93511250087972, "sun_azimuth": 69.39478760757815, "focal_spot": {"HeliOS": [50.91339642161429, 6.387582946124891, 138.59324168590922], "UTIS": [50.913396429268204, 6.387581615031145, 138.50949096679688]}}