{"motor_position": {"axis_1_motor_position": 46313, "axis_2_motor_position": 24383}, "target_name": "multi_focus_tower", "sun_elevation": 49.21943606572993, "sun_azimuth": 55.371549081702355, "focal_spot": {"HeliOS": [50.91339643380891, 6.387579430645974, 138.15086843163664], "UTIS": [50.9133964412642, 6.387578007093702, 138.1492919921875]}}