{"motor_position": {"axis_1_motor_position": 45948, "axis_2_motor_position": 30480}, "target_name": "multi_focus_tower", "sun_elevation": 55.787035734685034, "sun_azimuth": 35.65714485479864, "focal_spot": {"HeliOS": [50.91339642466273, 6.387581986434468, 138.79768035395583], "UTIS": [50.91339643287993, 6.387580528766328, 138.71182250976562]}}