{"motor_position": {"axis_1_motor_position": 45681, "axis_2_motor_position": 37910}, "target_name": "multi_focus_tower", "sun_elevation": 59.768782646429216, "sun_azimuth": 4.046645782495201, "focal_spot": {"HeliOS": [50.91339642630096, 6.387581287330641, 139.6481217250663]}}