{"motor_position": {"axis_1_motor_position": 45651, "axis_2_motor_position": 44186}, "target_name": "multi_focus_tower", "sun_elevation": 57.910604418143166, "sun_azimuth": -25.02922669444666, "focal_spot": {"HeliOS": [50.91339644553435, 6.387575998860037, 139.30942584122656], "UTIS": [50.91339644719446, 6.387576223492107, 139.27471160888672]}}