{"motor_position": {"axis_1_motor_position": 45687, "axis_2_motor_position": 46953}, "target_name": "multi_focus_tower", "sun_elevation": 55.58913143863941, "sun_azimuth": -36.56453437796598, "focal_spot": {"HeliOS": [50.913396468992346, 6.387569276771039, 139.00153351445073], "UTIS": [50.913396470055034, 6.387569347783483, 138.89522552490234]}}