{
  "heliostat_position": [
    50.91608747464675,
    6.38646914761933,
    88.45088196
  ],
  "height": 2.559999942779541,
  "width": 3.2200000286102295,
  "initial_orientation": [
    0.0,
    -1.0,
    0.0
  ],
  "kinematics_properties": {
    "actuators": [
      {
        "type_axis": "linear",
        "min_increment": 0,
        "max_increment": 68920,
        "increment": 154166.6667,
        "offset_shift": 0,
        "initial_stroke_length": 0.072026889,
        "offset": 0.335308,
        "pivot_radius": 0.338095,
        "radius_shift": 0,
        "clockwise_axis_movement": 0,
        "initial_angle": 0.028914792,
        "min_movement_angle": 0.011739084,
        "max_movement_angle": 1.570796327,
        "movement_speed": 0
      },
      {
        "type_axis": "linear",
        "min_increment": 0,
        "max_increment": 74667,
        "increment": 154166.6667,
        "offset_shift": 0,
        "initial_stroke_length": 0.072026889,
        "offset": 0.340771,
        "pivot_radius": 0.3191,
        "radius_shift": 0,
        "clockwise_axis_movement": 1,
        "initial_angle": 0.970728634,
        "min_movement_angle": -0.95993,
        "max_movement_angle": 0.934193025,
        "movement_speed": 0
      }
    ],
    "joint_translation_e_1": 0.0,
    "joint_translation_n_1": 0.0,
    "joint_translation_u_1": 0.0,
    "joint_translation_e_2": 0.0,
    "joint_translation_n_2": 0.0,
    "joint_translation_u_2": 0.0,
    "concentrator_translation_e": 0.0,
    "concentrator_translation_n": 0.175,
    "concentrator_translation_u": 0.0
  },
  "facet_properties": {
    "canting_type": "receiver canting",
    "number_of_facets": 4,
    "facets": [
      {
        "translation_vector": [
          -0.8075,
          0.6425,
          0.0402
        ],
        "canting_e": [
          0.8024993401260461,
          -0.0,
          -0.0010392813532530075
        ],
        "canting_n": [
          8.353276311661175e-07,
          0.6374996659723032,
          0.0006568987693052591
        ]
      },
      {
        "translation_vector": [
          0.8075,
          0.6425,
          0.0402
        ],
        "canting_e": [
          0.8024993401260461,
          -0.0,
          0.0010392813532530075
        ],
        "canting_n": [
          -8.353276311661175e-07,
          0.6374996659723032,
          0.0006568987693052591
        ]
      },
      {
        "translation_vector": [
          -0.8075,
          -0.6425,
          0.0402
        ],
        "canting_e": [
          0.8024993401260461,
          -0.0,
          -0.0010392813532530075
        ],
        "canting_n": [
          -8.353276311661175e-07,
          0.6374996659723032,
          -0.0006568987693052591
        ]
      },
      {
        "translation_vector": [
          0.8075,
          -0.6425,
          0.0402
        ],
        "canting_e": [
          0.8024993401260461,
          -0.0,
          0.0010392813532530075
        ],
        "canting_n": [
          8.353276311661175e-07,
          0.6374996659723032,
          -0.0006568987693052591
        ]
      }
    ]
  },
  "renovation": "2023-01-02/2023-01-29"
}