{"motor_position": {"axis_1_motor_position": 56795, "axis_2_motor_position": 25767}, "target_name": "solar_tower_juelich_lower", "sun_elevation": 26.853316648839968, "sun_azimuth": 32.702901091863914, "focal_spot": {"HeliOS": [50.91339207064841, 6.387811406061733, 122.15038497754466], "UTIS": [50.91339208468659, 6.38781220863724, 122.0910873413086]}}