{"motor_position": {"axis_1_motor_position": 56194, "axis_2_motor_position": 30468}, "target_name": "solar_tower_juelich_lower", "sun_elevation": 30.121544417152126, "sun_azimuth": 19.986436233487506, "focal_spot": {"HeliOS": [50.91339202332338, 6.387825786149681, 123.30915702624856], "UTIS": [50.9133920363706, 6.387826731264381, 123.24585723876952]}}