{"motor_position": {"axis_1_motor_position": 56283, "axis_2_motor_position": 29373}, "target_name": "solar_tower_juelich_lower", "sun_elevation": 29.503331857974555, "sun_azimuth": 22.980952074176443, "focal_spot": {"HeliOS": [50.913392021106944, 6.387826625093305, 123.2706845754167], "UTIS": [50.913392033111855, 6.387827710744043, 123.22743225097656]}}