{"motor_position": {"axis_1_motor_position": 56122, "axis_2_motor_position": 31532}, "target_name": "solar_tower_juelich_lower", "sun_elevation": 30.65061431987393, "sun_azimuth": 16.985976079866816, "focal_spot": {"HeliOS": [50.913392016281485, 6.387828236379315, 123.34386239363944], "UTIS": [50.913392028378205, 6.387829133534089, 123.24739074707033]}}