{"motor_position": {"axis_1_motor_position": 56044, "axis_2_motor_position": 40119}, "target_name": "solar_tower_juelich_lower", "sun_elevation": 31.678558009512745, "sun_azimuth": -8.20081208974054, "focal_spot": {"HeliOS": [50.91339202502219, 6.387824660417306, 123.66420686830892], "UTIS": [50.91339203911846, 6.387825905338184, 123.58092498779295]}}