{"motor_position": {"axis_1_motor_position": 56291, "axis_2_motor_position": 43121}, "target_name": "solar_tower_juelich_lower", "sun_elevation": 30.567420569682625, "sun_azimuth": -17.30119719887289, "focal_spot": {"HeliOS": [50.91339201544426, 6.387828584466498, 123.30478813103122], "UTIS": [50.91339202547338, 6.387830006632142, 123.21231079101562]}}