{"motor_position": {"axis_1_motor_position": 58508, "axis_2_motor_position": 54264}, "target_name": "solar_tower_juelich_lower", "sun_elevation": 19.630023022366135, "sun_azimuth": -49.62566684880112, "focal_spot": {"HeliOS": [50.91339200940417, 6.387831075386604, 123.01003039198856], "UTIS": [50.91339201966598, 6.387831752146859, 122.90703582763672]}}