{"motor_position": {"axis_1_motor_position": 60299, "axis_2_motor_position": 53663}, "target_name": "solar_tower_juelich_lower", "sun_elevation": 15.49800359754297, "sun_azimuth": -46.501341428525606, "focal_spot": {"HeliOS": [50.91339200944429, 6.387830407837002, 123.55329955177211], "UTIS": [50.913392028145424, 6.3878292034969215, 123.39965438842772]}}