{"motor_position": {"axis_1_motor_position": 59078, "axis_2_motor_position": 21989}, "target_name": "solar_tower_juelich_upper", "sun_elevation": 17.704089807550382, "sun_azimuth": 40.432535237765244, "focal_spot": {"HeliOS": [50.913392018235506, 6.387826216118067, 128.81029692971245], "UTIS": [50.913392039647086, 6.387825746448852, 128.79471969604492]}}