{"motor_position": {"axis_1_motor_position": 59650, "axis_2_motor_position": 31684}, "target_name": "solar_tower_juelich_lower", "sun_elevation": 20.65364822032892, "sun_azimuth": 15.449019441445062, "focal_spot": {"HeliOS": [50.9133920240152, 6.387825469244261, 123.3589962025273], "UTIS": [50.91339204187884, 6.387825075649088, 123.31483840942384]}}