{"motor_position": {"axis_1_motor_position": 62228, "axis_2_motor_position": 54700}, "target_name": "solar_tower_juelich_upper", "sun_elevation": 8.53911208367995, "sun_azimuth": -48.29613894909333, "focal_spot": {"HeliOS": [50.91339202257647, 6.387826195324826, 129.93979047640798], "UTIS": [50.91339203701928, 6.3878265362918825, 130.03826141357422]}}