{"motor_position": {"axis_1_motor_position": 58665, "axis_2_motor_position": 29644}, "target_name": "solar_tower_juelich_upper", "sun_elevation": 21.449959653281514, "sun_azimuth": 21.107527287699988, "focal_spot": {"HeliOS": [50.913392032083166, 6.387820955349049, 129.99598570782177], "UTIS": [50.913392055152286, 6.387821086011579, 129.98109817504883]}}