{"motor_position": {"axis_1_motor_position": 58690, "axis_2_motor_position": 44048}, "target_name": "solar_tower_juelich_upper", "sun_elevation": 21.98435789962358, "sun_azimuth": -18.74685599696927, "focal_spot": {"HeliOS": [50.913392029686, 6.3878225194677904, 130.11219094055733], "UTIS": [50.91339204626894, 6.3878237561049005, 130.09871673583984]}}