{"motor_position": {"axis_1_motor_position": 58302, "axis_2_motor_position": 51276}, "target_name": "multi_focus_tower", "sun_elevation": 19.177029022562866, "sun_azimuth": -35.51397778432341, "focal_spot": {"HeliOS": [50.91339646508748, 6.387570391952092, 139.0040836992565], "UTIS": [50.91339646294478, 6.387571486331752, 138.9496307373047]}}