{"motor_position": {"axis_1_motor_position": 56327, "axis_2_motor_position": 50696}, "target_name": "multi_focus_tower", "sun_elevation": 24.747719190559057, "sun_azimuth": -35.02830335331921, "focal_spot": {"HeliOS": [50.91339646800121, 6.3875694397870255, 138.78039758565808], "UTIS": [50.91339646612864, 6.387570528724254, 138.73702239990234]}}