{"motor_position": {"axis_1_motor_position": 59508, "axis_2_motor_position": 15297}, "target_name": "solar_tower_juelich_lower", "sun_elevation": 14.79881718456823, "sun_azimuth": 56.446434766446714, "focal_spot": {"HeliOS": [50.913392036044065, 6.3878225500278605, 122.4978612185624], "UTIS": [50.91339205208335, 6.387822008451093, 122.3779296875]}}