{"motor_position": {"axis_1_motor_position": 56299, "axis_2_motor_position": 37383}, "target_name": "solar_tower_juelich_lower", "sun_elevation": 31.14859558333836, "sun_azimuth": -0.05760201215434667, "focal_spot": {"HeliOS": [50.913392024930765, 6.387825184148125, 123.33141675728815], "UTIS": [50.91339203969082, 6.387825733302431, 123.31868362426758]}}