{"motor_position": {"axis_1_motor_position": 57064, "axis_2_motor_position": 23807}, "target_name": "solar_tower_juelich_lower", "sun_elevation": 25.08624372999381, "sun_azimuth": 37.24341109791733, "focal_spot": {"HeliOS": [50.91339202470427, 6.387825619757144, 123.08356503917928], "UTIS": [50.913392034586174, 6.387827267609941, 123.03034591674805]}}