{"motor_position": {"axis_1_motor_position": 53138, "axis_2_motor_position": 19931}, "target_name": "solar_tower_juelich_upper", "sun_elevation": 30.35113288014568, "sun_azimuth": 50.33614526551381, "focal_spot": {"HeliOS": [50.9133920226718, 6.38782494339723, 129.3490998096555], "UTIS": [50.91339203832437, 6.38782614402135, 129.3648223876953]}}