{"motor_position": {"axis_1_motor_position": 51247, "axis_2_motor_position": 52300}, "target_name": "multi_focus_tower", "sun_elevation": 36.213084067805106, "sun_azimuth": -45.20810267598482, "focal_spot": {"HeliOS": [50.91339646028156, 6.387571399865527, 138.11345528300728], "UTIS": [50.91339645987549, 6.38757240946972, 138.079833984375]}}