{"motor_position": {"axis_1_motor_position": 51588, "axis_2_motor_position": 54544}, "target_name": "multi_focus_tower", "sun_elevation": 33.183123297886965, "sun_azimuth": -52.05041109733916, "focal_spot": {"HeliOS": [50.913396449607866, 6.387574702405567, 138.43437003134704], "UTIS": [50.913396451480246, 6.387574934478107, 138.4030723571777]}}