{"motor_position": {"axis_1_motor_position": 51391, "axis_2_motor_position": 57506}, "target_name": "multi_focus_tower", "sun_elevation": 30.230924601387578, "sun_azimuth": -61.770055689872194, "focal_spot": {"HeliOS": [50.913396435848966, 6.387578788216378, 138.39816146560668], "UTIS": [50.913396438606874, 6.387578806320352, 138.35906600952148]}}