{"motor_position": {"axis_1_motor_position": 52053, "axis_2_motor_position": 60105}, "target_name": "multi_focus_tower", "sun_elevation": 25.718026162677166, "sun_azimuth": -69.0090772242679, "focal_spot": {"HeliOS": [50.913396448991854, 6.387574882287118, 138.4181386919165], "UTIS": [50.91339645320114, 6.387574416892745, 138.36468887329102]}}