{"motor_position": {"axis_1_motor_position": 53145, "axis_2_motor_position": 63259}, "target_name": "multi_focus_tower", "sun_elevation": 19.687016167995402, "sun_azimuth": -77.56571711784076, "focal_spot": {"HeliOS": [50.9133964462335, 6.387575695455412, 138.36694204344053], "UTIS": [50.9133964486681, 6.3875757802698105, 138.3390007019043]}}