{"motor_position": {"axis_1_motor_position": 54964, "axis_2_motor_position": 66849}, "target_name": "multi_focus_tower", "sun_elevation": 12.117717794812387, "sun_azimuth": -87.3328959795236, "focal_spot": {"HeliOS": [50.913396446845546, 6.387575496137466, 138.24186124172147], "UTIS": [50.91339645155212, 6.387574912863462, 138.19711303710938]}}