{"motor_position": {"axis_1_motor_position": 49396, "axis_2_motor_position": 28930}, "target_name": "multi_focus_tower", "sun_elevation": 42.78761874610429, "sun_azimuth": 34.178561173310456, "focal_spot": {"HeliOS": [50.913396446907235, 6.387575545531854, 138.7527190779711], "UTIS": [50.91339644806053, 6.387575963004428, 138.6967010498047]}}