{"motor_position": {"axis_1_motor_position": 49204, "axis_2_motor_position": 34185}, "target_name": "multi_focus_tower", "sun_elevation": 46.27316324789723, "sun_azimuth": 17.234124084261566, "focal_spot": {"HeliOS": [50.91339643717254, 6.387578341719337, 139.20714824370123], "UTIS": [50.91339643835088, 6.387578883314056, 139.16376495361328]}}