{"motor_position": {"axis_1_motor_position": 49194, "axis_2_motor_position": 38569}, "target_name": "multi_focus_tower", "sun_elevation": 47.405723617667974, "sun_azimuth": 1.6018802164308004, "focal_spot": {"HeliOS": [50.91339643168477, 6.387579865629755, 139.33135605457778], "UTIS": [50.91339643101483, 6.3875810897165834, 139.32618713378906]}}