{"motor_position": {"axis_1_motor_position": 49419, "axis_2_motor_position": 44884}, "target_name": "multi_focus_tower", "sun_elevation": 45.63958008183575, "sun_azimuth": -21.624502532746455, "focal_spot": {"HeliOS": [50.913396462197746, 6.387571295775146, 139.1953442734722], "UTIS": [50.91339646193443, 6.387571790211444, 139.15647888183594]}}