{"motor_position": {"axis_1_motor_position": 49876, "axis_2_motor_position": 17851}, "target_name": "solar_tower_juelich_upper", "sun_elevation": 35.203705881225886, "sun_azimuth": 59.68030814489267, "focal_spot": {"HeliOS": [50.913392031119315, 6.3878199901294295, 129.05700017025907], "UTIS": [50.91339205782467, 6.387820282750927, 129.05416870117188]}}