{"motor_position": {"axis_1_motor_position": 48738, "axis_2_motor_position": 50234}, "target_name": "multi_focus_tower", "sun_elevation": 43.58263414795024, "sun_azimuth": -41.779730659193945, "focal_spot": {"HeliOS": [50.913396478458296, 6.38756660407376, 139.0392436662858], "UTIS": [50.91339647469926, 6.387567950940326, 138.98637771606445]}}