{"motor_position": {"axis_1_motor_position": 49220, "axis_2_motor_position": 54321}, "target_name": "multi_focus_tower", "sun_elevation": 38.19825793387993, "sun_azimuth": -54.85422043892036, "focal_spot": {"HeliOS": [50.913396467130866, 6.3875697776282125, 138.94335585995225], "UTIS": [50.91339646770227, 6.387570055425866, 138.88706970214844]}}