{"motor_position": {"axis_1_motor_position": 50057, "axis_2_motor_position": 58969}, "target_name": "multi_focus_tower", "sun_elevation": 30.62721708720484, "sun_azimuth": -68.32547734311527, "focal_spot": {"HeliOS": [50.913396467069795, 6.387569646140122, 138.6618724566249], "UTIS": [50.91339646674539, 6.387570343223395, 138.60361862182617]}}