{"motor_position": {"axis_1_motor_position": 52129, "axis_2_motor_position": 65530}, "target_name": "multi_focus_tower", "sun_elevation": 17.824887308371004, "sun_azimuth": -85.9951459486465, "focal_spot": {"HeliOS": [50.91339644461761, 6.3875761803727125, 138.40391555920513], "UTIS": [50.91339644785017, 6.387576026275407, 138.3818359375]}}