{"motor_position": {"axis_1_motor_position": 48174, "axis_2_motor_position": 25359}, "target_name": "multi_focus_tower", "sun_elevation": 42.583933507128016, "sun_azimuth": 46.42655344504749, "focal_spot": {"HeliOS": [50.913396451995176, 6.387574054108547, 138.68801405883698], "UTIS": [50.913396454263605, 6.387574097337686, 138.6192169189453]}}