{"motor_position": {"axis_1_motor_position": 47938, "axis_2_motor_position": 30510}, "target_name": "multi_focus_tower", "sun_elevation": 47.41515029529666, "sun_azimuth": 30.902697304312664, "focal_spot": {"HeliOS": [50.913396449204264, 6.387574929360198, 139.04551559912323], "UTIS": [50.913396449604335, 6.3875754986827635, 138.9836311340332]}}