{"motor_position": {"axis_1_motor_position": 47976, "axis_2_motor_position": 42591}, "target_name": "multi_focus_tower", "sun_elevation": 50.24995481233748, "sun_azimuth": -14.177474315289645, "focal_spot": {"HeliOS": [50.913396454974865, 6.3875733541607005, 139.28522161444744], "UTIS": [50.91339645506729, 6.3875738556170525, 139.23780059814453]}}