{"motor_position": {"axis_1_motor_position": 48200, "axis_2_motor_position": 46979}, "target_name": "multi_focus_tower", "sun_elevation": 47.47637609176804, "sun_azimuth": -30.819432479585227, "focal_spot": {"HeliOS": [50.913396457393816, 6.387572613291714, 139.08638189633], "UTIS": [50.913396458159305, 6.387572925644841, 139.06854248046875]}}