{"motor_position": {"axis_1_motor_position": 48998, "axis_2_motor_position": 13433}, "target_name": "solar_tower_juelich_upper", "sun_elevation": 31.920188507721655, "sun_azimuth": 71.28027137523058, "focal_spot": {"HeliOS": [50.91339202510983, 6.387823070180723, 129.0268493422211], "UTIS": [50.913392047516574, 6.387823381103032, 129.0478286743164]}}