{"motor_position": {"axis_1_motor_position": 48220, "axis_2_motor_position": 20812}, "target_name": "solar_tower_juelich_upper", "sun_elevation": 41.36228525048134, "sun_azimuth": 54.603357406583825, "focal_spot": {"HeliOS": [50.91339201973796, 6.38782686761842, 129.52052105653888], "UTIS": [50.91339203209798, 6.38782801548476, 129.5181541442871]}}