{"motor_position": {"axis_1_motor_position": 46928, "axis_2_motor_position": 32814}, "target_name": "solar_tower_juelich_upper", "sun_elevation": 54.00366265749244, "sun_azimuth": 17.78167897134467, "focal_spot": {"HeliOS": [50.913392022462105, 6.387826670935742, 130.12853910967368], "UTIS": [50.91339203324983, 6.387827669277554, 130.14800262451172]}}