{"motor_position": {"axis_1_motor_position": 47189, "axis_2_motor_position": 43869}, "target_name": "solar_tower_juelich_upper", "sun_elevation": 52.52706448478669, "sun_azimuth": -27.41144354363839, "focal_spot": {"HeliOS": [50.91339202216755, 6.3878269385403685, 130.17298105944383], "UTIS": [50.913392031519635, 6.387828189317212, 130.17246627807617]}}