{"motor_position": {"axis_1_motor_position": 47270, "axis_2_motor_position": 45303}, "target_name": "solar_tower_juelich_upper", "sun_elevation": 51.3403099713365, "sun_azimuth": -32.93968900103304, "focal_spot": {"HeliOS": [50.913392021332356, 6.3878273284440645, 130.13421795782753], "UTIS": [50.913392030629666, 6.387828456815381, 130.17839813232422]}}