{"motor_position": {"axis_1_motor_position": 46410, "axis_2_motor_position": 23231}, "target_name": "multi_focus_tower", "sun_elevation": 43.895358744149995, "sun_azimuth": 55.31543536366612, "focal_spot": {"HeliOS": [50.91339642683739, 6.387581314247172, 138.95859862864307], "UTIS": [50.91339643050617, 6.387581242700548, 138.86284637451172]}}