{"motor_position": {"axis_1_motor_position": 46259, "axis_2_motor_position": 27486}, "target_name": "multi_focus_tower", "sun_elevation": 48.69297968491841, "sun_azimuth": 43.2110928272864, "focal_spot": {"HeliOS": [50.91339642830315, 6.387580852211769, 139.14176571692445], "UTIS": [50.91339643143376, 6.3875809637170216, 139.08212280273438]}}