{"motor_position": {"axis_1_motor_position": 46035, "axis_2_motor_position": 36838}, "target_name": "solar_tower_juelich_upper", "sun_elevation": 57.473797669945704, "sun_azimuth": 1.4658048881906907, "focal_spot": {"HeliOS": [50.91339202171457, 6.38782745133447, 130.28338755154095], "UTIS": [50.91339202933335, 6.387828846448494, 130.27865600585938]}}