{"motor_position": {"axis_1_motor_position": 46084, "axis_2_motor_position": 39006}, "target_name": "solar_tower_juelich_upper", "sun_elevation": 57.27779975682143, "sun_azimuth": -8.125170079299327, "focal_spot": {"HeliOS": [50.913392020780144, 6.387827873707699, 130.2332140311932], "UTIS": [50.9133920275192, 6.387829391723316, 130.2413444519043]}}