{"motor_position": {"axis_1_motor_position": 46157, "axis_2_motor_position": 41392}, "target_name": "solar_tower_juelich_upper", "sun_elevation": 56.39842866060557, "sun_azimuth": -18.540625050750727, "focal_spot": {"HeliOS": [50.913392018095564, 6.38782938230952, 130.21810031088896], "UTIS": [50.91339202256312, 6.3878308813607845, 130.24594116210938]}}