{"motor_position": {"axis_1_motor_position": 48768, "axis_2_motor_position": 63531}, "target_name": "solar_tower_juelich_upper", "sun_elevation": 24.63157953611498, "sun_azimuth": -89.31495965994615, "focal_spot": {"HeliOS": [50.9133920106208, 6.387831234084462, 129.29051123886103], "UTIS": [50.91339201907977, 6.38783192833875, 129.37462615966797]}}