{"motor_position": {"axis_1_motor_position": 46963, "axis_2_motor_position": 18155}, "target_name": "solar_tower_juelich_lower", "sun_elevation": 42.16410042651049, "sun_azimuth": 64.40918952055864, "focal_spot": {"HeliOS": [50.91339200978885, 6.387831230665604, 122.76157472476736], "UTIS": [50.91339201904551, 6.38783193863418, 122.69289779663086]}}