{"motor_position": {"axis_1_motor_position": 47482, "axis_2_motor_position": 52888}, "target_name": "solar_tower_juelich_lower", "sun_elevation": 44.12864518071155, "sun_azimuth": -60.86518290279822, "focal_spot": {"HeliOS": [50.913392008746285, 6.387831126973871, 123.16247052271068], "UTIS": [50.91339201876056, 6.387832024282549, 123.09357452392578]}}