{"motor_position": {"axis_1_motor_position": 45460, "axis_2_motor_position": 46456}, "target_name": "multi_focus_tower", "sun_elevation": 54.41103260517962, "sun_azimuth": -33.08083537882026, "focal_spot": {"HeliOS": [50.913396452705314, 6.387573942295102, 139.08261777800186], "UTIS": [50.913396453959365, 6.387574188840594, 139.03842544555664]}}