{"motor_position": {"axis_1_motor_position": 44094, "axis_2_motor_position": 60442}, "target_name": "solar_tower_juelich_upper", "sun_elevation": 56.49266551055646, "sun_azimuth": -43.22688744250938, "focal_spot": {"HeliOS": [50.91339198743703, 6.387841339065251, 128.6115638610045], "UTIS": [50.9133919899995, 6.387840668787539, 128.6139030456543]}}