{"motor_position": {"axis_1_motor_position": 44005, "axis_2_motor_position": 62470}, "target_name": "solar_tower_juelich_upper", "sun_elevation": 53.56959206910604, "sun_azimuth": -51.926143572345566, "focal_spot": {"HeliOS": [50.913392021040345, 6.387826647098151, 129.75133379356004], "UTIS": [50.91339203998422, 6.3878256451149555, 129.82873916625977]}}