{"motor_position": {"axis_1_motor_position": 44782, "axis_2_motor_position": 65109}, "target_name": "solar_tower_juelich_lower", "sun_elevation": 49.272660425790484, "sun_azimuth": -61.773149490449036, "focal_spot": {"HeliOS": [50.91339202451038, 6.387826429596279, 122.5466991684258], "UTIS": [50.91339204028741, 6.387825553984959, 122.4929656982422]}}