{"motor_position": {"axis_1_motor_position": 44904, "axis_2_motor_position": 67267}, "target_name": "solar_tower_juelich_lower", "sun_elevation": 45.072245404726004, "sun_azimuth": -69.51157683531525, "focal_spot": {"HeliOS": [50.913392033339335, 6.387823802039373, 122.2739308053496], "UTIS": [50.91339204772958, 6.387823317079478, 122.18644332885742]}}