{"motor_position": {"axis_1_motor_position": 45089, "axis_2_motor_position": 69666}, "target_name": "solar_tower_juelich_lower", "sun_elevation": 39.90737248551056, "sun_azimuth": -77.55589232020685, "focal_spot": {"HeliOS": [50.913392026519496, 6.38782645162849, 122.01962297657904], "UTIS": [50.913392038543016, 6.387826078302796, 121.93635940551758]}}