{"motor_position": {"axis_1_motor_position": 45329, "axis_2_motor_position": 71910}, "target_name": "solar_tower_juelich_lower", "sun_elevation": 34.6047473367106, "sun_azimuth": -84.80423703322286, "focal_spot": {"HeliOS": [50.91339199920292, 6.387835772743881, 121.84231395143064], "UTIS": [50.91339200835114, 6.38783515298871, 121.7644386291504]}}