{"motor_position": {"axis_1_motor_position": 45546, "axis_2_motor_position": 73500}, "target_name": "solar_tower_juelich_lower", "sun_elevation": 30.73003982394092, "sun_azimuth": -89.70850216345059, "focal_spot": {"HeliOS": [50.9133920099722, 6.387832422501269, 121.622164784776], "UTIS": [50.9133920138543, 6.387833498939604, 121.49800491333008]}}