{"motor_position": {"axis_1_motor_position": 45556, "axis_2_motor_position": 74942}, "target_name": "solar_tower_juelich_lower", "sun_elevation": 26.982497141026567, "sun_azimuth": -94.26331035859526, "focal_spot": {"HeliOS": [50.9133920177774, 6.387828169518957, 122.99235400851346], "UTIS": [50.91339203378199, 6.387827509323764, 122.9421501159668]}}