{"motor_position": {"axis_1_motor_position": 45498, "axis_2_motor_position": 28386}, "target_name": "solar_tower_juelich_lower", "sun_elevation": 35.35645954856692, "sun_azimuth": 83.98204244434744, "focal_spot": {"HeliOS": [50.91339203982265, 6.387823823742076, 120.7377130785972], "UTIS": [50.913392030329064, 6.387828547165678, 120.63565826416016]}}