{"motor_position": {"axis_1_motor_position": 44857, "axis_2_motor_position": 35542}, "target_name": "solar_tower_juelich_lower", "sun_elevation": 45.97196113442779, "sun_azimuth": 68.18007044560657, "focal_spot": {"HeliOS": [50.913392000206215, 6.387834619200619, 122.68938830182692], "UTIS": [50.91339200998346, 6.3878346623742575, 122.65069961547852]}}