{"motor_position": {"axis_1_motor_position": 44706, "axis_2_motor_position": 38766}, "target_name": "solar_tower_juelich_lower", "sun_elevation": 50.5096588288563, "sun_azimuth": 59.44941996128115, "focal_spot": {"HeliOS": [50.91339200629403, 6.387832143477266, 123.02763732376016], "UTIS": [50.913392018583586, 6.387832077475046, 122.9516372680664]}}