{"motor_position": {"axis_1_motor_position": 44613, "axis_2_motor_position": 41513}, "target_name": "solar_tower_juelich_lower", "sun_elevation": 54.12856653074714, "sun_azimuth": 50.74671200890363, "focal_spot": {"HeliOS": [50.913392008615496, 6.3878311051729035, 123.21997038969404], "UTIS": [50.913392022735515, 6.387830829544624, 123.15553283691406]}}