{"motor_position": {"axis_1_motor_position": 44545, "axis_2_motor_position": 44013}, "target_name": "solar_tower_juelich_lower", "sun_elevation": 57.07948190874562, "sun_azimuth": 41.573270722583565, "focal_spot": {"HeliOS": [50.91339201376544, 6.387829070603491, 123.38990230028487], "UTIS": [50.91339202898396, 6.387828951463934, 123.32781219482422]}}