{"motor_position": {"axis_1_motor_position": 44487, "axis_2_motor_position": 48183}, "target_name": "solar_tower_juelich_lower", "sun_elevation": 60.85212532715222, "sun_azimuth": 23.00201438551124, "focal_spot": {"HeliOS": [50.91339201266855, 6.387829485235449, 123.37056764179836], "UTIS": [50.9133920284228, 6.387829120130026, 123.29511642456056]}}