{"motor_position": {"axis_1_motor_position": 44469, "axis_2_motor_position": 50499}, "target_name": "solar_tower_juelich_lower", "sun_elevation": 62.02952420854659, "sun_azimuth": 10.989244595440946, "focal_spot": {"HeliOS": [50.91339201381437, 6.3878290830332025, 123.3666387372779], "UTIS": [50.913392030733604, 6.387828425573137, 123.30360412597656]}}