{"motor_position": {"axis_1_motor_position": 44462, "axis_2_motor_position": 52752}, "target_name": "solar_tower_juelich_lower", "sun_elevation": 62.361783105101075, "sun_azimuth": -1.5093374639371253, "focal_spot": {"HeliOS": [50.91339201248303, 6.387829586629104, 123.34240725567932], "UTIS": [50.9133920294557, 6.387828809673767, 123.29740524291992]}}