{"motor_position": {"axis_1_motor_position": 44468, "axis_2_motor_position": 54990}, "target_name": "solar_tower_juelich_lower", "sun_elevation": 61.809186207256275, "sun_azimuth": -14.116250719382212, "focal_spot": {"HeliOS": [50.91339201590585, 6.387828426874685, 123.30021063084322], "UTIS": [50.91339203374498, 6.387827520449747, 123.27278137207033]}}