{"motor_position": {"axis_1_motor_position": 44483, "axis_2_motor_position": 57150}, "target_name": "solar_tower_juelich_lower", "sun_elevation": 60.42900651816495, "sun_azimuth": -25.936768829166205, "focal_spot": {"HeliOS": [50.91339201767899, 6.387827811882334, 123.29029125743172], "UTIS": [50.913392035541044, 6.387826980605706, 123.2595100402832]}}