{"motor_position": {"axis_1_motor_position": 44558, "axis_2_motor_position": 62340}, "target_name": "solar_tower_juelich_lower", "sun_elevation": 54.13991730738503, "sun_azimuth": -50.88021958873798, "focal_spot": {"HeliOS": [50.913392021143245, 6.387826653980324, 123.24052492419428], "UTIS": [50.91339204069154, 6.387825432514457, 123.12749862670898]}}