{"motor_position": {"axis_1_motor_position": 44917, "axis_2_motor_position": 69875}, "target_name": "solar_tower_juelich_lower", "sun_elevation": 39.47128362413275, "sun_azimuth": -78.47122023676805, "focal_spot": {"HeliOS": [50.91339201785958, 6.3878280922718345, 123.02957673842349], "UTIS": [50.91339203329225, 6.387827656524373, 122.9250373840332]}}