{"motor_position": {"axis_1_motor_position": 43878, "axis_2_motor_position": 50069}, "target_name": "solar_tower_juelich_upper", "sun_elevation": 61.9817439150814, "sun_azimuth": 12.915562075921391, "focal_spot": {"HeliOS": [50.91339201636194, 6.387828764664963, 129.55070700153485], "UTIS": [50.913392031440495, 6.387828213108238, 129.57699584960938]}}