{"motor_position": {"axis_1_motor_position": 44046, "axis_2_motor_position": 66661}, "target_name": "solar_tower_juelich_upper", "sun_elevation": 46.05396430213811, "sun_azimuth": -68.24330781152686, "focal_spot": {"HeliOS": [50.913392016768, 6.387828340878243, 129.46023645146303], "UTIS": [50.91339203760343, 6.387826360710188, 129.47767639160156]}}