{"motor_position": {"axis_1_motor_position": 44442, "axis_2_motor_position": 74121}, "target_name": "solar_tower_juelich_upper", "sun_elevation": 28.769975968177448, "sun_azimuth": -92.49906316656237, "focal_spot": {"HeliOS": [50.91339200765026, 6.387832444651006, 129.14537669009752], "UTIS": [50.91339201533929, 6.387833052598561, 129.22730255126953]}}