{"motor_position": {"axis_1_motor_position": 43943, "axis_2_motor_position": 41131}, "target_name": "solar_tower_juelich_upper", "sun_elevation": 53.776957147913414, "sun_azimuth": 52.204633675983075, "focal_spot": {"HeliOS": [50.913392016141074, 6.387828606836778, 129.4283309082537], "UTIS": [50.91339203392419, 6.387827466582636, 129.5570297241211]}}