{"motor_position": {"axis_1_motor_position": 43815, "axis_2_motor_position": 55257}, "target_name": "solar_tower_juelich_upper", "sun_elevation": 61.78183123483337, "sun_azimuth": -16.296183464312882, "focal_spot": {"HeliOS": [50.913392013808156, 6.38783106859089, 129.92103493079708], "UTIS": [50.913392024199396, 6.387830389549662, 129.95036697387695]}}