{"motor_position": {"axis_1_motor_position": 44519, "axis_2_motor_position": 75130}, "target_name": "solar_tower_juelich_upper", "sun_elevation": 26.13945053588693, "sun_azimuth": -95.6849149315126, "focal_spot": {"HeliOS": [50.91339200313438, 6.387835660883652, 129.45053764341066], "UTIS": [50.913392005658515, 6.387835962290342, 129.50008010864258]}}