{"motor_position": {"axis_1_motor_position": 44002, "axis_2_motor_position": 38395}, "target_name": "solar_tower_juelich_upper", "sun_elevation": 50.073899531030754, "sun_azimuth": 60.77784634167544, "focal_spot": {"HeliOS": [50.91339201152522, 6.387830838936701, 129.3260550672373], "UTIS": [50.91339202463058, 6.38783025994994, 129.41717147827148]}}