{"motor_position": {"axis_1_motor_position": 43910, "axis_2_motor_position": 46997}, "target_name": "solar_tower_juelich_upper", "sun_elevation": 60.01412477843963, "sun_azimuth": 28.41064014772333, "focal_spot": {"HeliOS": [50.91339201506691, 6.387830206343583, 129.8578472413794], "UTIS": [50.91339202725214, 6.3878294719951425, 129.91232299804688]}}