{"motor_position": {"axis_1_motor_position": 44682, "axis_2_motor_position": 41005}, "target_name": "solar_tower_juelich_lower", "sun_elevation": 53.38367205114099, "sun_azimuth": 52.37552820214494, "focal_spot": {"HeliOS": [50.913392005810785, 6.38783210405809, 123.21236428540476], "UTIS": [50.91339201901954, 6.387831946441353, 123.12034606933594]}}