{"motor_position": {"axis_1_motor_position": 44834, "axis_2_motor_position": 37456}, "target_name": "solar_tower_juelich_lower", "sun_elevation": 48.537658024452575, "sun_azimuth": 63.04421027497645, "focal_spot": {"HeliOS": [50.91339201075997, 6.387830652402739, 122.96702233510943], "UTIS": [50.913392022613344, 6.387830866265112, 122.89101791381836]}}