{"motor_position": {"axis_1_motor_position": 44467, "axis_2_motor_position": 30009}, "target_name": "solar_tower_juelich_upper", "sun_elevation": 37.49164983910936, "sun_azimuth": 80.68004736831038, "focal_spot": {"HeliOS": [50.91339201376619, 6.387829137464319, 129.1027066541246], "UTIS": [50.91339202838207, 6.387829132374708, 129.18032836914062]}}