{"motor_position": {"axis_1_motor_position": 44699, "axis_2_motor_position": 43394}, "target_name": "solar_tower_juelich_lower", "sun_elevation": 56.11297627882641, "sun_azimuth": 43.63918352336851, "focal_spot": {"HeliOS": [50.913392010795725, 6.387830139493324, 123.37979198215449], "UTIS": [50.91339202614866, 6.387829803666024, 123.32210922241212]}}