{"motor_position": {"axis_1_motor_position": 44590, "axis_2_motor_position": 56205}, "target_name": "solar_tower_juelich_lower", "sun_elevation": 60.79974620178373, "sun_azimuth": -20.690237813631665, "focal_spot": {"HeliOS": [50.913392021816186, 6.387825809548254, 123.66794346607736], "UTIS": [50.91339204227442, 6.387824956748207, 123.58240509033205]}}