{"motor_position": {"axis_1_motor_position": 44971, "axis_2_motor_position": 68165}, "target_name": "solar_tower_juelich_lower", "sun_elevation": 42.95653271809835, "sun_azimuth": -72.44146472603515, "focal_spot": {"HeliOS": [50.91339201954316, 6.3878270930062, 123.33328933121696], "UTIS": [50.91339203564024, 6.387826950787259, 123.23359298706056]}}