{"motor_position": {"axis_1_motor_position": 45815, "axis_2_motor_position": 75409}, "target_name": "solar_tower_juelich_lower", "sun_elevation": 25.57924304326225, "sun_azimuth": -95.51704583002207, "focal_spot": {"HeliOS": [50.91339202335237, 6.387826221730449, 122.99184510991756], "UTIS": [50.913392038348626, 6.387826136726068, 122.9539566040039]}}