{"motor_position": {"axis_1_motor_position": 44109, "axis_2_motor_position": 46161}, "target_name": "solar_tower_juelich_upper", "sun_elevation": 58.847514404289306, "sun_azimuth": 31.798671550066373, "focal_spot": {"HeliOS": [50.91339201914682, 6.3878279979213755, 129.88653343453635], "UTIS": [50.9133920359439, 6.387826859521662, 130.01129150390625]}}