{"motor_position": {"axis_1_motor_position": 44282, "axis_2_motor_position": 43215}, "target_name": "solar_tower_juelich_upper", "sun_elevation": 55.559857010312626, "sun_azimuth": 43.62244086182083, "focal_spot": {"HeliOS": [50.91339201961472, 6.387827624887943, 129.8369565284907], "UTIS": [50.9133920374809, 6.387826397545937, 129.9809608459473]}}