{"motor_position": {"axis_1_motor_position": 45075, "axis_2_motor_position": 44453}, "target_name": "solar_tower_juelich_lower", "sun_elevation": 56.435571900489364, "sun_azimuth": 38.44111660925427, "focal_spot": {"HeliOS": [50.91339201210912, 6.387829514996438, 123.50451930829398], "UTIS": [50.91339202776084, 6.387829319095942, 123.44287490844728]}}