{"motor_position": {"axis_1_motor_position": 45117, "axis_2_motor_position": 62477}, "target_name": "solar_tower_juelich_lower", "sun_elevation": 52.73598414501326, "sun_azimuth": -50.21184492833245, "focal_spot": {"HeliOS": [50.91339202265949, 6.387825371321417, 123.7596331220612], "UTIS": [50.91339204514806, 6.387824093016726, 123.71891403198242]}}