{"motor_position": {"axis_1_motor_position": 45145, "axis_2_motor_position": 54661}, "target_name": "solar_tower_juelich_lower", "sun_elevation": 60.15068597471651, "sun_azimuth": -11.992667168580791, "focal_spot": {"HeliOS": [50.91339201495191, 6.387828099615447, 123.80367262793952], "UTIS": [50.91339203510219, 6.387827112510632, 123.77067565917967]}}