{"motor_position": {"axis_1_motor_position": 45016, "axis_2_motor_position": 66800}, "target_name": "solar_tower_juelich_upper", "sun_elevation": 44.11067628289857, "sun_azimuth": -66.62307810751322, "focal_spot": {"HeliOS": [50.91339202518162, 6.387825362667247, 130.24433362495049], "UTIS": [50.913392048582935, 6.38782306057847, 130.34344100952148]}}