{"motor_position": {"axis_1_motor_position": 45784, "axis_2_motor_position": 74215}, "target_name": "solar_tower_juelich_upper", "sun_elevation": 27.05016960546098, "sun_azimuth": -90.77628200672923, "focal_spot": {"HeliOS": [50.91339201524825, 6.3878300597720665, 129.83932160400087], "UTIS": [50.913392027596075, 6.387829368617073, 129.93178176879883]}}