{"motor_position": {"axis_1_motor_position": 44872, "axis_2_motor_position": 58992}, "target_name": "solar_tower_juelich_upper", "sun_elevation": 56.16685017080478, "sun_azimuth": -34.37353024331574, "focal_spot": {"HeliOS": [50.91339202739927, 6.387824944246141, 130.6564492606852], "UTIS": [50.91339204498357, 6.387824142456495, 130.68194198608398]}}