{"motor_position": {"axis_1_motor_position": 44338, "axis_2_motor_position": 40810}, "target_name": "multi_focus_tower", "sun_elevation": 48.66505062661657, "sun_azimuth": 54.22698316861588, "focal_spot": {"HeliOS": [50.91339643179532, 6.387579902180228, 138.91986388482522], "UTIS": [50.913396436487325, 6.387579443803272, 138.8973731994629]}}