{"motor_position": {"axis_1_motor_position": 44172, "axis_2_motor_position": 50043}, "target_name": "multi_focus_tower", "sun_elevation": 57.92701686940796, "sun_azimuth": 17.887369925609665, "focal_spot": {"HeliOS": [50.913396438018005, 6.387578100559124, 139.28101890669683], "UTIS": [50.91339644211848, 6.3875777501587425, 139.2530632019043]}}