{"motor_position": {"axis_1_motor_position": 44176, "axis_2_motor_position": 58292}, "target_name": "multi_focus_tower", "sun_elevation": 56.979664982420154, "sun_azimuth": -24.784157986835933, "focal_spot": {"HeliOS": [50.91339644628819, 6.387575782428102, 139.25699623809405], "UTIS": [50.91339644890616, 6.38757570867299, 139.24110412597656]}}