{"motor_position": {"axis_1_motor_position": 44346, "axis_2_motor_position": 65981}, "target_name": "multi_focus_tower", "sun_elevation": 46.45548068210821, "sun_azimuth": -58.96665922248066, "focal_spot": {"HeliOS": [50.91339644473478, 6.387576199263409, 139.02897000369916], "UTIS": [50.913396449082725, 6.387575655572012, 139.0007438659668]}}