{"motor_position": {"axis_1_motor_position": 44828, "axis_2_motor_position": 73448}, "target_name": "multi_focus_tower", "sun_elevation": 29.972056367296886, "sun_azimuth": -84.8303206361252, "focal_spot": {"HeliOS": [50.91339642914159, 6.387580752493608, 138.5287862153896], "UTIS": [50.91339643399905, 6.387580192179904, 138.48836517333984]}}