{"motor_position": {"axis_1_motor_position": 45639, "axis_2_motor_position": 55201}, "target_name": "solar_tower_juelich_upper", "sun_elevation": 57.08397905566219, "sun_azimuth": -14.843935887843054, "focal_spot": {"HeliOS": [50.91339202481089, 6.387826388167305, 130.61085978094405], "UTIS": [50.913392039335726, 6.387825840039993, 130.67350006103516]}}