{"motor_position": {"axis_1_motor_position": 48999, "axis_2_motor_position": 25195}, "target_name": "solar_tower_juelich_upper", "sun_elevation": 26.223073832524488, "sun_azimuth": 82.91066694064888, "focal_spot": {"HeliOS": [50.913392028424326, 6.387820439105964, 128.42794791744848], "UTIS": [50.9133920568178, 6.387820585396625, 128.4403076171875]}}