{"motor_position": {"axis_1_motor_position": 47443, "axis_2_motor_position": 35776}, "target_name": "solar_tower_juelich_upper", "sun_elevation": 41.130791680477785, "sun_azimuth": 59.93764789808232, "focal_spot": {"HeliOS": [50.91339202618572, 6.387824669272009, 130.18870775543357], "UTIS": [50.913392043381634, 6.387824623951846, 130.22238540649414]}}