{"motor_position": {"axis_1_motor_position": 46910, "axis_2_motor_position": 44020}, "target_name": "solar_tower_juelich_upper", "sun_elevation": 50.73196783606464, "sun_azimuth": 34.57636829510795, "focal_spot": {"HeliOS": [50.91339203005478, 6.387823311944311, 130.6348771143585], "UTIS": [50.91339204850387, 6.387823084349154, 130.67354202270508]}}