{"motor_position": {"axis_1_motor_position": 55126, "axis_2_motor_position": 53557}, "target_name": "solar_tower_juelich_lower", "sun_elevation": 34.12265371944288, "sun_azimuth": -5.852268018753712, "focal_spot": {"HeliOS": [50.91339204763317, 6.387817199862218, 123.29298040184742], "UTIS": [50.913392068015476, 6.38781721964127, 123.24387741088869]}}