{"motor_position": {"axis_1_motor_position": 55637, "axis_2_motor_position": 59844}, "target_name": "solar_tower_juelich_lower", "sun_elevation": 30.6484239734637, "sun_azimuth": -27.803831281221566, "focal_spot": {"HeliOS": [50.913392027042825, 6.387824998021025, 122.94593172642676], "UTIS": [50.91339204317332, 6.387824686565157, 122.92415237426758]}}