{"motor_position": {"axis_1_motor_position": 55318, "axis_2_motor_position": 57124}, "target_name": "solar_tower_juelich_lower", "sun_elevation": 32.71727846253638, "sun_azimuth": -18.341043996403155, "focal_spot": {"HeliOS": [50.91339202711014, 6.387824622426307, 123.18832029082051], "UTIS": [50.913392041361185, 6.387825231243338, 123.0483627319336]}}