{"motor_position": {"axis_1_motor_position": 56131, "axis_2_motor_position": 62555}, "target_name": "solar_tower_juelich_lower", "sun_elevation": 27.7033192969121, "sun_azimuth": -37.123815395555255, "focal_spot": {"HeliOS": [50.9133920238535, 6.387826436794192, 122.70824174346134], "UTIS": [50.913392038259445, 6.387826163534193, 122.65288925170898]}}