{"motor_position": {"axis_1_motor_position": 59582, "axis_2_motor_position": 70993}, "target_name": "solar_tower_juelich_lower", "sun_elevation": 12.802426702406898, "sun_azimuth": -65.36291436055096, "focal_spot": {"HeliOS": [50.91339200128346, 6.387835554743342, 121.33132470934412], "UTIS": [50.91339200402765, 6.387836452474261, 121.17384719848631]}}