{"motor_position": {"axis_1_motor_position": 58655, "axis_2_motor_position": 64937}, "target_name": "solar_tower_juelich_lower", "sun_elevation": 19.605092219699614, "sun_azimuth": -43.76252677922354, "focal_spot": {"HeliOS": [50.91339203048943, 6.387823501795083, 123.14177890868169], "UTIS": [50.91339204636728, 6.387823726550875, 123.02119064331056]}}