{"motor_position": {"axis_1_motor_position": 57324, "axis_2_motor_position": 58332}, "target_name": "solar_tower_juelich_lower", "sun_elevation": 26.700645679538436, "sun_azimuth": -21.717817417780015, "focal_spot": {"HeliOS": [50.913392034599624, 6.387821468191021, 123.5079898071102], "UTIS": [50.91339205447948, 6.387821288238676, 123.41864776611328]}}