{"motor_position": {"axis_1_motor_position": 59817, "axis_2_motor_position": 65365}, "target_name": "solar_tower_juelich_lower", "sun_elevation": 16.445387458299003, "sun_azimuth": -44.60018412710952, "focal_spot": {"HeliOS": [50.9133920343832, 6.387822411093443, 122.96320303562364], "UTIS": [50.91339205332671, 6.387821634730644, 122.87424850463869]}}