{"motor_position": {"axis_1_motor_position": 59333, "axis_2_motor_position": 36806}, "target_name": "solar_tower_juelich_upper", "sun_elevation": 16.910281541906713, "sun_azimuth": 42.203107267783565, "focal_spot": {"HeliOS": [50.913392039557564, 6.387816913148212, 130.12410490468417], "UTIS": [50.913392070707225, 6.387816410556595, 130.1470603942871]}}