{"motor_position": {"axis_1_motor_position": 59757, "axis_2_motor_position": 46071}, "target_name": "solar_tower_juelich_lower", "sun_elevation": 20.421082980122193, "sun_azimuth": 16.79009695623275, "focal_spot": {"HeliOS": [50.913392052648604, 6.387814842141271, 123.59749410791422], "UTIS": [50.91339207931459, 6.387813823362347, 123.54986572265624]}}