{"motor_position": {"axis_1_motor_position": 61905, "axis_2_motor_position": 66497}, "target_name": "solar_tower_juelich_upper", "sun_elevation": 8.99869780795188, "sun_azimuth": -47.462921965640696, "focal_spot": {"HeliOS": [50.91339203566401, 6.387818169325802, 129.4664338109376], "UTIS": [50.913392067850346, 6.38781726927766, 129.4416618347168]}}