{"motor_position": {"axis_1_motor_position": 58754, "axis_2_motor_position": 44368}, "target_name": "solar_tower_juelich_upper", "sun_elevation": 21.299958840671767, "sun_azimuth": 21.76093154833004, "focal_spot": {"HeliOS": [50.91339204315458, 6.387814928660627, 130.180042307432], "UTIS": [50.913392077207206, 6.387814456797527, 130.16427993774414]}}