{"motor_position": {"axis_1_motor_position": 58524, "axis_2_motor_position": 57306}, "target_name": "solar_tower_juelich_upper", "sun_elevation": 22.13723812904212, "sun_azimuth": -17.95761432712804, "focal_spot": {"HeliOS": [50.91339203746261, 6.387817972261059, 130.03074793940368], "UTIS": [50.91339206757775, 6.387817351207193, 130.02110290527344]}}