{"motor_position": {"axis_1_motor_position": 60341, "axis_2_motor_position": 65036}, "target_name": "solar_tower_juelich_upper", "sun_elevation": 13.778417036512092, "sun_azimuth": -43.084337739983006, "focal_spot": {"HeliOS": [50.913392035504074, 6.387818303200098, 129.50060884125554], "UTIS": [50.91339206732481, 6.3878174272381285, 129.47166442871094]}}