{"motor_position": {"axis_1_motor_position": 62355, "axis_2_motor_position": 68964}, "target_name": "solar_tower_juelich_upper", "sun_elevation": 6.506914056995695, "sun_azimuth": -56.116607265788375, "focal_spot": {"HeliOS": [50.91339202868996, 6.387821052462438, 128.9270991256837], "UTIS": [50.91339205719454, 6.387820472157045, 128.8704948425293]}}