{"motor_position": {"axis_1_motor_position": 58125, "axis_2_motor_position": 43790}, "target_name": "solar_tower_juelich_upper", "sun_elevation": 22.843675084129814, "sun_azimuth": 23.687485067756867, "focal_spot": {"HeliOS": [50.91339203956649, 6.3878170670465195, 130.24020536816892], "UTIS": [50.91339207827918, 6.387814134584744, 130.0723419189453]}}