{"motor_position": {"axis_1_motor_position": 57669, "axis_2_motor_position": 55546}, "target_name": "solar_tower_juelich_upper", "sun_elevation": 24.98334313821397, "sun_azimuth": -12.434330565943961, "focal_spot": {"HeliOS": [50.91339203237527, 6.387821280526679, 130.2806439688044], "UTIS": [50.913392055423124, 6.3878210046041035, 130.28093338012695]}}