{"motor_position": {"axis_1_motor_position": 59343, "axis_2_motor_position": 64453}, "target_name": "solar_tower_juelich_upper", "sun_elevation": 16.639250315016362, "sun_azimuth": -41.588910816029504, "focal_spot": {"HeliOS": [50.91339202851182, 6.387822550193705, 129.767203477425], "UTIS": [50.91339205423835, 6.38782136071011, 129.83333587646484]}}