{"motor_position": {"axis_1_motor_position": 57432, "axis_2_motor_position": 52267}, "target_name": "solar_tower_juelich_upper", "sun_elevation": 26.084097411702043, "sun_azimuth": -1.8621163196523836, "focal_spot": {"HeliOS": [50.9133920354793, 6.387819586614005, 130.343009890235], "UTIS": [50.91339206234161, 6.387818925076012, 130.3600616455078]}}