{"motor_position": {"axis_1_motor_position": 58611, "axis_2_motor_position": 62432}, "target_name": "solar_tower_juelich_upper", "sun_elevation": 19.713488636984543, "sun_azimuth": -35.05840463882738, "focal_spot": {"HeliOS": [50.913392024347296, 6.387825184107903, 129.93128195081405], "UTIS": [50.91339204294759, 6.387824754412628, 129.9463005065918]}}