{"motor_position": {"axis_1_motor_position": 57860, "axis_2_motor_position": 60638}, "target_name": "solar_tower_juelich_lower", "sun_elevation": 24.243670376586266, "sun_azimuth": -29.388103604484293, "focal_spot": {"HeliOS": [50.91339202526506, 6.387825278726976, 123.1842501813414], "UTIS": [50.91339204155455, 6.387825173118388, 123.1003761291504]}}