{"motor_position": {"axis_1_motor_position": 56761, "axis_2_motor_position": 40676}, "target_name": "solar_tower_juelich_upper", "sun_elevation": 25.249098079075438, "sun_azimuth": 33.385164324698636, "focal_spot": {"HeliOS": [50.91339203543437, 6.387819099377814, 130.0178407081124], "UTIS": [50.91339206358329, 6.38781855185728, 130.10110092163086]}}