{"motor_position": {"axis_1_motor_position": 56275, "axis_2_motor_position": 43996}, "target_name": "solar_tower_juelich_upper", "sun_elevation": 27.929270148278693, "sun_azimuth": 24.097325936421186, "focal_spot": {"HeliOS": [50.913392034916484, 6.387819526318652, 130.10340470894693], "UTIS": [50.91339206161428, 6.387819143690374, 130.16849899291992]}}