{"motor_position": {"axis_1_motor_position": 56041, "axis_2_motor_position": 46236}, "target_name": "solar_tower_juelich_upper", "sun_elevation": 29.291252937146428, "sun_azimuth": 17.434302721185812, "focal_spot": {"HeliOS": [50.91339203424343, 6.387819982889767, 130.14870691760677], "UTIS": [50.9133920604524, 6.387819492921458, 130.18769073486328]}}