{"motor_position": {"axis_1_motor_position": 55866, "axis_2_motor_position": 48779}, "target_name": "solar_tower_juelich_upper", "sun_elevation": 30.33285937476837, "sun_azimuth": 9.48042977029555, "focal_spot": {"HeliOS": [50.91339202815232, 6.387822499707781, 129.62798457343175], "UTIS": [50.91339205153408, 6.387822173550905, 129.8015480041504]}}