{"motor_position": {"axis_1_motor_position": 55659, "axis_2_motor_position": 50774}, "target_name": "solar_tower_juelich_upper", "sun_elevation": 31.098785936709103, "sun_azimuth": 3.14212209548316, "focal_spot": {"HeliOS": [50.91339203222143, 6.387821274515846, 130.2268229814193], "UTIS": [50.91339205444019, 6.38782130004944, 130.23023223876953]}}