{"motor_position": {"axis_1_motor_position": 57898, "axis_2_motor_position": 66566}, "target_name": "solar_tower_juelich_upper", "sun_elevation": 18.616324218890803, "sun_azimuth": -49.91215275421099, "focal_spot": {"HeliOS": [50.913392024793595, 6.387824153771054, 129.5331191360047], "UTIS": [50.91339204758135, 6.3878233616308675, 129.53194427490234]}}