{"motor_position": {"axis_1_motor_position": 58835, "axis_2_motor_position": 68662}, "target_name": "solar_tower_juelich_upper", "sun_elevation": 14.696376765448495, "sun_azimuth": -56.83907153178018, "focal_spot": {"HeliOS": [50.91339202247027, 6.387824886196454, 129.26346212304057], "UTIS": [50.913392044774845, 6.387824205191847, 129.24736785888672]}}