{"motor_position": {"axis_1_motor_position": 45430, "axis_2_motor_position": 31820}, "target_name": "solar_tower_juelich_upper", "sun_elevation": 39.0491889744539, "sun_azimuth": 74.40688617201926, "focal_spot": {"HeliOS": [50.91339201576367, 6.38782795368059, 129.03777630735524], "UTIS": [50.913392031644406, 6.3878281518170255, 129.12350845336914]}}