{"motor_position": {"axis_1_motor_position": 44668, "axis_2_motor_position": 63713}, "target_name": "solar_tower_juelich_lower", "sun_elevation": 51.726408320036214, "sun_azimuth": -56.42790787694919, "focal_spot": {"HeliOS": [50.913392028580205, 6.387824081234518, 123.20370418310216], "UTIS": [50.91339204747763, 6.387823392805313, 123.13370132446288]}}