{"motor_position": {"axis_1_motor_position": 43831, "axis_2_motor_position": 51549}, "target_name": "solar_tower_juelich_upper", "sun_elevation": 62.34289967462383, "sun_azimuth": 4.622932274762398, "focal_spot": {"HeliOS": [50.91339202146758, 6.387827398725285, 130.19884985263818], "UTIS": [50.913392035764204, 6.387826913531154, 130.23043060302734]}}