{"motor_position": {"axis_1_motor_position": 44174, "axis_2_motor_position": 32857}, "target_name": "solar_tower_juelich_upper", "sun_elevation": 41.989578517106196, "sun_azimuth": 74.80237791141322, "focal_spot": {"HeliOS": [50.91339201422121, 6.387829274417755, 129.2700932353329], "UTIS": [50.91339202704242, 6.387829535028815, 129.34086227416992]}}