{"motor_position": {"axis_1_motor_position": 43779, "axis_2_motor_position": 53861}, "target_name": "solar_tower_juelich_upper", "sun_elevation": 62.31739030264902, "sun_azimuth": -8.475209241198796, "focal_spot": {"HeliOS": [50.91339202352197, 6.387826078941311, 130.13440564990492], "UTIS": [50.913392041431244, 6.387825210184655, 130.2783317565918]}}