{"motor_position": {"axis_1_motor_position": 43900, "axis_2_motor_position": 48945}, "target_name": "solar_tower_juelich_upper", "sun_elevation": 61.28134821753646, "sun_azimuth": 18.606198675057538, "focal_spot": {"HeliOS": [50.9133920149238, 6.387830796755673, 130.06050985063723], "UTIS": [50.91339202397631, 6.387830456603875, 130.09804153442383]}}