{"motor_position": {"axis_1_motor_position": 43030, "axis_2_motor_position": 55922}, "target_name": "multi_focus_tower", "sun_elevation": 61.19763427331569, "sun_azimuth": -12.906298116163978, "focal_spot": {"HeliOS": [50.91339647891444, 6.387566477589172, 139.04370289336163], "UTIS": [50.91339647862879, 6.3875667690503555, 139.01312637329102]}}