{"motor_position": {"axis_1_motor_position": 43018, "axis_2_motor_position": 56875}, "target_name": "multi_focus_tower", "sun_elevation": 60.69550874043304, "sun_azimuth": -18.41064529542734, "focal_spot": {"HeliOS": [50.91339646497178, 6.387570529528305, 139.22746926350322], "UTIS": [50.91339646759984, 6.387570086234194, 139.19977569580078]}}