{"motor_position": {"axis_1_motor_position": 46009, "axis_2_motor_position": 46162}, "target_name": "solar_tower_juelich_upper", "sun_elevation": 54.60082202508175, "sun_azimuth": 27.76077406512093, "focal_spot": {"HeliOS": [50.913392029202726, 6.387822385321625, 129.88911631702632], "UTIS": [50.91339205251118, 6.387821879854808, 129.93524551391602]}}