{"motor_position": {"axis_1_motor_position": 45925, "axis_2_motor_position": 51629}, "target_name": "solar_tower_juelich_upper", "sun_elevation": 57.08042012380638, "sun_azimuth": 2.8395446834237594, "focal_spot": {"HeliOS": [50.91339202486482, 6.387825188251039, 130.07489958901212], "UTIS": [50.913392042420696, 6.387824912779898, 130.12835311889648]}}