{"motor_position": {"axis_1_motor_position": 46281, "axis_2_motor_position": 39494}, "target_name": "multi_focus_tower", "sun_elevation": 43.79353869060541, "sun_azimuth": 53.882207882544655, "focal_spot": {"HeliOS": [50.9133964563554, 6.387572788337694, 138.7040731851904], "UTIS": [50.9133964595352, 6.387572511820631, 138.66556930541992]}}