{"motor_position": {"axis_1_motor_position": 45898, "axis_2_motor_position": 48833}, "target_name": "multi_focus_tower", "sun_elevation": 53.20510839233114, "sun_azimuth": 20.795950630770406, "focal_spot": {"HeliOS": [50.913396460693406, 6.387571736771935, 139.24095948098463], "UTIS": [50.91339646366234, 6.3875712705107235, 139.20995330810547]}}