{"motor_position": {"axis_1_motor_position": 45940, "axis_2_motor_position": 60081}, "target_name": "multi_focus_tower", "sun_elevation": 51.21945215792118, "sun_azimuth": -31.422576991677364, "focal_spot": {"HeliOS": [50.91339647208335, 6.387568528133483, 139.22199518390312], "UTIS": [50.913396471961214, 6.387568774466503, 139.16596603393555]}}