{"motor_position": {"axis_1_motor_position": 46303, "axis_2_motor_position": 41152}, "target_name": "multi_focus_tower", "sun_elevation": 45.63549376190882, "sun_azimuth": 48.69171107183294, "focal_spot": {"HeliOS": [50.91339644995551, 6.387574681283368, 138.86020264084357], "UTIS": [50.913396454744216, 6.387573952788041, 138.8439903259277]}}