{"motor_position": {"axis_1_motor_position": 45980, "axis_2_motor_position": 53183}, "target_name": "multi_focus_tower", "sun_elevation": 54.355479107262184, "sun_azimuth": 1.0236279475955403, "focal_spot": {"HeliOS": [50.91339646150496, 6.387571477686069, 139.16234900718104], "UTIS": [50.913396464764745, 6.387570938941502, 139.13463973999023]}}