{"motor_position": {"axis_1_motor_position": 48271, "axis_2_motor_position": 47533}, "target_name": "solar_tower_juelich_lower", "sun_elevation": 51.75174735691421, "sun_azimuth": 20.104271305341303, "focal_spot": {"HeliOS": [50.913392034345094, 6.387823910505549, 121.96213036634826], "UTIS": [50.91339204602362, 6.387823829844195, 121.85763931274414]}}