{"motor_position": {"axis_1_motor_position": 48941, "axis_2_motor_position": 29956}, "target_name": "multi_focus_tower", "sun_elevation": 28.162125251421525, "sun_azimuth": 73.77910704780399, "focal_spot": {"HeliOS": [50.9133964527579, 6.38757372673427, 138.27584821526196], "UTIS": [50.91339645479444, 6.387573937682196, 138.23113250732422]}}