{"motor_position": {"axis_1_motor_position": 47936, "axis_2_motor_position": 37796}, "target_name": "multi_focus_tower", "sun_elevation": 38.94676926871993, "sun_azimuth": 55.56761843579117, "focal_spot": {"HeliOS": [50.91339644878718, 6.387574987262211, 138.67660101117198], "UTIS": [50.91339645252251, 6.38757462099793, 138.6665382385254]}}