{"motor_position": {"axis_1_motor_position": 47733, "axis_2_motor_position": 65320}, "target_name": "multi_focus_tower", "sun_elevation": 41.015712445162876, "sun_azimuth": -50.90757718234913, "focal_spot": {"HeliOS": [50.913396470559256, 6.38756876660324, 138.89396973069972], "UTIS": [50.913396472655414, 6.387568565669557, 138.87940216064453]}}