{"motor_position": {"axis_1_motor_position": 47560, "axis_2_motor_position": 63513}, "target_name": "multi_focus_tower", "sun_elevation": 43.80287491054546, "sun_azimuth": -43.918787060166515, "focal_spot": {"HeliOS": [50.913396481064474, 6.387565885243215, 139.06835452283173], "UTIS": [50.91339648137955, 6.387565941700258, 139.0258445739746]}}