{"motor_position": {"axis_1_motor_position": 47948, "axis_2_motor_position": 67124}, "target_name": "multi_focus_tower", "sun_elevation": 37.87557709301607, "sun_azimuth": -57.526509666668936, "focal_spot": {"HeliOS": [50.91339646952519, 6.387569006427779, 138.79422824807682], "UTIS": [50.91339647126656, 6.387568983399049, 138.7376708984375]}}