{"motor_position": {"axis_1_motor_position": 48240, "axis_2_motor_position": 69030}, "target_name": "multi_focus_tower", "sun_elevation": 34.17620705000199, "sun_azimuth": -64.23258956168173, "focal_spot": {"HeliOS": [50.91339646501604, 6.387570176274363, 138.52334485187166], "UTIS": [50.91339646758334, 6.387570091197157, 138.47028350830078]}}