{"motor_position": {"axis_1_motor_position": 48576, "axis_2_motor_position": 70737}, "target_name": "multi_focus_tower", "sun_elevation": 30.54170547172087, "sun_azimuth": -70.05537302512197, "focal_spot": {"HeliOS": [50.913396456693015, 6.3875725568403166, 138.30722068349047], "UTIS": [50.9133964597772, 6.387572439030528, 138.23191833496094]}}