{"motor_position": {"axis_1_motor_position": 48963, "axis_2_motor_position": 72407}, "target_name": "multi_focus_tower", "sun_elevation": 26.724371712408615, "sun_azimuth": -75.61629371913405, "focal_spot": {"HeliOS": [50.913396468240336, 6.387569177788417, 138.44037988841723], "UTIS": [50.91339647037397, 6.387569251860014, 138.39228057861328]}}