{"motor_position": {"axis_1_motor_position": 48043, "axis_2_motor_position": 40339}, "target_name": "multi_focus_tower", "sun_elevation": 41.54232411249772, "sun_azimuth": 48.0131523388742, "focal_spot": {"HeliOS": [50.91339645501215, 6.387573086046261, 138.39187507990496], "UTIS": [50.91339645886046, 6.387572714759654, 138.3713722229004]}}