{"motor_position": {"axis_1_motor_position": 47521, "axis_2_motor_position": 50252}, "target_name": "multi_focus_tower", "sun_elevation": 49.931986564020185, "sun_azimuth": 13.025867971865937, "focal_spot": {"HeliOS": [50.913396463002734, 6.387570980938632, 138.99118278116822], "UTIS": [50.913396465534866, 6.387570707309508, 138.97955703735352]}}