{"motor_position": {"axis_1_motor_position": 47470, "axis_2_motor_position": 54328}, "target_name": "multi_focus_tower", "sun_elevation": 50.45701547085471, "sun_azimuth": -4.548936028253379, "focal_spot": {"HeliOS": [50.91339646557689, 6.387570437344689, 139.39382391816622], "UTIS": [50.9133964694355, 6.3875695341250625, 139.36651992797852]}}