{"motor_position": {"axis_1_motor_position": 47527, "axis_2_motor_position": 57749}, "target_name": "multi_focus_tower", "sun_elevation": 49.12271964829102, "sun_azimuth": -19.63417833887266, "focal_spot": {"HeliOS": [50.913396470176004, 6.387569121092648, 139.3242911311646], "UTIS": [50.91339647024521, 6.387569290587386, 139.2990264892578]}}