{"motor_position": {"axis_1_motor_position": 47701, "axis_2_motor_position": 61557}, "target_name": "multi_focus_tower", "sun_elevation": 45.68321323260342, "sun_azimuth": -35.79719146246017, "focal_spot": {"HeliOS": [50.913396471032264, 6.38756881444848, 139.20617782819082], "UTIS": [50.913396471320745, 6.387568967099924, 139.1553192138672]}}