{"motor_position": {"axis_1_motor_position": 51119, "axis_2_motor_position": 32800}, "target_name": "solar_tower_juelich_upper", "sun_elevation": 31.74039588136875, "sun_azimuth": 61.36150929752081, "focal_spot": {"HeliOS": [50.91339202522887, 6.387823507086861, 129.3097375380678], "UTIS": [50.9133920463517, 6.387823731229076, 129.36022186279297]}}