{"motor_position": {"axis_1_motor_position": 50642, "axis_2_motor_position": 35856}, "target_name": "solar_tower_juelich_upper", "sun_elevation": 35.66600775716487, "sun_azimuth": 53.957267123481614, "focal_spot": {"HeliOS": [50.91339202423493, 6.387824359703595, 129.48239877791713], "UTIS": [50.91339204429876, 6.387824348290552, 129.54298782348633]}}