{"motor_position": {"axis_1_motor_position": 49947, "axis_2_motor_position": 42221}, "target_name": "solar_tower_juelich_upper", "sun_elevation": 42.69394847910447, "sun_azimuth": 35.87973272561806, "focal_spot": {"HeliOS": [50.91339203260981, 6.387820272095873, 129.7593119454731], "UTIS": [50.91339205800547, 6.3878202284092165, 129.83607864379883]}}