{"motor_position": {"axis_1_motor_position": 50015, "axis_2_motor_position": 61960}, "target_name": "solar_tower_juelich_upper", "sun_elevation": 41.2500918843658, "sun_azimuth": -40.2350040403519, "focal_spot": {"HeliOS": [50.91339203329038, 6.38782014918359, 129.91859321590098], "UTIS": [50.91339206034219, 6.387819526048544, 129.9532699584961]}}