{"motor_position": {"axis_1_motor_position": 50917, "axis_2_motor_position": 45166}, "target_name": "solar_tower_juelich_lower", "sun_elevation": 43.73407297255779, "sun_azimuth": 25.537972878899506, "focal_spot": {"HeliOS": [50.91339203099751, 6.387823143697813, 123.25895531788], "UTIS": [50.91339204916699, 6.387822885030677, 123.18108367919922]}}