{"motor_position": {"axis_1_motor_position": 50679, "axis_2_motor_position": 52354}, "target_name": "solar_tower_juelich_lower", "sun_elevation": 46.27062579605053, "sun_azimuth": -1.3573723915445957, "focal_spot": {"HeliOS": [50.91339203545204, 6.387821309771847, 123.41864620614535], "UTIS": [50.91339205642809, 6.387820702534708, 123.3090362548828]}}