{"motor_position": {"axis_1_motor_position": 51577, "axis_2_motor_position": 64325}, "target_name": "solar_tower_juelich_lower", "sun_elevation": 36.711953816442175, "sun_azimuth": -47.817806330912155, "focal_spot": {"HeliOS": [50.913392035978184, 6.387821674454496, 123.07687917263728], "UTIS": [50.91339205660131, 6.387820650471079, 123.05773162841795]}}