{"motor_position": {"axis_1_motor_position": 52268, "axis_2_motor_position": 67511}, "target_name": "solar_tower_juelich_lower", "sun_elevation": 31.293811756060773, "sun_azimuth": -58.84879816255533, "focal_spot": {"HeliOS": [50.91339203485336, 6.387822433882336, 122.8425911921992], "UTIS": [50.91339205216229, 6.387821984721088, 122.80475234985352]}}