{"motor_position": {"axis_1_motor_position": 53462, "axis_2_motor_position": 71034}, "target_name": "solar_tower_juelich_lower", "sun_elevation": 24.05905684650029, "sun_azimuth": -70.51107126130925, "focal_spot": {"HeliOS": [50.91339203525331, 6.387822859914658, 122.47159687192334], "UTIS": [50.91339205036237, 6.38782252573129, 122.35702896118164]}}