{"motor_position": {"axis_1_motor_position": 54808, "axis_2_motor_position": 73629}, "target_name": "solar_tower_juelich_lower", "sun_elevation": 17.86428937288768, "sun_azimuth": -79.07300279938511, "focal_spot": {"HeliOS": [50.91339202781071, 6.387825577861357, 122.34498958141184], "UTIS": [50.91339203908873, 6.387825914274226, 122.2203483581543]}}