{"motor_position": {"axis_1_motor_position": 51630, "axis_2_motor_position": 39215}, "target_name": "solar_tower_juelich_lower", "sun_elevation": 37.99329681787505, "sun_azimuth": 43.845339050861824, "focal_spot": {"HeliOS": [50.9133920251128, 6.387825589165755, 123.00409322875912], "UTIS": [50.91339204010572, 6.387825608597868, 122.9362564086914]}}