{"motor_position": {"axis_1_motor_position": 50864, "axis_2_motor_position": 49195}, "target_name": "solar_tower_juelich_lower", "sun_elevation": 45.46131794964368, "sun_azimuth": 10.850512355731233, "focal_spot": {"HeliOS": [50.91339202224102, 6.387826040142376, 123.40087740093908], "UTIS": [50.91339203794229, 6.3878262588610095, 123.2556266784668]}}