{"motor_position": {"axis_1_motor_position": 51028, "axis_2_motor_position": 58482}, "target_name": "solar_tower_juelich_lower", "sun_elevation": 43.26313998103496, "sun_azimuth": -25.766776455445825, "focal_spot": {"HeliOS": [50.913392029233265, 6.387823648010412, 123.33781313293925], "UTIS": [50.9133920485377, 6.387823074179154, 123.31753158569336]}}