{"motor_position": {"axis_1_motor_position": 51010, "axis_2_motor_position": 55435}, "target_name": "solar_tower_juelich_lower", "sun_elevation": 44.803297126443624, "sun_azimuth": -13.621738536512561, "focal_spot": {"HeliOS": [50.91339203379359, 6.387822013361235, 123.3480648035874], "UTIS": [50.913392052956354, 6.387821746044704, 123.21346282958984]}}