{"motor_position": {"axis_1_motor_position": 52267, "axis_2_motor_position": 41429}, "target_name": "solar_tower_juelich_lower", "sun_elevation": 38.19949755516811, "sun_azimuth": 36.21304845103882, "focal_spot": {"HeliOS": [50.913392025896705, 6.387825051208901, 123.18762030534783], "UTIS": [50.913392042052884, 6.387825023334599, 123.11503219604492]}}