{"motor_position": {"axis_1_motor_position": 52083, "axis_2_motor_position": 60443}, "target_name": "solar_tower_juelich_lower", "sun_elevation": 39.235636376019436, "sun_azimuth": -32.53911999950186, "focal_spot": {"HeliOS": [50.91339203321337, 6.387822269766536, 123.31623452429211], "UTIS": [50.913392052980974, 6.387821738647721, 123.2795181274414]}}