{"motor_position": {"axis_1_motor_position": 54002, "axis_2_motor_position": 69190}, "target_name": "solar_tower_juelich_lower", "sun_elevation": 25.646533052388484, "sun_azimuth": -63.110164583261295, "focal_spot": {"HeliOS": [50.91339202919791, 6.3878246833924255, 122.6444980777216], "UTIS": [50.913392043282045, 6.387824653885551, 122.57397079467772]}}