{"motor_position": {"axis_1_motor_position": 52473, "axis_2_motor_position": 62286}, "target_name": "solar_tower_juelich_lower", "sun_elevation": 36.7418898750802, "sun_azimuth": -39.15535109081977, "focal_spot": {"HeliOS": [50.91339202926613, 6.387823952589216, 123.12810605527712], "UTIS": [50.91339204701995, 6.387823530378321, 123.10006713867188]}}