{"motor_position": {"axis_1_motor_position": 53041, "axis_2_motor_position": 43925}, "target_name": "solar_tower_juelich_lower", "sun_elevation": 37.77566746970973, "sun_azimuth": 27.467531830098604, "focal_spot": {"HeliOS": [50.913392034885774, 6.3878216082657255, 123.35882163629246], "UTIS": [50.91339205366416, 6.387821533301824, 123.31028366088869]}}