{"motor_position": {"axis_1_motor_position": 52802, "axis_2_motor_position": 47203}, "target_name": "solar_tower_juelich_lower", "sun_elevation": 39.81290632925547, "sun_azimuth": 16.70803055430718, "focal_spot": {"HeliOS": [50.91339203579762, 6.38782130516727, 123.34605469918168], "UTIS": [50.9133920556962, 6.387820922518628, 123.25933074951172]}}