{"motor_position": {"axis_1_motor_position": 52672, "axis_2_motor_position": 53720}, "target_name": "solar_tower_juelich_lower", "sun_elevation": 40.77729151953837, "sun_azimuth": -6.716840014669455, "focal_spot": {"HeliOS": [50.91339202673832, 6.387824364712324, 123.45103531533518], "UTIS": [50.91339204419747, 6.387824378732757, 123.3690071105957]}}