{"motor_position": {"axis_1_motor_position": 55842, "axis_2_motor_position": 29658}, "target_name": "multi_focus_tower", "sun_elevation": 16.936125431146767, "sun_azimuth": 65.93835693860834, "focal_spot": {"HeliOS": [50.91339646885881, 6.387569086180306, 138.5968792849358], "UTIS": [50.91339647264756, 6.387568568029001, 138.6076774597168]}}