{"motor_position": {"axis_1_motor_position": 53811, "axis_2_motor_position": 37441}, "target_name": "multi_focus_tower", "sun_elevation": 27.11014688592151, "sun_azimuth": 48.18938471569474, "focal_spot": {"HeliOS": [50.91339647410619, 6.3875676635849485, 138.76834033506793], "UTIS": [50.91339647553368, 6.387567699971765, 138.73775482177734]}}