{"motor_position": {"axis_1_motor_position": 54365, "axis_2_motor_position": 34844}, "target_name": "multi_focus_tower", "sun_elevation": 23.93397845946378, "sun_azimuth": 54.43918655556457, "focal_spot": {"HeliOS": [50.91339646001566, 6.3875716699499385, 138.5714817610845], "UTIS": [50.913396463600826, 6.38757128900657, 138.5823974609375]}}