{"motor_position": {"axis_1_motor_position": 53314, "axis_2_motor_position": 55781}, "target_name": "solar_tower_juelich_upper", "sun_elevation": 36.94839019985573, "sun_azimuth": -14.365772599283149, "focal_spot": {"HeliOS": [50.91339202704251, 6.3878243629764, 130.28016916730627], "UTIS": [50.913392045958815, 6.38782384932314, 130.31341171264648]}}