{"motor_position": {"axis_1_motor_position": 55544, "axis_2_motor_position": 64694}, "target_name": "multi_focus_tower", "sun_elevation": 24.363647438825396, "sun_azimuth": -40.6221459530897, "focal_spot": {"HeliOS": [50.91339648628989, 6.387564123618021, 138.75908497002166], "UTIS": [50.913396484691695, 6.387564945500984, 138.70740127563477]}}