{"motor_position": {"axis_1_motor_position": 59970, "axis_2_motor_position": 40206}, "target_name": "solar_tower_juelich_lower", "sun_elevation": 18.25129285607159, "sun_azimuth": 33.097889869528764, "focal_spot": {"HeliOS": [50.91339204882762, 6.387817055207175, 123.13933481558196], "UTIS": [50.91339207026766, 6.3878165426784825, 123.02130508422852]}}