{"motor_position": {"axis_1_motor_position": 62110, "axis_2_motor_position": 62417}, "target_name": "solar_tower_juelich_lower", "sun_elevation": 12.1418998506228, "sun_azimuth": -33.60191670625192, "focal_spot": {"HeliOS": [50.9133920603882, 6.387815052312713, 122.0460377140126], "UTIS": [50.91339207910585, 6.387813886104479, 121.98195266723631]}}