{"motor_position": {"axis_1_motor_position": 61342, "axis_2_motor_position": 59145}, "target_name": "solar_tower_juelich_lower", "sun_elevation": 15.1301192296939, "sun_azimuth": -23.175798179242275, "focal_spot": {"HeliOS": [50.913392040807146, 6.387820318929498, 122.8718648924988], "UTIS": [50.91339205956905, 6.38781975843987, 122.88055419921876]}}