{"motor_position": {"axis_1_motor_position": 62630, "axis_2_motor_position": 64128}, "target_name": "solar_tower_juelich_lower", "sun_elevation": 9.76838804211926, "sun_azimuth": -39.180957812058196, "focal_spot": {"HeliOS": [50.9133920427242, 6.387820231498023, 122.51865853611754], "UTIS": [50.91339205863357, 6.387820039620082, 122.48905181884766]}}