{"motor_position": {"axis_1_motor_position": 60340, "axis_2_motor_position": 42714}, "target_name": "solar_tower_juelich_lower", "sun_elevation": 18.243903363425584, "sun_azimuth": 26.102205197279044, "focal_spot": {"HeliOS": [50.913392055447346, 6.387816941562628, 121.91147962977216], "UTIS": [50.913392069182436, 6.387816868877904, 121.82789993286131]}}