{"motor_position": {"axis_1_motor_position": 57359, "axis_2_motor_position": 34120}, "target_name": "solar_tower_juelich_lower", "sun_elevation": 21.707797689575287, "sun_azimuth": 51.155721164724575, "focal_spot": {"HeliOS": [50.913392043526784, 6.387819463459291, 122.81808734358528], "UTIS": [50.913392060131585, 6.387819589353417, 122.74285507202148]}}