{"motor_position": {"axis_1_motor_position": 53644, "axis_2_motor_position": 49009}, "target_name": "solar_tower_juelich_upper", "sun_elevation": 36.46772345606193, "sun_azimuth": 9.52323109512538, "focal_spot": {"HeliOS": [50.91339202935162, 6.387822209140781, 129.83699815937817], "UTIS": [50.91339205288823, 6.387821766527087, 129.8814468383789]}}