{"motor_position": {"axis_1_motor_position": 53589, "axis_2_motor_position": 50913}, "target_name": "solar_tower_juelich_upper", "sun_elevation": 36.83437300819481, "sun_azimuth": 2.9997851857306874, "focal_spot": {"HeliOS": [50.91339202928958, 6.387822337736718, 129.88963158483816], "UTIS": [50.913392051413254, 6.3878222098645905, 129.95784759521484]}}