{"motor_position": {"axis_1_motor_position": 53841, "axis_2_motor_position": 58187}, "target_name": "solar_tower_juelich_upper", "sun_elevation": 34.55517354201269, "sun_azimuth": -22.870992539243403, "focal_spot": {"HeliOS": [50.91339203112136, 6.387821103350193, 129.76469525200946], "UTIS": [50.91339205863527, 6.387820039111582, 129.79904174804688]}}