{"motor_position": {"axis_1_motor_position": 48552, "axis_2_motor_position": 52020}, "target_name": "solar_tower_juelich_lower", "sun_elevation": 51.88157614994622, "sun_azimuth": 0.46016989662094326, "focal_spot": {"HeliOS": [50.913392012665355, 6.387829723694375, 123.18114217513818], "UTIS": [50.91339202839946, 6.387829127147326, 123.06900405883788]}}