{"motor_position": {"axis_1_motor_position": 42961, "axis_2_motor_position": 59190}, "target_name": "multi_focus_tower", "sun_elevation": 58.954056413410484, "sun_azimuth": -31.097803766142725, "focal_spot": {"HeliOS": [50.91339645407593, 6.38757360622739, 139.2870286276613], "UTIS": [50.913396457749755, 6.387573048823919, 139.26383590698242]}}