{"motor_position": {"axis_1_motor_position": 44126, "axis_2_motor_position": 57014}, "target_name": "solar_tower_juelich_lower", "sun_elevation": 60.956406713084085, "sun_azimuth": -20.22342616260014, "focal_spot": {"HeliOS": [50.91339210192657, 6.387800155122856, 122.44222629995969], "UTIS": [50.91339212712969, 6.387799450824059, 122.26435470581056]}}