{"motor_position": {"axis_1_motor_position": 43483, "axis_2_motor_position": 62547}, "target_name": "solar_tower_juelich_upper", "sun_elevation": 54.58488927964237, "sun_azimuth": -49.1517530575704, "focal_spot": {"HeliOS": [50.913392052762525, 6.387809566199317, 130.37780925267137], "UTIS": [50.913392094148676, 6.387809364501278, 130.39055252075195]}}