{"motor_position": {"axis_1_motor_position": 44267, "axis_2_motor_position": 65279}, "target_name": "solar_tower_juelich_lower", "sun_elevation": 50.17800904406608, "sun_azimuth": -59.89913609551554, "focal_spot": {"HeliOS": [50.913392076736216, 6.387806498466356, 123.46660448479122], "UTIS": [50.91339210494811, 6.387806118351919, 123.42365264892578]}}