{"motor_position": {"axis_1_motor_position": 44394, "axis_2_motor_position": 67409}, "target_name": "solar_tower_juelich_lower", "sun_elevation": 46.02342540035904, "sun_azimuth": -67.87519917205998, "focal_spot": {"HeliOS": [50.91339208413295, 6.387803913714972, 123.44400980482416], "UTIS": [50.91339211508395, 6.387803071649855, 123.34393310546876]}}