{"motor_position": {"axis_1_motor_position": 44566, "axis_2_motor_position": 69624}, "target_name": "solar_tower_juelich_lower", "sun_elevation": 40.99560453118697, "sun_azimuth": -75.95967166405993, "focal_spot": {"HeliOS": [50.913392013850164, 6.387828601067788, 123.7268006391782], "UTIS": [50.91339203147009, 6.387828204212874, 123.7253189086914]}}