{"motor_position": {"axis_1_motor_position": 44775, "axis_2_motor_position": 71741}, "target_name": "solar_tower_juelich_lower", "sun_elevation": 36.023939652947284, "sun_azimuth": -82.93676414687025, "focal_spot": {"HeliOS": [50.91339201747763, 6.387827220574721, 123.77757709784632], "UTIS": [50.91339203780848, 6.387826299079977, 123.6620635986328]}}