{"motor_position": {"axis_1_motor_position": 45004, "axis_2_motor_position": 73491}, "target_name": "solar_tower_juelich_lower", "sun_elevation": 31.65859186921678, "sun_azimuth": -88.5550691483569, "focal_spot": {"HeliOS": [50.91339201374537, 6.387828553025405, 123.79155110778686], "UTIS": [50.91339203249214, 6.387827897011015, 123.8084831237793]}}