{"motor_position": {"axis_1_motor_position": 45353, "axis_2_motor_position": 74998}, "target_name": "solar_tower_juelich_lower", "sun_elevation": 27.751847990260018, "sun_azimuth": -93.3389296869336, "focal_spot": {"HeliOS": [50.91339201434345, 6.387829192032484, 123.133922826594], "UTIS": [50.91339202927442, 6.387828864157859, 123.13417053222656]}}