{"motor_position": {"axis_1_motor_position": 44591, "axis_2_motor_position": 29233}, "target_name": "solar_tower_juelich_lower", "sun_elevation": 35.022207059003584, "sun_azimuth": 84.41981138152491, "focal_spot": {"HeliOS": [50.91339203644623, 6.3878243187240775, 121.1711821124413], "UTIS": [50.913392041322005, 6.387825243020202, 120.98939514160156]}}