{"motor_position": {"axis_1_motor_position": 44043, "axis_2_motor_position": 36450}, "target_name": "solar_tower_juelich_lower", "sun_elevation": 45.803598347073525, "sun_azimuth": 68.47215875582066, "focal_spot": {"HeliOS": [50.91339200589407, 6.387832100173191, 123.1899592698944], "UTIS": [50.91339201372654, 6.38783353733814, 123.01483917236328]}}