{"motor_position": {"axis_1_motor_position": 43957, "axis_2_motor_position": 39643}, "target_name": "solar_tower_juelich_lower", "sun_elevation": 50.36243045613672, "sun_azimuth": 59.7640690199103, "focal_spot": {"HeliOS": [50.91339200949358, 6.387830639528267, 123.34925111209944], "UTIS": [50.913392018556536, 6.387832085604268, 123.27163696289062]}}