{"motor_position": {"axis_1_motor_position": 44000, "axis_2_motor_position": 43182}, "target_name": "solar_tower_juelich_lower", "sun_elevation": 54.97990639166954, "sun_azimuth": 48.349935155710334, "focal_spot": {"HeliOS": [50.91339203216089, 6.387824094016929, 122.34879347640788], "UTIS": [50.913392040510324, 6.387825486984985, 122.16825485229492]}}