{"motor_position": {"axis_1_motor_position": 43880, "axis_2_motor_position": 47352}, "target_name": "solar_tower_juelich_lower", "sun_elevation": 59.51907528014524, "sun_azimuth": 31.151034543152402, "focal_spot": {"HeliOS": [50.91339201369862, 6.387829088692704, 123.3943265060953], "UTIS": [50.913392025825765, 6.387829900718351, 123.2548370361328]}}