{"motor_position": {"axis_1_motor_position": 43886, "axis_2_motor_position": 49662}, "target_name": "solar_tower_juelich_lower", "sun_elevation": 61.24578214564153, "sun_azimuth": 19.8647562509185, "focal_spot": {"HeliOS": [50.91339201495233, 6.387828717890828, 123.33639761291543], "UTIS": [50.91339202705401, 6.3878295315472835, 123.27885055541992]}}