{"motor_position": {"axis_1_motor_position": 43899, "axis_2_motor_position": 51931}, "target_name": "solar_tower_juelich_lower", "sun_elevation": 62.20381472733658, "sun_azimuth": 7.663711440830447, "focal_spot": {"HeliOS": [50.913392018886796, 6.387827315745739, 123.34076136009828], "UTIS": [50.913392032470604, 6.387827903485919, 123.27476119995116]}}