{"motor_position": {"axis_1_motor_position": 43924, "axis_2_motor_position": 54148}, "target_name": "solar_tower_juelich_lower", "sun_elevation": 62.30060750575724, "sun_azimuth": -4.9346989579551686, "focal_spot": {"HeliOS": [50.91339201541789, 6.3878285273702975, 123.35580129251032], "UTIS": [50.91339202794557, 6.38782926356773, 123.26719665527344]}}