{"motor_position": {"axis_1_motor_position": 43961, "axis_2_motor_position": 56340}, "target_name": "solar_tower_juelich_lower", "sun_elevation": 61.51105219689173, "sun_azimuth": -17.426513525147136, "focal_spot": {"HeliOS": [50.91339201575947, 6.387828462883876, 123.31235901509513], "UTIS": [50.9133920287591, 6.387829019046986, 123.25693893432616]}}