{"motor_position": {"axis_1_motor_position": 44009, "axis_2_motor_position": 58456}, "target_name": "solar_tower_juelich_lower", "sun_elevation": 59.91666198190989, "sun_azimuth": -29.023479581803613, "focal_spot": {"HeliOS": [50.91339201752288, 6.387827823701201, 123.32290655612891], "UTIS": [50.91339203015565, 6.3878285992903265, 123.26694869995116]}}