{"motor_position": {"axis_1_motor_position": 44183, "axis_2_motor_position": 63809}, "target_name": "solar_tower_juelich_lower", "sun_elevation": 52.77315123586939, "sun_azimuth": -54.40667716567736, "focal_spot": {"HeliOS": [50.913392019369454, 6.387827341469543, 123.1955879425243], "UTIS": [50.91339203389059, 6.387827476684839, 123.13061141967772]}}