{"motor_position": {"axis_1_motor_position": 44864, "axis_2_motor_position": 72378}, "target_name": "solar_tower_juelich_lower", "sun_elevation": 34.60888924614659, "sun_azimuth": -85.06344968484149, "focal_spot": {"HeliOS": [50.91339200930745, 6.3878310032850445, 123.10006494192046], "UTIS": [50.91339202380906, 6.3878305068775845, 123.03776931762695]}}