{"motor_position": {"axis_1_motor_position": 43306, "axis_2_motor_position": 51468}, "target_name": "solar_tower_juelich_upper", "sun_elevation": 62.17966108671979, "sun_azimuth": 9.824531450480055, "focal_spot": {"HeliOS": [50.91339201520638, 6.387829260920666, 129.4942813593062], "UTIS": [50.9133920261588, 6.387829800618412, 129.58817672729492]}}