{"motor_position": {"axis_1_motor_position": 43746, "axis_2_motor_position": 67786}, "target_name": "solar_tower_juelich_upper", "sun_elevation": 44.86591671353625, "sun_azimuth": -70.26595366399361, "focal_spot": {"HeliOS": [50.91339201035534, 6.387831306877844, 129.2625593286883], "UTIS": [50.913392024642754, 6.387830256288737, 129.28384399414062]}}