{"motor_position": {"axis_1_motor_position": 44236, "axis_2_motor_position": 74153}, "target_name": "solar_tower_juelich_upper", "sun_elevation": 29.69285382454387, "sun_azimuth": -91.37824842485497, "focal_spot": {"HeliOS": [50.91339199920272, 6.387836480410379, 129.003848112572], "UTIS": [50.91339200294686, 6.38783677731429, 129.11383056640625]}}