{"motor_position": {"axis_1_motor_position": 43254, "axis_2_motor_position": 41948}, "target_name": "solar_tower_juelich_upper", "sun_elevation": 53.58962834804973, "sun_azimuth": 52.691598317869534, "focal_spot": {"HeliOS": [50.91339201945674, 6.387826739240266, 129.38734093039278], "UTIS": [50.91339203311022, 6.387827711232203, 129.378662109375]}}