{"motor_position": {"axis_1_motor_position": 43300, "axis_2_motor_position": 55901}, "target_name": "solar_tower_juelich_upper", "sun_elevation": 61.844615862343055, "sun_azimuth": -15.605000618630012, "focal_spot": {"HeliOS": [50.91339201967222, 6.387827608492077, 129.843909423732], "UTIS": [50.9133920328516, 6.387827788964914, 129.83855819702148]}}