{"motor_position": {"axis_1_motor_position": 43493, "axis_2_motor_position": 29166}, "target_name": "solar_tower_juelich_upper", "sun_elevation": 34.816748107276034, "sun_azimuth": 84.97196870035664, "focal_spot": {"HeliOS": [50.91339200991595, 6.387830669272735, 128.89741472213393], "UTIS": [50.91339202145021, 6.387831215865708, 128.8844757080078]}}