{"motor_position": {"axis_1_motor_position": 43203, "axis_2_motor_position": 45898}, "target_name": "solar_tower_juelich_upper", "sun_elevation": 58.29682768820315, "sun_azimuth": 37.54256954180224, "focal_spot": {"HeliOS": [50.913392018940044, 6.3878281373433765, 129.8969435243004], "UTIS": [50.913392028561624, 6.3878290783991165, 129.91701126098633]}}