{"motor_position": {"axis_1_motor_position": 44098, "axis_2_motor_position": 37423}, "target_name": "solar_tower_juelich_lower", "sun_elevation": 47.15588292153835, "sun_azimuth": 65.81877250365147, "focal_spot": {"HeliOS": [50.91339200479161, 6.3878327875166745, 122.92020244575411], "UTIS": [50.91339201341285, 6.387833631620834, 122.77096557617188]}}