{"motor_position": {"axis_1_motor_position": 44102, "axis_2_motor_position": 60315}, "target_name": "solar_tower_juelich_lower", "sun_elevation": 57.77737463096843, "sun_azimuth": -38.42571400695324, "focal_spot": {"HeliOS": [50.9133920265111, 6.387824517388522, 123.40297805295783], "UTIS": [50.913392042040236, 6.38782502713818, 123.34505462646484]}}