{"motor_position": {"axis_1_motor_position": 43624, "axis_2_motor_position": 30582}, "target_name": "solar_tower_juelich_upper", "sun_elevation": 36.78121318595182, "sun_azimuth": 81.64992114504044, "focal_spot": {"HeliOS": [50.913392014178335, 6.387829240793018, 129.2452462161935], "UTIS": [50.91339202330315, 6.387830658932674, 129.25547409057617]}}