{"motor_position": {"axis_1_motor_position": 43583, "axis_2_motor_position": 31270}, "target_name": "solar_tower_juelich_upper", "sun_elevation": 37.82028098657504, "sun_azimuth": 80.22662919644148, "focal_spot": {"HeliOS": [50.91339201480606, 6.3878293050396, 129.41996638328877], "UTIS": [50.91339202351597, 6.387830594966752, 129.42207717895508]}}