{"motor_position": {"axis_1_motor_position": 44032, "axis_2_motor_position": 44642}, "target_name": "solar_tower_juelich_lower", "sun_elevation": 56.49413225495041, "sun_azimuth": 42.33673094247944, "focal_spot": {"HeliOS": [50.91339201388005, 6.387829090113293, 123.3428893926894], "UTIS": [50.91339202486796, 6.387830188603988, 123.23878860473631]}}