{"motor_position": {"axis_1_motor_position": 44105, "axis_2_motor_position": 57288}, "target_name": "solar_tower_juelich_lower", "sun_elevation": 60.55947105295743, "sun_azimuth": -22.56988447481769, "focal_spot": {"HeliOS": [50.91339202321713, 6.38782564033687, 123.43735648151616], "UTIS": [50.91339203835628, 6.387826134427647, 123.36020278930664]}}