{"motor_position": {"axis_1_motor_position": 44685, "axis_2_motor_position": 68907}, "target_name": "solar_tower_juelich_lower", "sun_elevation": 42.4698392184925, "sun_azimuth": -73.20746678708798, "focal_spot": {"HeliOS": [50.91339202658667, 6.387824684989944, 123.27154289211023], "UTIS": [50.913392043546736, 6.387824574329016, 123.22931671142578]}}