{"motor_position": {"axis_1_motor_position": 45648, "axis_2_motor_position": 75861}, "target_name": "solar_tower_juelich_lower", "sun_elevation": 25.260774927036156, "sun_azimuth": -95.8963409470491, "focal_spot": {"HeliOS": [50.91339202687159, 6.38782411605799, 123.58435593254276], "UTIS": [50.91339204467957, 6.38782423383057, 123.57889556884766]}}