{"motor_position": {"axis_1_motor_position": 43461, "axis_2_motor_position": 47229}, "target_name": "solar_tower_juelich_upper", "sun_elevation": 59.01416791419595, "sun_azimuth": 30.950122443480268, "focal_spot": {"HeliOS": [50.91339201763543, 6.387829116071794, 130.0015280334889], "UTIS": [50.91339202618001, 6.387829794241822, 130.05720901489258]}}