{"motor_position": {"axis_1_motor_position": 43598, "axis_2_motor_position": 44288}, "target_name": "solar_tower_juelich_upper", "sun_elevation": 55.74346380590738, "sun_azimuth": 43.0073429659264, "focal_spot": {"HeliOS": [50.913392019971006, 6.387827655224115, 129.93876131267666], "UTIS": [50.913392031673936, 6.387828142942004, 130.01364517211914]}}