{"motor_position": {"axis_1_motor_position": 44441, "axis_2_motor_position": 45611}, "target_name": "solar_tower_juelich_lower", "sun_elevation": 56.707931851514246, "sun_azimuth": 37.363932979621396, "focal_spot": {"HeliOS": [50.91339201446913, 6.3878289331333225, 123.3023650972096], "UTIS": [50.91339202545127, 6.387830013279933, 123.21600341796876]}}