{"motor_position": {"axis_1_motor_position": 44734, "axis_2_motor_position": 63367}, "target_name": "solar_tower_juelich_lower", "sun_elevation": 52.318784820698575, "sun_azimuth": -51.318611838105916, "focal_spot": {"HeliOS": [50.9133920216064, 6.387825971090563, 123.60821424805609], "UTIS": [50.91339203939366, 6.38782582262217, 123.497802734375]}}