{"motor_position": {"axis_1_motor_position": 44644, "axis_2_motor_position": 55618}, "target_name": "solar_tower_juelich_lower", "sun_elevation": 60.07126184362739, "sun_azimuth": -13.062012907751457, "focal_spot": {"HeliOS": [50.9133920226692, 6.387825550957978, 123.63458698196072], "UTIS": [50.91339203683879, 6.387826590538672, 123.57474899291992]}}