{"motor_position": {"axis_1_motor_position": 44709, "axis_2_motor_position": 67560}, "target_name": "solar_tower_juelich_upper", "sun_elevation": 43.66326911004521, "sun_azimuth": -67.4034718192755, "focal_spot": {"HeliOS": [50.91339201942428, 6.387828228358857, 130.05381715695384], "UTIS": [50.913392033131224, 6.387827704920021, 130.1574478149414]}}