{"motor_position": {"axis_1_motor_position": 45616, "axis_2_motor_position": 74691}, "target_name": "solar_tower_juelich_upper", "sun_elevation": 26.764108581355885, "sun_azimuth": -91.12620718210361, "focal_spot": {"HeliOS": [50.91339201670726, 6.38782985204655, 130.08747662704158], "UTIS": [50.91339202939873, 6.387828826793271, 130.2153282165527]}}