{"motor_position": {"axis_1_motor_position": 44429, "axis_2_motor_position": 59792}, "target_name": "solar_tower_juelich_upper", "sun_elevation": 56.044304701220064, "sun_azimuth": -34.90228401616741, "focal_spot": {"HeliOS": [50.91339202351652, 6.387826403093113, 130.2807301243995], "UTIS": [50.91339203594792, 6.387826858308043, 130.30012893676758]}}