{"motor_position": {"axis_1_motor_position": 43622, "axis_2_motor_position": 41799}, "target_name": "multi_focus_tower", "sun_elevation": 48.76917210077119, "sun_azimuth": 53.98250878461094, "focal_spot": {"HeliOS": [50.913396431413574, 6.38757999404982, 139.02063263371068], "UTIS": [50.91339643421852, 6.387580126169802, 138.96849822998047]}}