{"motor_position": {"axis_1_motor_position": 43585, "axis_2_motor_position": 50918}, "target_name": "multi_focus_tower", "sun_elevation": 57.966831371309716, "sun_azimuth": 17.52586030655651, "focal_spot": {"HeliOS": [50.91339643999243, 6.387577548501367, 139.1794758229036], "UTIS": [50.91339644021138, 6.387578323746921, 139.13882064819336]}}