{"motor_position": {"axis_1_motor_position": 43711, "axis_2_motor_position": 59045}, "target_name": "multi_focus_tower", "sun_elevation": 56.92303303114975, "sun_azimuth": -25.135637038093073, "focal_spot": {"HeliOS": [50.9133964434779, 6.387576558156762, 139.0456769705603], "UTIS": [50.913396444083844, 6.387577159051041, 139.02044677734375]}}