{"motor_position": {"axis_1_motor_position": 44016, "axis_2_motor_position": 66581}, "target_name": "multi_focus_tower", "sun_elevation": 46.34952466146561, "sun_azimuth": -59.185165104343945, "focal_spot": {"HeliOS": [50.91339643725486, 6.387578352461928, 138.6606119880057], "UTIS": [50.91339643962788, 6.387578499240499, 138.63819885253906]}}