{"motor_position": {"axis_1_motor_position": 44660, "axis_2_motor_position": 73882}, "target_name": "multi_focus_tower", "sun_elevation": 29.822971039296586, "sun_azimuth": -85.02215605062332, "focal_spot": {"HeliOS": [50.913396420290155, 6.3875834434932965, 138.3349109617264], "UTIS": [50.913396429511316, 6.387581541915604, 138.3384132385254]}}