{"motor_position": {"axis_1_motor_position": 45158, "axis_2_motor_position": 56034}, "target_name": "solar_tower_juelich_upper", "sun_elevation": 57.03870770317138, "sun_azimuth": -15.315643837279184, "focal_spot": {"HeliOS": [50.913392025763706, 6.387825252940963, 130.35116954675982], "UTIS": [50.913392039067155, 6.387825920755905, 130.4775276184082]}}