{"motor_position": {"axis_1_motor_position": 47856, "axis_2_motor_position": 26300}, "target_name": "solar_tower_juelich_upper", "sun_elevation": 26.358296764268403, "sun_azimuth": 82.73393079589884, "focal_spot": {"HeliOS": [50.91339202995901, 6.387822098865069, 129.9657549910032], "UTIS": [50.913392048173854, 6.387823183540574, 129.9954833984375]}}