{"motor_position": {"axis_1_motor_position": 46260, "axis_2_motor_position": 44937}, "target_name": "solar_tower_juelich_upper", "sun_elevation": 50.78240414320085, "sun_azimuth": 34.37622129018628, "focal_spot": {"HeliOS": [50.91339203643218, 6.38781945190939, 130.60320568834402], "UTIS": [50.913392057007414, 6.387820528403937, 130.61806106567383]}}