{"motor_position": {"axis_1_motor_position": 54638, "axis_2_motor_position": 54234}, "target_name": "solar_tower_juelich_lower", "sun_elevation": 34.109329601155956, "sun_azimuth": -6.092426677544853, "focal_spot": {"HeliOS": [50.91339204306965, 6.3878174934560885, 124.0308000603281], "UTIS": [50.91339206330595, 6.387818635210615, 123.97039031982422]}}