{"motor_position": {"axis_1_motor_position": 54950, "axis_2_motor_position": 57986}, "target_name": "solar_tower_juelich_lower", "sun_elevation": 32.55572546418314, "sun_azimuth": -19.25782661625007, "focal_spot": {"HeliOS": [50.91339205326786, 6.38781472837492, 123.5415939081443], "UTIS": [50.91339207352026, 6.3878155650226365, 123.48456573486328]}}