{"motor_position": {"axis_1_motor_position": 55340, "axis_2_motor_position": 60550}, "target_name": "solar_tower_juelich_lower", "sun_elevation": 30.480877562184638, "sun_azimuth": -28.424888224241613, "focal_spot": {"HeliOS": [50.913392041731505, 6.38781950436344, 123.16699032359584], "UTIS": [50.91339205682488, 6.387820583267704, 123.03829193115234]}}