{"motor_position": {"axis_1_motor_position": 55895, "axis_2_motor_position": 63144}, "target_name": "solar_tower_juelich_lower", "sun_elevation": 27.569379749091674, "sun_azimuth": -37.48718408998597, "focal_spot": {"HeliOS": [50.9133920353821, 6.3878220409480715, 122.97692058205854], "UTIS": [50.913392048840315, 6.387822983218657, 122.83853149414062]}}