{"motor_position": {"axis_1_motor_position": 58059, "axis_2_motor_position": 63903}, "target_name": "solar_tower_juelich_lower", "sun_elevation": 21.69068723938635, "sun_azimuth": -38.98884474842385, "focal_spot": {"HeliOS": [50.91339202439279, 6.387826086690443, 122.82754613391874], "UTIS": [50.91339203592552, 6.387826865040584, 122.74468612670898]}}