{"motor_position": {"axis_1_motor_position": 56780, "axis_2_motor_position": 57039}, "target_name": "solar_tower_juelich_lower", "sun_elevation": 27.84020326614278, "sun_azimuth": -15.621075316520773, "focal_spot": {"HeliOS": [50.913392032587154, 6.387822149453429, 123.53194275815592], "UTIS": [50.91339204692995, 6.3878235574237445, 123.44335174560548]}}