{"motor_position": {"axis_1_motor_position": 59473, "axis_2_motor_position": 65060}, "target_name": "solar_tower_juelich_lower", "sun_elevation": 17.489342731872288, "sun_azimuth": -42.39670592280891, "focal_spot": {"HeliOS": [50.913392028796316, 6.38782482835375, 122.63977927294906], "UTIS": [50.91339204275748, 6.38782481155448, 122.43492889404295]}}