{"motor_position": {"axis_1_motor_position": 58798, "axis_2_motor_position": 36701}, "target_name": "solar_tower_juelich_upper", "sun_elevation": 16.02573185223525, "sun_azimuth": 44.084561328296985, "focal_spot": {"HeliOS": [50.91339203854006, 6.387818337721516, 130.693983536272], "UTIS": [50.91339206406711, 6.387818406426254, 130.71490097045898]}}