{"motor_position": {"axis_1_motor_position": 57933, "axis_2_motor_position": 47505}, "target_name": "multi_focus_tower", "sun_elevation": 20.18834739123466, "sun_azimuth": 18.02974148166096, "focal_spot": {"HeliOS": [50.913396474715334, 6.38756811755131, 139.74991970803433], "UTIS": [50.913396469273735, 6.387569582778356, 139.72555541992188]}}