{"motor_position": {"axis_1_motor_position": 62798, "axis_2_motor_position": 64509}, "target_name": "solar_tower_juelich_upper", "sun_elevation": 7.6090734653071355, "sun_azimuth": -39.19789835220084, "focal_spot": {"HeliOS": [50.913392036404794, 6.387816601885069, 128.53342714818962], "UTIS": [50.913392070991534, 6.3878163251014595, 128.58816528320312]}}