{"motor_position": {"axis_1_motor_position": 58118, "axis_2_motor_position": 45426}, "target_name": "solar_tower_juelich_upper", "sun_elevation": 21.579000917212014, "sun_azimuth": 20.528122649823505, "focal_spot": {"HeliOS": [50.913392036899424, 6.387819257527102, 130.65450781380068], "UTIS": [50.91339205940716, 6.387819807099937, 130.65196990966797]}}