{"motor_position": {"axis_1_motor_position": 58269, "axis_2_motor_position": 58224}, "target_name": "solar_tower_juelich_upper", "sun_elevation": 21.86336637805913, "sun_azimuth": -19.347832034991658, "focal_spot": {"HeliOS": [50.91339203606294, 6.38781896273731, 130.1613702360604], "UTIS": [50.91339206038846, 6.3878195121427614, 130.14559173583984]}}