{"motor_position": {"axis_1_motor_position": 60430, "axis_2_motor_position": 65769}, "target_name": "solar_tower_juelich_upper", "sun_elevation": 13.156205761369327, "sun_azimuth": -44.356714499666914, "focal_spot": {"HeliOS": [50.913392029005514, 6.387821445892679, 129.2780727899274], "UTIS": [50.91339205306296, 6.387821714009197, 129.26950454711914]}}