{"motor_position": {"axis_1_motor_position": 62695, "axis_2_motor_position": 69558}, "target_name": "solar_tower_juelich_upper", "sun_elevation": 5.773064764230984, "sun_azimuth": -57.27182183720585, "focal_spot": {"HeliOS": [50.91339202157137, 6.387823921807431, 128.47637228012516], "UTIS": [50.91339204742615, 6.387823408277276, 128.51426315307617]}}