{"motor_position": {"axis_1_motor_position": 57511, "axis_2_motor_position": 44721}, "target_name": "solar_tower_juelich_upper", "sun_elevation": 23.038257435327047, "sun_azimuth": 22.892255645664267, "focal_spot": {"HeliOS": [50.91339203894859, 6.387817717876915, 130.4447677083638], "UTIS": [50.913392071505406, 6.38781617064625, 130.4438514709473]}}