{"motor_position": {"axis_1_motor_position": 57328, "axis_2_motor_position": 56322}, "target_name": "solar_tower_juelich_upper", "sun_elevation": 24.882155851490175, "sun_azimuth": -13.20848881690179, "focal_spot": {"HeliOS": [50.913392037122996, 6.387818596358895, 130.32039388187755], "UTIS": [50.91339206094472, 6.38781934494115, 130.32769393920898]}}