{"motor_position": {"axis_1_motor_position": 57645, "axis_2_motor_position": 42872}, "target_name": "solar_tower_juelich_upper", "sun_elevation": 21.984896321821456, "sun_azimuth": 28.118975165361164, "focal_spot": {"HeliOS": [50.91339203989184, 6.387817253762286, 130.50731487334812], "UTIS": [50.91339206449703, 6.387818277206211, 130.3552703857422]}}