{"motor_position": {"axis_1_motor_position": 57247, "axis_2_motor_position": 56669}, "target_name": "solar_tower_juelich_upper", "sun_elevation": 25.06119701990901, "sun_azimuth": -14.36765461085237, "focal_spot": {"HeliOS": [50.91339203758857, 6.387818195757035, 130.23309580978923], "UTIS": [50.91339206319174, 6.3878186695445445, 130.24467849731445]}}