{"motor_position": {"axis_1_motor_position": 58967, "axis_2_motor_position": 64538}, "target_name": "solar_tower_juelich_upper", "sun_elevation": 17.43585082105312, "sun_azimuth": -40.64212574216042, "focal_spot": {"HeliOS": [50.91339203260647, 6.387820109667841, 129.6556678346538], "UTIS": [50.913392056992, 6.387820533034676, 129.63499069213867]}}