{"motor_position": {"axis_1_motor_position": 57656, "axis_2_motor_position": 61313}, "target_name": "solar_tower_juelich_lower", "sun_elevation": 24.037513544226055, "sun_azimuth": -30.064904822406994, "focal_spot": {"HeliOS": [50.91339202561146, 6.387825131105096, 123.20191039669048], "UTIS": [50.91339203905046, 6.387825925779888, 123.1158561706543]}}