{"motor_position": {"axis_1_motor_position": 56016, "axis_2_motor_position": 49809}, "target_name": "solar_tower_juelich_upper", "sun_elevation": 28.59255398522522, "sun_azimuth": 8.090611303261188, "focal_spot": {"HeliOS": [50.91339203271788, 6.387821018644684, 130.2440078475869], "UTIS": [50.91339205569609, 6.387820922552527, 130.35247039794922]}}