{"motor_position": {"axis_1_motor_position": 55615, "axis_2_motor_position": 45508}, "target_name": "solar_tower_juelich_upper", "sun_elevation": 28.4804008760627, "sun_azimuth": 21.660170856248214, "focal_spot": {"HeliOS": [50.913392034046, 6.387820216251909, 130.22175236601242], "UTIS": [50.91339205671487, 6.387820616333772, 130.2994499206543]}}