{"motor_position": {"axis_1_motor_position": 55330, "axis_2_motor_position": 52048}, "target_name": "solar_tower_juelich_upper", "sun_elevation": 30.76632676489402, "sun_azimuth": 0.9787533646635712, "focal_spot": {"HeliOS": [50.913392032348256, 6.387821253035351, 130.25618605080578], "UTIS": [50.91339205240454, 6.387821911910657, 130.26554107666016]}}