{"motor_position": {"axis_1_motor_position": 56492, "axis_2_motor_position": 38586}, "target_name": "solar_tower_juelich_upper", "sun_elevation": 22.816792741939143, "sun_azimuth": 40.84457790866854, "focal_spot": {"HeliOS": [50.91339203105128, 6.387821430136554, 129.9342490731397], "UTIS": [50.9133920508209, 6.3878223879074225, 129.9485321044922]}}