{"motor_position": {"axis_1_motor_position": 55325, "axis_2_motor_position": 47459}, "target_name": "solar_tower_juelich_upper", "sun_elevation": 29.93718956098495, "sun_azimuth": 15.81142430102711, "focal_spot": {"HeliOS": [50.91339203376088, 6.387820387192853, 130.22591194182098], "UTIS": [50.91339205353039, 6.387821573507231, 130.1904525756836]}}