{"motor_position": {"axis_1_motor_position": 57469, "axis_2_motor_position": 66101}, "target_name": "solar_tower_juelich_upper", "sun_elevation": 20.079083578462708, "sun_azimuth": -47.03838858929338, "focal_spot": {"HeliOS": [50.91339202343085, 6.387824728559664, 129.4486886726284], "UTIS": [50.913392042194715, 6.387824980708731, 129.44452667236328]}}