{"motor_position": {"axis_1_motor_position": 58174, "axis_2_motor_position": 67724}, "target_name": "solar_tower_juelich_upper", "sun_elevation": 17.199620849809797, "sun_azimuth": -52.5303913779119, "focal_spot": {"HeliOS": [50.91339202415463, 6.387823893024573, 129.20863360523873], "UTIS": [50.91339204447371, 6.387824295698082, 129.22274780273438]}}