{"motor_position": {"axis_1_motor_position": 44864, "axis_2_motor_position": 68142}, "target_name": "solar_tower_juelich_upper", "sun_elevation": 42.31354200359865, "sun_azimuth": -69.35908668833987, "focal_spot": {"HeliOS": [50.9133920135178, 6.387830857144859, 129.77363754020794], "UTIS": [50.913392023492584, 6.387830601997613, 129.77053833007812]}}