{"motor_position": {"axis_1_motor_position": 45190, "axis_2_motor_position": 33306}, "target_name": "solar_tower_juelich_lower", "sun_elevation": 40.04711382955989, "sun_azimuth": 73.58773596833285, "focal_spot": {"HeliOS": [50.91339199657841, 6.387835925366063, 122.63159421480148], "UTIS": [50.91339200190385, 6.387837090804597, 122.53280639648438]}}