{"motor_position": {"axis_1_motor_position": 44918, "axis_2_motor_position": 61498}, "target_name": "solar_tower_juelich_lower", "sun_elevation": 54.54451978927877, "sun_azimuth": -42.717453912041265, "focal_spot": {"HeliOS": [50.91339201474113, 6.387828663013854, 123.43640311398318], "UTIS": [50.91339202875649, 6.387829019833468, 123.37506866455078]}}