{"motor_position": {"axis_1_motor_position": 43436, "axis_2_motor_position": 34309}, "target_name": "solar_tower_juelich_upper", "sun_elevation": 42.56266788901991, "sun_azimuth": 73.63511480279428, "focal_spot": {"HeliOS": [50.913392004099265, 6.387834873051308, 129.35380573086246], "UTIS": [50.913392005653755, 6.387835963724309, 129.4055290222168]}}