{"motor_position": {"axis_1_motor_position": 43260, "axis_2_motor_position": 52992}, "target_name": "solar_tower_juelich_upper", "sun_elevation": 62.39956006762769, "sun_azimuth": 1.0283975934526841, "focal_spot": {"HeliOS": [50.91339201153674, 6.38783368275707, 130.40277624300614], "UTIS": [50.91339200960412, 6.387834776390151, 130.43085861206055]}}