{"motor_position": {"axis_1_motor_position": 43368, "axis_2_motor_position": 61235}, "target_name": "solar_tower_juelich_upper", "sun_elevation": 56.617689585067595, "sun_azimuth": -43.77944880489167, "focal_spot": {"HeliOS": [50.91339201688671, 6.387830182315503, 130.25921988579398], "UTIS": [50.913392023522626, 6.387830592966649, 130.2922821044922]}}