{"motor_position": {"axis_1_motor_position": 43291, "axis_2_motor_position": 48379}, "target_name": "solar_tower_juelich_upper", "sun_elevation": 60.34188205660688, "sun_azimuth": 25.791712131729135, "focal_spot": {"HeliOS": [50.913392012180026, 6.3878327276545095, 130.19745705702925], "UTIS": [50.91339201095975, 6.3878343689391945, 130.2858428955078]}}