{"motor_position": {"axis_1_motor_position": 42378, "axis_2_motor_position": 38417}, "target_name": "multi_focus_tower", "sun_elevation": 45.79108635134841, "sun_azimuth": 66.9678257271532, "focal_spot": {"HeliOS": [50.9133964400832, 6.387577525849118, 138.74073210886957], "UTIS": [50.91339644358276, 6.387577309756928, 138.68574905395508]}}