{"motor_position": {"axis_1_motor_position": 45521, "axis_2_motor_position": 41683}, "target_name": "solar_tower_juelich_upper", "sun_elevation": 49.413070533810895, "sun_azimuth": 46.99814139459464, "focal_spot": {"HeliOS": [50.91339197466162, 6.387853732491438, 130.0793617379295], "UTIS": [50.91339194116778, 6.387855345347748, 130.19565200805664]}}