{"motor_position": {"axis_1_motor_position": 45470, "axis_2_motor_position": 43223}, "target_name": "solar_tower_juelich_upper", "sun_elevation": 50.98727226913076, "sun_azimuth": 42.319255450666404, "focal_spot": {"HeliOS": [50.91339201479503, 6.387830288951706, 129.8300079166984], "UTIS": [50.91339201942506, 6.387831824557271, 130.0194549560547]}}