{"motor_position": {"axis_1_motor_position": 45379, "axis_2_motor_position": 47650}, "target_name": "solar_tower_juelich_upper", "sun_elevation": 55.077557131976285, "sun_azimuth": 25.071693365550303, "focal_spot": {"HeliOS": [50.913392020547725, 6.387827701585489, 130.10182881223074], "UTIS": [50.91339203021692, 6.387828580875845, 130.14312744140625]}}