{"motor_position": {"axis_1_motor_position": 46730, "axis_2_motor_position": 38549}, "target_name": "solar_tower_juelich_upper", "sun_elevation": 43.420917153768464, "sun_azimuth": 54.70411819224376, "focal_spot": {"HeliOS": [50.91339201613348, 6.38782933880914, 129.74375402467717], "UTIS": [50.91339202344017, 6.3878306177509465, 129.7278938293457]}}