{"motor_position": {"axis_1_motor_position": 46336, "axis_2_motor_position": 49694}, "target_name": "solar_tower_juelich_upper", "sun_elevation": 53.936194561421516, "sun_azimuth": 14.727245853114912, "focal_spot": {"HeliOS": [50.91339201576221, 6.387830974587198, 130.31370476646748], "UTIS": [50.91339201803184, 6.387832243313879, 130.30624389648438]}}