{"motor_position": {"axis_1_motor_position": 45720, "axis_2_motor_position": 39886}, "target_name": "multi_focus_tower", "sun_elevation": 42.906271176557624, "sun_azimuth": 55.06636634843119, "focal_spot": {"HeliOS": [50.91339644722721, 6.387575475017252, 138.9190993938875], "UTIS": [50.91339644903212, 6.387575670786337, 138.85922241210938]}}