{"motor_position": {"axis_1_motor_position": 45437, "axis_2_motor_position": 50943}, "target_name": "multi_focus_tower", "sun_elevation": 53.61992303547319, "sun_azimuth": 14.906230197552953, "focal_spot": {"HeliOS": [50.913396455877624, 6.387573095452197, 139.26437265171023], "UTIS": [50.91339645641126, 6.387573451393323, 139.23119354248047]}}