{"motor_position": {"axis_1_motor_position": 45422, "axis_2_motor_position": 52499}, "target_name": "multi_focus_tower", "sun_elevation": 54.162689026872414, "sun_azimuth": 7.740148562836766, "focal_spot": {"HeliOS": [50.91339644954208, 6.387574907709097, 139.48024311849568], "UTIS": [50.91339645110884, 6.387575046185423, 139.4636993408203]}}