{"motor_position": {"axis_1_motor_position": 47557, "axis_2_motor_position": 53843}, "target_name": "solar_tower_juelich_lower", "sun_elevation": 53.08091187699662, "sun_azimuth": -4.125934653751961, "focal_spot": {"HeliOS": [50.913392010677896, 6.387829974543746, 123.54630194039991], "UTIS": [50.91339202149461, 6.387831202519275, 123.48108673095705]}}