{"motor_position": {"axis_1_motor_position": 48140, "axis_2_motor_position": 30685}, "target_name": "multi_focus_tower", "sun_elevation": 27.867368841646154, "sun_azimuth": 74.20291733669977, "focal_spot": {"HeliOS": [50.91339644145851, 6.387577119330189, 138.38545386710302], "UTIS": [50.91339644402027, 6.387577178170646, 138.3068962097168]}}