{"motor_position": {"axis_1_motor_position": 47465, "axis_2_motor_position": 66052}, "target_name": "multi_focus_tower", "sun_elevation": 40.672956024117035, "sun_azimuth": -51.68438868676851, "focal_spot": {"HeliOS": [50.9133964503485, 6.3875745732571945, 138.88669164271045], "UTIS": [50.913396452683294, 6.3875745726429525, 138.8450927734375]}}