{"motor_position": {"axis_1_motor_position": 47240, "axis_2_motor_position": 64221}, "target_name": "multi_focus_tower", "sun_elevation": 43.590072911043876, "sun_azimuth": -44.5023532605542, "focal_spot": {"HeliOS": [50.91339646252319, 6.387571132066387, 139.02448768447465], "UTIS": [50.91339646281304, 6.387571525954084, 138.97553634643555]}}