{"motor_position": {"axis_1_motor_position": 47856, "axis_2_motor_position": 68504}, "target_name": "multi_focus_tower", "sun_elevation": 36.162632324594526, "sun_azimuth": -60.7506556989071, "focal_spot": {"HeliOS": [50.913396448171845, 6.387575171403586, 138.70643637602507], "UTIS": [50.91339645234254, 6.387574675129465, 138.65634155273438]}}