{"motor_position": {"axis_1_motor_position": 48215, "axis_2_motor_position": 70226}, "target_name": "multi_focus_tower", "sun_elevation": 32.58757153944149, "sun_azimuth": -66.85425520067932, "focal_spot": {"HeliOS": [50.91339643697908, 6.387578452331807, 138.3943157276339], "UTIS": [50.91339644142751, 6.38757795797937, 138.36255645751953]}}