{"motor_position": {"axis_1_motor_position": 48596, "axis_2_motor_position": 71799}, "target_name": "multi_focus_tower", "sun_elevation": 29.064537988027023, "sun_azimuth": -72.26361251616486, "focal_spot": {"HeliOS": [50.913396442608985, 6.3875767723128085, 138.28418922880388], "UTIS": [50.91339644772827, 6.387576062941659, 138.23715209960938]}}