{"motor_position": {"axis_1_motor_position": 49178, "axis_2_motor_position": 73486}, "target_name": "multi_focus_tower", "sun_elevation": 24.957164662059007, "sun_azimuth": -78.04974722846369, "focal_spot": {"HeliOS": [50.91339643137171, 6.38758023513077, 137.82651166484237], "UTIS": [50.913396439129876, 6.387578649024303, 137.8271141052246]}}