{"motor_position": {"axis_1_motor_position": 47369, "axis_2_motor_position": 40906}, "target_name": "multi_focus_tower", "sun_elevation": 41.1695140046752, "sun_azimuth": 48.91941642524611, "focal_spot": {"HeliOS": [50.913396457500895, 6.387572416153811, 138.592252458331], "UTIS": [50.91339645810547, 6.3875729418354865, 138.51725387573242]}}