{"motor_position": {"axis_1_motor_position": 47053, "axis_2_motor_position": 46550}, "target_name": "multi_focus_tower", "sun_elevation": 47.1052601072462, "sun_azimuth": 30.482394585258035, "focal_spot": {"HeliOS": [50.91339644615564, 6.387575800669866, 139.0833396577798], "UTIS": [50.91339644809848, 6.387575951586904, 139.03730392456055]}}