{"motor_position": {"axis_1_motor_position": 47097, "axis_2_motor_position": 58484}, "target_name": "multi_focus_tower", "sun_elevation": 49.077177689528924, "sun_azimuth": -19.94457399316022, "focal_spot": {"HeliOS": [50.913396459878264, 6.3875719988047726, 139.3323930120411], "UTIS": [50.913396458044154, 6.38757296027709, 139.317138671875]}}