{"motor_position": {"axis_1_motor_position": 47206, "axis_2_motor_position": 60435}, "target_name": "multi_focus_tower", "sun_elevation": 47.51750943572906, "sun_azimuth": -28.485610365683556, "focal_spot": {"HeliOS": [50.91339646171062, 6.387571468618682, 139.28461526686792], "UTIS": [50.91339646145228, 6.38757193522213, 139.24508666992188]}}