{"motor_position": {"axis_1_motor_position": 47344, "axis_2_motor_position": 62335}, "target_name": "multi_focus_tower", "sun_elevation": 45.46569953461932, "sun_azimuth": -36.552536600073964, "focal_spot": {"HeliOS": [50.91339645600199, 6.387573057536019, 139.25391848917752], "UTIS": [50.913396456819484, 6.3875733286210465, 139.21908569335938]}}