{"motor_position": {"axis_1_motor_position": 49836, "axis_2_motor_position": 66698}, "target_name": "solar_tower_juelich_lower", "sun_elevation": 37.48399201632368, "sun_azimuth": -56.72608038544424, "focal_spot": {"HeliOS": [50.91339202242971, 6.387826621322783, 122.93546148915166], "UTIS": [50.91339203590919, 6.387826869949306, 122.8505630493164]}}