{"motor_position": {"axis_1_motor_position": 50813, "axis_2_motor_position": 35199}, "target_name": "solar_tower_juelich_lower", "sun_elevation": 33.72222621512968, "sun_azimuth": 57.77227685305359, "focal_spot": {"HeliOS": [50.91339201907456, 6.387827977978893, 122.79222793903054], "UTIS": [50.913392027426035, 6.387829419724723, 122.71292114257812]}}