{"motor_position": {"axis_1_motor_position": 50034, "axis_2_motor_position": 41752}, "target_name": "solar_tower_juelich_lower", "sun_elevation": 41.382246455441745, "sun_azimuth": 40.03458677696394, "focal_spot": {"HeliOS": [50.91339201688745, 6.387828291798203, 123.13815332236976], "UTIS": [50.91339202576295, 6.387829919593875, 123.05532836914062]}}