{"motor_position": {"axis_1_motor_position": 49827, "axis_2_motor_position": 44556}, "target_name": "solar_tower_juelich_lower", "sun_elevation": 44.01642764364167, "sun_azimuth": 31.019230702809324, "focal_spot": {"HeliOS": [50.91339200904577, 6.387830742159557, 123.39598994540064], "UTIS": [50.913392018395136, 6.387832134115178, 123.2851791381836]}}