{"motor_position": {"axis_1_motor_position": 50363, "axis_2_motor_position": 62888}, "target_name": "solar_tower_juelich_lower", "sun_elevation": 40.929180112134375, "sun_azimuth": -41.16412367911134, "focal_spot": {"HeliOS": [50.91339202894744, 6.387824120353372, 123.09062525114552], "UTIS": [50.91339204184863, 6.38782508472751, 123.06300735473631]}}