{"motor_position": {"axis_1_motor_position": 48723, "axis_2_motor_position": 47497}, "target_name": "multi_focus_tower", "sun_elevation": 43.89085351723657, "sun_azimuth": 24.760066460728737, "focal_spot": {"HeliOS": [50.91339643712049, 6.387578350919529, 139.2963604053956], "UTIS": [50.913396439831224, 6.387578438084879, 139.25943756103516]}}