{"motor_position": {"axis_1_motor_position": 48644, "axis_2_motor_position": 50158}, "target_name": "multi_focus_tower", "sun_elevation": 45.430630083884004, "sun_azimuth": 14.905243318480075, "focal_spot": {"HeliOS": [50.91339643821001, 6.387578042062483, 139.399887558126], "UTIS": [50.91339644219604, 6.387577726835535, 139.33876419067383]}}