{"motor_position": {"axis_1_motor_position": 48624, "axis_2_motor_position": 52005}, "target_name": "multi_focus_tower", "sun_elevation": 46.058740250676905, "sun_azimuth": 7.660735983558511, "focal_spot": {"HeliOS": [50.91339644294617, 6.387576726381431, 139.398769697366], "UTIS": [50.91339644528492, 6.387576797812527, 139.36306381225586]}}