{"motor_position": {"axis_1_motor_position": 48660, "axis_2_motor_position": 55219}, "target_name": "multi_focus_tower", "sun_elevation": 46.15914915143, "sun_azimuth": -5.488756447649582, "focal_spot": {"HeliOS": [50.91339644805817, 6.3875753140504745, 139.4540235365771], "UTIS": [50.913396451258784, 6.3875750010848495, 139.40601348876953]}}