{"motor_position": {"axis_1_motor_position": 53093, "axis_2_motor_position": 70641}, "target_name": "solar_tower_juelich_lower", "sun_elevation": 25.780866749530126, "sun_azimuth": -67.94217812610265, "focal_spot": {"HeliOS": [50.913392022401084, 6.387827325377535, 122.41495835313088], "UTIS": [50.91339203573569, 6.387826922101075, 122.33863830566406]}}