{"motor_position": {"axis_1_motor_position": 54830, "axis_2_motor_position": 73773}, "target_name": "solar_tower_juelich_lower", "sun_elevation": 18.286344260191623, "sun_azimuth": -78.51569998292861, "focal_spot": {"HeliOS": [50.91339202812088, 6.3878260320681095, 121.93188869794405], "UTIS": [50.9133920393347, 6.3878258403450925, 121.83267211914062]}}