{"motor_position": {"axis_1_motor_position": 50646, "axis_2_motor_position": 59137}, "target_name": "solar_tower_juelich_lower", "sun_elevation": 43.23787495080822, "sun_azimuth": -25.886852966886085, "focal_spot": {"HeliOS": [50.91339201914835, 6.387827059011019, 123.46039932866492], "UTIS": [50.913392031239034, 6.387828273660428, 123.38108825683594]}}