{"motor_position": {"axis_1_motor_position": 52368, "axis_2_motor_position": 68250}, "target_name": "solar_tower_juelich_lower", "sun_elevation": 30.4195693075973, "sun_azimuth": -59.62230949141087, "focal_spot": {"HeliOS": [50.91339202900339, 6.387824588098064, 122.75756567122257], "UTIS": [50.9133920424279, 6.387824910617079, 122.6175765991211]}}