{"motor_position": {"axis_1_motor_position": 51606, "axis_2_motor_position": 64702}, "target_name": "solar_tower_juelich_lower", "sun_elevation": 36.25523660736127, "sun_azimuth": -46.92153464604461, "focal_spot": {"HeliOS": [50.91339202781268, 6.387824470194198, 123.12362593699288], "UTIS": [50.91339204190864, 6.387825066692707, 123.04155349731444]}}