{"motor_position": {"axis_1_motor_position": 51459, "axis_2_motor_position": 38374}, "target_name": "solar_tower_juelich_lower", "sun_elevation": 35.45643506468621, "sun_azimuth": 48.00408638181154, "focal_spot": {"HeliOS": [50.91339202505941, 6.3878256195662795, 122.99578748616572]}}