{"motor_position": {"axis_1_motor_position": 50771, "axis_2_motor_position": 48900}, "target_name": "solar_tower_juelich_lower", "sun_elevation": 43.973500308653904, "sun_azimuth": 14.468608194413758, "focal_spot": {"HeliOS": [50.91339201512621, 6.387828457122652, 123.48865046113292], "UTIS": [50.913392025738055, 6.387829927078999, 123.40238571166992]}}