{"motor_position": {"axis_1_motor_position": 50756, "axis_2_motor_position": 53402}, "target_name": "solar_tower_juelich_lower", "sun_elevation": 44.75786982137776, "sun_azimuth": -2.7875515721182316, "focal_spot": {"HeliOS": [50.91339201685656, 6.387827733155563, 123.56702810828044], "UTIS": [50.91339202866169, 6.387829048329813, 123.434814453125]}}