{"motor_position": {"axis_1_motor_position": 51321, "axis_2_motor_position": 46098}, "target_name": "solar_tower_juelich_lower", "sun_elevation": 41.339564663170705, "sun_azimuth": 23.93707749259096, "focal_spot": {"HeliOS": [50.913392014851254, 6.3878286724167825, 123.3990773005258], "UTIS": [50.91339202557629, 6.387829975698386, 123.30178833007812]}}