{"motor_position": {"axis_1_motor_position": 51270, "axis_2_motor_position": 55746}, "target_name": "solar_tower_juelich_lower", "sun_elevation": 43.066567317273716, "sun_azimuth": -12.032084754818783, "focal_spot": {"HeliOS": [50.913392017494225, 6.387827473241532, 123.58993505677677], "UTIS": [50.91339203027553, 6.3878285632546215, 123.48591995239258]}}