{"motor_position": {"axis_1_motor_position": 51762, "axis_2_motor_position": 61097}, "target_name": "solar_tower_juelich_lower", "sun_elevation": 39.15743453632698, "sun_azimuth": -32.816066392661945, "focal_spot": {"HeliOS": [50.91339201591427, 6.38782831710817, 123.38163054382686], "UTIS": [50.91339202744875, 6.387829412893869, 123.33798599243164]}}