{"motor_position": {"axis_1_motor_position": 51924, "axis_2_motor_position": 40854}, "target_name": "solar_tower_juelich_lower", "sun_elevation": 36.49003409218038, "sun_azimuth": 40.07037799709478, "focal_spot": {"HeliOS": [50.91339201760339, 6.387828211929914, 123.00653211672795], "UTIS": [50.913392027622415, 6.387829360698031, 122.88307571411131]}}