{"motor_position": {"axis_1_motor_position": 52173, "axis_2_motor_position": 50965}, "target_name": "solar_tower_juelich_lower", "sun_elevation": 40.82501400414046, "sun_azimuth": 6.0128951567718385, "focal_spot": {"HeliOS": [50.9133920201112, 6.387826677762176, 123.4874097873736], "UTIS": [50.91339203255655, 6.3878278776541135, 123.41904067993164]}}