{"motor_position": {"axis_1_motor_position": 53146, "axis_2_motor_position": 43541}, "target_name": "solar_tower_juelich_lower", "sun_elevation": 35.410751763869975, "sun_azimuth": 30.34611267645667, "focal_spot": {"HeliOS": [50.913392034728794, 6.387822095557738, 123.08778763753972], "UTIS": [50.913392047681846, 6.387823331425961, 123.02775955200195]}}