{"motor_position": {"axis_1_motor_position": 55049, "axis_2_motor_position": 30407}, "target_name": "multi_focus_tower", "sun_elevation": 16.854897854025854, "sun_azimuth": 66.0594351401927, "focal_spot": {"HeliOS": [50.91339646612827, 6.387569738738544, 138.31927376857078], "UTIS": [50.913396467872595, 6.387570004196169, 138.3200569152832]}}