{"motor_position": {"axis_1_motor_position": 54401, "axis_2_motor_position": 40104}, "target_name": "multi_focus_tower", "sun_elevation": 25.688997655632708, "sun_azimuth": 41.6711969552739, "focal_spot": {"HeliOS": [50.9133964724081, 6.387568198159538, 138.8350285345187]}}