{"motor_position": {"axis_1_motor_position": 57976, "axis_2_motor_position": 62303}, "target_name": "multi_focus_tower", "sun_elevation": 19.495851688740036, "sun_azimuth": -29.261701651236415, "focal_spot": {"HeliOS": [50.91339646526511, 6.387570353115062, 139.02873139198425], "UTIS": [50.91339646488069, 6.387570904065169, 138.99291229248047]}}