{"motor_position": {"axis_1_motor_position": 59890, "axis_2_motor_position": 39974}, "target_name": "solar_tower_juelich_lower", "sun_elevation": 16.471393287685515, "sun_azimuth": 35.217559234184115, "focal_spot": {"HeliOS": [50.913392037584245, 6.38782121715145, 123.01103435056253], "UTIS": [50.91339205052307, 6.387822477430558, 122.95021438598631]}}