{"motor_position": {"axis_1_motor_position": 61241, "axis_2_motor_position": 60028}, "target_name": "solar_tower_juelich_upper", "sun_elevation": 13.034972523845495, "sun_azimuth": -24.595951301154443, "focal_spot": {"HeliOS": [50.91339203396383, 6.387819836991637, 129.95960811559144], "UTIS": [50.91339206016259, 6.387819580030914, 129.95343780517578]}}