{"motor_position": {"axis_1_motor_position": 60792, "axis_2_motor_position": 41838}, "target_name": "solar_tower_juelich_lower", "sun_elevation": 14.674244655660923, "sun_azimuth": 29.700178622990343, "focal_spot": {"HeliOS": [50.91339205655867, 6.387814042435187, 123.29129932208456], "UTIS": [50.913392075314405, 6.387815025734554, 123.20752334594728]}}