{"motor_position": {"axis_1_motor_position": 59599, "axis_2_motor_position": 43817}, "target_name": "solar_tower_juelich_lower", "sun_elevation": 18.614056247567607, "sun_azimuth": 24.783295165839277, "focal_spot": {"HeliOS": [50.91339203898946, 6.3878203798512585, 123.22149428427905], "UTIS": [50.91339205344239, 6.387821599962797, 123.15997695922852]}}