{"motor_position": {"axis_1_motor_position": 55344, "axis_2_motor_position": 42180}, "target_name": "solar_tower_juelich_lower", "sun_elevation": 29.17336835144127, "sun_azimuth": 32.31567187006599, "focal_spot": {"HeliOS": [50.91339202884162, 6.387824271818677, 123.01324650634795], "UTIS": [50.913392040961966, 6.387825351235802, 122.92748260498048]}}