{"motor_position": {"axis_1_motor_position": 53167, "axis_2_motor_position": 48646}, "target_name": "solar_tower_juelich_upper", "sun_elevation": 36.1002809941862, "sun_azimuth": 13.14095024380353, "focal_spot": {"HeliOS": [50.913392024249866, 6.387825215925598, 129.9201602445268], "UTIS": [50.91339203832153, 6.38782614487563, 129.9189109802246]}}