{"motor_position": {"axis_1_motor_position": 53114, "axis_2_motor_position": 52431}, "target_name": "solar_tower_juelich_upper", "sun_elevation": 36.87655978165728, "sun_azimuth": 0.0657137350861825, "focal_spot": {"HeliOS": [50.91339202647092, 6.387824196225976, 130.03464003133053], "UTIS": [50.91339204100171, 6.387825339289439, 130.01619338989258]}}