{"motor_position": {"axis_1_motor_position": 53217, "axis_2_motor_position": 55504}, "target_name": "solar_tower_juelich_upper", "sun_elevation": 36.35258202688412, "sun_azimuth": -10.98939899506455, "focal_spot": {"HeliOS": [50.91339202844339, 6.387822944040935, 129.9618927186792], "UTIS": [50.91339204767976, 6.387823332049721, 129.89564514160156]}}