{"motor_position": {"axis_1_motor_position": 53519, "axis_2_motor_position": 58979}, "target_name": "solar_tower_juelich_upper", "sun_elevation": 34.3994239727071, "sun_azimuth": -23.60977014271625, "focal_spot": {"HeliOS": [50.913392027040025, 6.3878234446372755, 129.81035846574264], "UTIS": [50.913392046393525, 6.3878237186589555, 129.74245071411133]}}