{"motor_position": {"axis_1_motor_position": 55215, "axis_2_motor_position": 64700}, "target_name": "solar_tower_juelich_lower", "sun_elevation": 28.032538414672437, "sun_azimuth": -43.67302142430396, "focal_spot": {"HeliOS": [50.9133920298, 6.387824300899108, 122.76556457714284], "UTIS": [50.91339204459482, 6.387824259296255, 122.71602630615234]}}