{"motor_position": {"axis_1_motor_position": 52480, "axis_2_motor_position": 62563}, "target_name": "solar_tower_juelich_lower", "sun_elevation": 36.28478673279225, "sun_azimuth": -37.875419533064175, "focal_spot": {"HeliOS": [50.91339202486601, 6.387825701759666, 122.98542753311943], "UTIS": [50.913392038828256, 6.387825992562899, 122.90531158447266]}}