{"motor_position": {"axis_1_motor_position": 46701, "axis_2_motor_position": 48299}, "target_name": "solar_tower_juelich_upper", "sun_elevation": 52.38259473647413, "sun_azimuth": 20.241045494436868, "focal_spot": {"HeliOS": [50.91339202001558, 6.387827344326229, 129.81099027912626], "UTIS": [50.91339203215789, 6.387827997477076, 129.82831192016602]}}