{"motor_position": {"axis_1_motor_position": 45269, "axis_2_motor_position": 70590}, "target_name": "solar_tower_juelich_upper", "sun_elevation": 36.702918375306005, "sun_azimuth": -77.51036281742348, "focal_spot": {"HeliOS": [50.913392005423596, 6.387834235834868, 129.37986798719743], "UTIS": [50.913392013323374, 6.387833658513712, 129.39105224609375]}}