{"motor_position": {"axis_1_motor_position": 45844, "axis_2_motor_position": 48223}, "target_name": "multi_focus_tower", "sun_elevation": 48.74477912162333, "sun_azimuth": -51.197195303128886, "focal_spot": {"HeliOS": [50.913396454268764, 6.387573635426325, 139.6148752983746], "UTIS": [50.913396456972585, 6.387573282571271, 139.58708953857422]}}