{"motor_position": {"axis_1_motor_position": 46004, "axis_2_motor_position": 52086}, "target_name": "multi_focus_tower", "sun_elevation": 43.11793451295986, "sun_azimuth": -63.21626095423709, "focal_spot": {"HeliOS": [50.913396453756, 6.387573679271438, 139.22110928539948], "UTIS": [50.913396456754, 6.387573348310174, 139.1797637939453]}}