{"motor_position": {"axis_1_motor_position": 46349, "axis_2_motor_position": 8673}, "target_name": "multi_focus_tower", "sun_elevation": 32.28262147055637, "sun_azimuth": 83.43349567956933, "focal_spot": {"HeliOS": [50.91339647358551, 6.3875680787913405, 139.17861717887527], "UTIS": [50.91339647340977, 6.3875683387835664, 139.0853385925293]}}