{"motor_position": {"axis_1_motor_position": 45862, "axis_2_motor_position": 15963}, "target_name": "multi_focus_tower", "sun_elevation": 42.657613506315805, "sun_azimuth": 68.18637432310706, "focal_spot": {"HeliOS": [50.91339643023008, 6.387580401858522, 138.67097140186297], "UTIS": [50.913396442608565, 6.387577602761498, 138.49258041381836]}}