{"motor_position": {"axis_1_motor_position": 45515, "axis_2_motor_position": 22513}, "target_name": "multi_focus_tower", "sun_elevation": 50.864734501165444, "sun_azimuth": 51.39208239972934, "focal_spot": {"HeliOS": [50.91339651142859, 6.387556924185333, 138.8238553915157]}}