{"motor_position": {"axis_1_motor_position": 45301, "axis_2_motor_position": 27508}, "target_name": "multi_focus_tower", "sun_elevation": 56.140595518271944, "sun_azimuth": 34.14821815647206, "focal_spot": {"HeliOS": [50.913396428415, 6.387580871815805, 138.9203533970642], "UTIS": [50.91339643416523, 6.387580142197727, 138.8396110534668]}}