{"motor_position": {"axis_1_motor_position": 44972, "axis_2_motor_position": 38850}, "target_name": "multi_focus_tower", "sun_elevation": 59.074352176751894, "sun_azimuth": -15.804347428960357, "focal_spot": {"HeliOS": [50.91339642355768, 6.3875818923379954, 140.15158851382355], "UTIS": [50.91339643109364, 6.387581066013695, 140.13325881958008]}}