{"motor_position": {"axis_1_motor_position": 45043, "axis_2_motor_position": 42285}, "target_name": "multi_focus_tower", "sun_elevation": 56.86730537043708, "sun_azimuth": -30.855096334903408, "focal_spot": {"HeliOS": [50.91339645034103, 6.387574597579521, 139.0014168427791], "UTIS": [50.91339645364649, 6.387574282947023, 138.9860496520996]}}