{"motor_position": {"axis_1_motor_position": 45042, "axis_2_motor_position": 44232}, "target_name": "multi_focus_tower", "sun_elevation": 55.01847353004534, "sun_azimuth": -38.78512258893573, "focal_spot": {"HeliOS": [50.913396450565244, 6.38757453103834, 138.9882809094854], "UTIS": [50.91339645427885, 6.387574092754405, 138.94598388671875]}}