{
  "heliostat_position": [
    50.91539743429865,
    6.389028065411809,
    88.78896332
  ],
  "height": 2.559999942779541,
  "width": 3.2200000286102295,
  "initial_orientation": [
    0.0,
    -1.0,
    0.0
  ],
  "kinematics_properties": {
    "actuators": [
      {
        "type_axis": "linear",
        "min_increment": 0,
        "max_increment": 68898,
        "increment": 154166.6667,
        "offset_shift": 0,
        "initial_stroke_length": 0.07638162,
        "offset": 0.335308,
        "pivot_radius": 0.338095,
        "radius_shift": 0,
        "clockwise_axis_movement": 0,
        "initial_angle": 0.007702399,
        "min_movement_angle": 0.012157964,
        "max_movement_angle": 1.570796327,
        "movement_speed": 0
      },
      {
        "type_axis": "linear",
        "min_increment": 0,
        "max_increment": 75381,
        "increment": 154166.6667,
        "offset_shift": 0,
        "initial_stroke_length": 0.07761219,
        "offset": 0.340771,
        "pivot_radius": 0.3191,
        "radius_shift": 0,
        "clockwise_axis_movement": 1,
        "initial_angle": 0.930770896,
        "min_movement_angle": -0.95993,
        "max_movement_angle": 0.927403693,
        "movement_speed": 0
      }
    ],
    "joint_translation_e_1": 0.0,
    "joint_translation_n_1": 0.0,
    "joint_translation_u_1": 0.0,
    "joint_translation_e_2": 0.0,
    "joint_translation_n_2": 0.0,
    "joint_translation_u_2": 0.0,
    "concentrator_translation_e": 0.0,
    "concentrator_translation_n": 0.175,
    "concentrator_translation_u": 0.0
  },
  "facet_properties": {
    "canting_type": "receiver canting",
    "number_of_facets": 4,
    "facets": [
      {
        "translation_vector": [
          -0.8075,
          0.6425,
          0.0402
        ],
        "canting_e": [
          0.8024988799680314,
          -0.0,
          -0.001340199178919578
        ],
        "canting_n": [
          1.4182236408423137e-06,
          0.6374994352795363,
          0.0008470992647684437
        ]
      },
      {
        "translation_vector": [
          0.8075,
          0.6425,
          0.0402
        ],
        "canting_e": [
          0.8024988799680314,
          -0.0,
          0.001340199178919578
        ],
        "canting_n": [
          -1.4182236408423137e-06,
          0.6374994352795363,
          0.0008470992647684437
        ]
      },
      {
        "translation_vector": [
          -0.8075,
          -0.6425,
          0.0402
        ],
        "canting_e": [
          0.8024988799680314,
          -0.0,
          -0.001340199178919578
        ],
        "canting_n": [
          -1.4182236408423137e-06,
          0.6374994352795363,
          -0.0008470992647684437
        ]
      },
      {
        "translation_vector": [
          0.8075,
          -0.6425,
          0.0402
        ],
        "canting_e": [
          0.8024988799680314,
          -0.0,
          0.001340199178919578
        ],
        "canting_n": [
          1.4182236408423137e-06,
          0.6374994352795363,
          -0.0008470992647684437
        ]
      }
    ]
  },
  "renovation": "2022-06-09"
}