{"motor_position": {"axis_1_motor_position": 59529, "axis_2_motor_position": 21154}, "target_name": "multi_focus_tower", "sun_elevation": 15.12812872058637, "sun_azimuth": 44.41635548318977, "focal_spot": {"HeliOS": [50.91339643930221, 6.387577744037593, 139.13264954059886], "UTIS": [50.91339644082417, 6.387578139439344, 139.08259963989258]}}