{"motor_position": {"axis_1_motor_position": 60094, "axis_2_motor_position": 19095}, "target_name": "multi_focus_tower", "sun_elevation": 12.697119441239998, "sun_azimuth": 49.100661952445186, "focal_spot": {"HeliOS": [50.91339644718044, 6.387575558405028, 139.4653260072443], "UTIS": [50.91339645018748, 6.387575323297668, 139.44501113891602]}}