{"motor_position": {"axis_1_motor_position": 59155, "axis_2_motor_position": 22630}, "target_name": "multi_focus_tower", "sun_elevation": 16.73101723752695, "sun_azimuth": 41.00902571044222, "focal_spot": {"HeliOS": [50.91339644206523, 6.387576964819798, 139.19877247488122], "UTIS": [50.91339644208233, 6.387577761033867, 139.15445709228516]}}