{"motor_position": {"axis_1_motor_position": 58851, "axis_2_motor_position": 23962}, "target_name": "multi_focus_tower", "sun_elevation": 18.088055627714326, "sun_azimuth": 37.861223593062455, "focal_spot": {"HeliOS": [50.913396437767034, 6.387578170218366, 139.2934778870736], "UTIS": [50.91339643862779, 6.38757880002851, 139.2417335510254]}}