{"motor_position": {"axis_1_motor_position": 58175, "axis_2_motor_position": 27831}, "target_name": "multi_focus_tower", "sun_elevation": 21.475383064340985, "sun_azimuth": 28.36099988346637, "focal_spot": {"HeliOS": [50.91339644451765, 6.3875762676724595, 139.11246883757678], "UTIS": [50.91339644482594, 6.387576935853369, 139.0528907775879]}}