{"motor_position": {"axis_1_motor_position": 58606, "axis_2_motor_position": 25301}, "target_name": "multi_focus_tower", "sun_elevation": 19.35664956043844, "sun_azimuth": 34.6348563581526, "focal_spot": {"HeliOS": [50.91339643817644, 6.387578065983044, 139.04799607659152], "UTIS": [50.91339643964719, 6.387578493436815, 138.99083709716797]}}