{"motor_position": {"axis_1_motor_position": 57977, "axis_2_motor_position": 29255}, "target_name": "multi_focus_tower", "sun_elevation": 22.502327525540366, "sun_azimuth": 24.70718265925023, "focal_spot": {"HeliOS": [50.91339644145905, 6.387577131191281, 138.98597150872547], "UTIS": [50.91339644256429, 6.387577616077421, 138.95563507080078]}}