{"motor_position": {"axis_1_motor_position": 57819, "axis_2_motor_position": 30565}, "target_name": "multi_focus_tower", "sun_elevation": 23.32903308631436, "sun_azimuth": 21.28706628312515, "focal_spot": {"HeliOS": [50.913396444346816, 6.387576308649544, 139.01453286651872], "UTIS": [50.91339644468519, 6.387576978187703, 138.96693420410156]}}