{"motor_position": {"axis_1_motor_position": 57679, "axis_2_motor_position": 31966}, "target_name": "multi_focus_tower", "sun_elevation": 24.088923658754865, "sun_azimuth": 17.537378846300356, "focal_spot": {"HeliOS": [50.91339643897841, 6.387577839335808, 138.99656117415003], "UTIS": [50.913396439653134, 6.387578491646895, 138.96077346801758]}}