{"motor_position": {"axis_1_motor_position": 57556, "axis_2_motor_position": 33478}, "target_name": "multi_focus_tower", "sun_elevation": 24.74865359405508, "sun_azimuth": 13.431907282217683, "focal_spot": {"HeliOS": [50.91339644031375, 6.387577458281176, 138.98354747799948], "UTIS": [50.91339644154438, 6.387577922831837, 138.94026565551758]}}