{"motor_position": {"axis_1_motor_position": 57471, "axis_2_motor_position": 34849}, "target_name": "multi_focus_tower", "sun_elevation": 25.200516022296732, "sun_azimuth": 9.643358484949383, "focal_spot": {"HeliOS": [50.91339644272228, 6.387576769060466, 138.9555018824825], "UTIS": [50.913396447936194, 6.38757600040292, 138.93743896484375]}}