{"motor_position": {"axis_1_motor_position": 55104, "axis_2_motor_position": 26435}, "target_name": "multi_focus_tower", "sun_elevation": 29.127688405898255, "sun_azimuth": 33.74949238142916, "focal_spot": {"HeliOS": [50.9133964388499, 6.387577887868908, 138.62336706049027], "UTIS": [50.913396439985675, 6.387578391628303, 138.57957458496094]}}