{"motor_position": {"axis_1_motor_position": 56013, "axis_2_motor_position": 46716}, "target_name": "solar_tower_juelich_lower", "sun_elevation": 30.102283478355787, "sun_azimuth": -30.8294561219302, "focal_spot": {"HeliOS": [50.91339199305967, 6.387837083966668, 122.68995409374337], "UTIS": [50.91339199550678, 6.387839013521425, 122.59015655517578]}}