{"motor_position": {"axis_1_motor_position": 54357, "axis_2_motor_position": 51928}, "target_name": "multi_focus_tower", "sun_elevation": 28.369943251740875, "sun_azimuth": -42.87184425490539, "focal_spot": {"HeliOS": [50.91339645682553, 6.387572765817471, 139.05883156524914], "UTIS": [50.91339645626005, 6.3875734968735784, 139.03936386108398]}}