{"motor_position": {"axis_1_motor_position": 53858, "axis_2_motor_position": 19932}, "target_name": "solar_tower_juelich_upper", "sun_elevation": 30.86616508865636, "sun_azimuth": 48.055346866191435, "focal_spot": {"HeliOS": [50.913392015172974, 6.3878294513754295, 129.56828752686465], "UTIS": [50.91339202127667, 6.387831268024257, 129.57913208007812]}}