{"motor_position": {"axis_1_motor_position": 52449, "axis_2_motor_position": 48154}, "target_name": "solar_tower_juelich_upper", "sun_elevation": 36.14264273155969, "sun_azimuth": -38.293432590583166, "focal_spot": {"HeliOS": [50.91339205634615, 6.38780780002561, 130.94642284627702], "UTIS": [50.913392096597015, 6.387808628572819, 131.00110626220703]}}