{"motor_position": {"axis_1_motor_position": 48238, "axis_2_motor_position": 26925}, "target_name": "multi_focus_tower", "sun_elevation": 46.277192537522, "sun_azimuth": 38.75031004172088, "focal_spot": {"HeliOS": [50.9133964340803, 6.387579230040608, 139.05505703407275], "UTIS": [50.91339643546747, 6.387579750530567, 139.00133895874023]}}