{"motor_position": {"axis_1_motor_position": 47414, "axis_2_motor_position": 8445}, "target_name": "multi_focus_tower", "sun_elevation": 27.54047437343115, "sun_azimuth": 86.22276053728349, "focal_spot": {"HeliOS": [50.91339645448223, 6.387573026443199, 137.6872508788953], "UTIS": [50.913396456667805, 6.387573374236901, 137.61730194091797]}}