{"motor_position": {"axis_1_motor_position": 45865, "axis_2_motor_position": 36318}, "target_name": "solar_tower_juelich_lower", "sun_elevation": 59.79635957596909, "sun_azimuth": -2.775777875266219, "focal_spot": {"HeliOS": [50.913391994614564, 6.387836057150068, 123.21092628847066], "UTIS": [50.913391998392015, 6.387838146328753, 123.0612564086914]}}