{"motor_position": {"axis_1_motor_position": 45513, "axis_2_motor_position": 16250}, "target_name": "solar_tower_juelich_lower", "sun_elevation": 45.1420759692115, "sun_azimuth": 69.74986467593925, "focal_spot": {"HeliOS": [50.913391954791635, 6.387850199516562, 122.9553057645758], "UTIS": [50.91339195408946, 6.3878514617427005, 122.86982345581056]}}