{"motor_position": {"axis_1_motor_position": 45024, "axis_2_motor_position": 54676}, "target_name": "solar_tower_juelich_lower", "sun_elevation": 42.17632163058496, "sun_azimuth": -74.48143804242935, "focal_spot": {"HeliOS": [50.91339198871977, 6.387838881524577, 122.32308436476784], "UTIS": [50.9133919925049, 6.387839915770092, 122.2505226135254]}}