{"motor_position": {"axis_1_motor_position": 44808, "axis_2_motor_position": 45518}, "target_name": "solar_tower_juelich_lower", "sun_elevation": 56.324232182961836, "sun_azimuth": -44.391132706919706, "focal_spot": {"HeliOS": [50.913392101752606, 6.387798190886315, 123.23502167525024], "UTIS": [50.91339213021456, 6.387798523536842, 123.12495803833008]}}