{"motor_position": {"axis_1_motor_position": 44815, "axis_2_motor_position": 41467}, "target_name": "solar_tower_juelich_lower", "sun_elevation": 60.024983846351645, "sun_azimuth": -28.165351436301986, "focal_spot": {"HeliOS": [50.91339200895595, 6.3878307664324545, 123.19844581581197], "UTIS": [50.91339202352111, 6.387830593417521, 123.14764785766602]}}