{"motor_position": {"axis_1_motor_position": 44889, "axis_2_motor_position": 49963}, "target_name": "solar_tower_juelich_lower", "sun_elevation": 49.91569576292328, "sun_azimuth": -60.6126772730374, "focal_spot": {"HeliOS": [50.91339200061794, 6.387834145497502, 122.8285521740681], "UTIS": [50.91339201221532, 6.387833991554151, 122.76759338378906]}}