{
  "heliostat_position": [
    50.91549717992006,
    6.389467074928677,
    88.79070282
  ],
  "height": 2.559999942779541,
  "width": 3.2200000286102295,
  "initial_orientation": [
    0.0,
    -1.0,
    0.0
  ],
  "kinematics_properties": {
    "actuators": [
      {
        "type_axis": "linear",
        "min_increment": 0,
        "max_increment": 69525,
        "increment": 154166.6667,
        "offset_shift": 0,
        "initial_stroke_length": 0.073542131,
        "offset": 0.335308,
        "pivot_radius": 0.338095,
        "radius_shift": 0,
        "clockwise_axis_movement": 0,
        "initial_angle": -0.014955195,
        "min_movement_angle": -0.02249904,
        "max_movement_angle": 1.570796327,
        "movement_speed": 0
      },
      {
        "type_axis": "linear",
        "min_increment": 0,
        "max_increment": 75485,
        "increment": 154166.6667,
        "offset_shift": 0,
        "initial_stroke_length": 0.077654828,
        "offset": 0.340771,
        "pivot_radius": 0.3191,
        "radius_shift": 0,
        "clockwise_axis_movement": 1,
        "initial_angle": 0.93002089,
        "min_movement_angle": -0.95993,
        "max_movement_angle": 0.92987508,
        "movement_speed": 0
      }
    ],
    "joint_translation_e_1": 0.0,
    "joint_translation_n_1": 0.0,
    "joint_translation_u_1": 0.0,
    "joint_translation_e_2": 0.0,
    "joint_translation_n_2": 0.0,
    "joint_translation_u_2": 0.0,
    "concentrator_translation_e": 0.0,
    "concentrator_translation_n": 0.175,
    "concentrator_translation_u": 0.0
  },
  "facet_properties": {
    "canting_type": "receiver canting",
    "number_of_facets": 4,
    "facets": [
      {
        "translation_vector": [
          -0.8075,
          0.6425,
          0.0402
        ],
        "canting_e": [
          0.8024990577314538,
          -0.0,
          -0.001231541317775783
        ],
        "canting_n": [
          1.1931383020374004e-06,
          0.6374995243867596,
          0.0007784201421636411
        ]
      },
      {
        "translation_vector": [
          0.8075,
          0.6425,
          0.0402
        ],
        "canting_e": [
          0.8024990577314538,
          -0.0,
          0.001231541317775783
        ],
        "canting_n": [
          -1.1931383020374004e-06,
          0.6374995243867596,
          0.0007784201421636411
        ]
      },
      {
        "translation_vector": [
          -0.8075,
          -0.6425,
          0.0402
        ],
        "canting_e": [
          0.8024990577314538,
          -0.0,
          -0.001231541317775783
        ],
        "canting_n": [
          -1.1931383020374004e-06,
          0.6374995243867596,
          -0.0007784201421636411
        ]
      },
      {
        "translation_vector": [
          0.8075,
          -0.6425,
          0.0402
        ],
        "canting_e": [
          0.8024990577314538,
          -0.0,
          0.001231541317775783
        ],
        "canting_n": [
          1.1931383020374004e-06,
          0.6374995243867596,
          -0.0007784201421636411
        ]
      }
    ]
  },
  "renovation": "2022-06-09"
}