{"motor_position": {"axis_1_motor_position": 58794, "axis_2_motor_position": 56483}, "target_name": "solar_tower_juelich_upper", "sun_elevation": 19.920909568174114, "sun_azimuth": -41.29996470064259, "focal_spot": {"HeliOS": [50.91339204070189, 6.387815619965395, 129.607648145526], "UTIS": [50.91339207452529, 6.387815262926119, 129.66296005249023]}}