{"motor_position": {"axis_1_motor_position": 59026, "axis_2_motor_position": 57309}, "target_name": "solar_tower_juelich_upper", "sun_elevation": 18.731530082244266, "sun_azimuth": -43.91526725412018, "focal_spot": {"HeliOS": [50.913392014972665, 6.38783070707775, 130.03627831005394], "UTIS": [50.913392020187054, 6.387831595525437, 130.03358840942383]}}