{"motor_position": {"axis_1_motor_position": 59661, "axis_2_motor_position": 59161}, "target_name": "solar_tower_juelich_upper", "sun_elevation": 16.03960047702625, "sun_azimuth": -49.276795040301856, "focal_spot": {"HeliOS": [50.913392023541604, 6.387825817161628, 130.01742236360803], "UTIS": [50.91339203801505, 6.387826236988727, 129.970703125]}}