{"motor_position": {"axis_1_motor_position": 59438, "axis_2_motor_position": 58549}, "target_name": "solar_tower_juelich_upper", "sun_elevation": 16.963478146838323, "sun_azimuth": -47.51169520674565, "focal_spot": {"HeliOS": [50.913392015577706, 6.387830160714549, 129.9548379545713], "UTIS": [50.913392024577156, 6.387830276008373, 129.95172500610352]}}