{"motor_position": {"axis_1_motor_position": 59230, "axis_2_motor_position": 57942}, "target_name": "solar_tower_juelich_upper", "sun_elevation": 17.850542467054424, "sun_azimuth": -45.746339917525745, "focal_spot": {"HeliOS": [50.913392019954706, 6.387827717666304, 129.96223586495034], "UTIS": [50.91339203076111, 6.387828417308314, 129.97539138793945]}}