{"motor_position": {"axis_1_motor_position": 59893, "axis_2_motor_position": 59750}, "target_name": "solar_tower_juelich_upper", "sun_elevation": 15.105732605043379, "sun_azimuth": -50.993591961590894, "focal_spot": {"HeliOS": [50.91339202798649, 6.387823126772469, 129.9223617607533], "UTIS": [50.91339204707877, 6.387823512689296, 129.92166137695312]}}