{"motor_position": {"axis_1_motor_position": 57189, "axis_2_motor_position": 44366}, "target_name": "solar_tower_juelich_upper", "sun_elevation": 28.224161837448026, "sun_azimuth": -4.729779523604351, "focal_spot": {"HeliOS": [50.91339201667007, 6.387829739927066, 130.03369753033732], "UTIS": [50.913392023629335, 6.387830560893856, 130.09193420410156]}}