{"motor_position": {"axis_1_motor_position": 60140, "axis_2_motor_position": 60326}, "target_name": "solar_tower_juelich_upper", "sun_elevation": 14.130790031332515, "sun_azimuth": -52.721845070716306, "focal_spot": {"HeliOS": [50.91339203254813, 6.3878205022637555, 129.8804517488261], "UTIS": [50.913392055901674, 6.387820860759599, 129.85382080078125]}}