{"motor_position": {"axis_1_motor_position": 57255, "axis_2_motor_position": 45764}, "target_name": "solar_tower_juelich_upper", "sun_elevation": 27.935037928037183, "sun_azimuth": -8.952015459341883, "focal_spot": {"HeliOS": [50.91339201886537, 6.387828271822403, 129.93708737547414], "UTIS": [50.91339202771383, 6.387829333225465, 129.9555320739746]}}