{"motor_position": {"axis_1_motor_position": 58364, "axis_2_motor_position": 54322}, "target_name": "solar_tower_juelich_upper", "sun_elevation": 22.105610775840454, "sun_azimuth": -34.91274918490963, "focal_spot": {"HeliOS": [50.91339202302232, 6.387826255318354, 130.08449392666273], "UTIS": [50.91339203555282, 6.387826977066545, 130.11651611328125]}}