{"motor_position": {"axis_1_motor_position": 58650, "axis_2_motor_position": 55503}, "target_name": "solar_tower_juelich_upper", "sun_elevation": 20.743102404403253, "sun_azimuth": -38.43537289525324, "focal_spot": {"HeliOS": [50.91339202303517, 6.387826067899812, 130.00090549567915], "UTIS": [50.913392035520715, 6.387826986714487, 130.0117530822754]}}