{"motor_position": {"axis_1_motor_position": 59230, "axis_2_motor_position": 57520}, "target_name": "solar_tower_juelich_upper", "sun_elevation": 18.093003326847896, "sun_azimuth": -44.42348653112924, "focal_spot": {"HeliOS": [50.913392022502556, 6.387826414253787, 130.02204222300574], "UTIS": [50.91339203469231, 6.3878272357100325, 129.99482345581055]}}