{"motor_position": {"axis_1_motor_position": 59582, "axis_2_motor_position": 58553}, "target_name": "solar_tower_juelich_upper", "sun_elevation": 16.57846520129764, "sun_azimuth": -47.47590125708959, "focal_spot": {"HeliOS": [50.91339202175488, 6.38782684623541, 130.02627737026086], "UTIS": [50.91339203528384, 6.387827057911281, 130.0503044128418]}}