{"motor_position": {"axis_1_motor_position": 60857, "axis_2_motor_position": 58942}, "target_name": "solar_tower_juelich_lower", "sun_elevation": 14.593415408155112, "sun_azimuth": -48.24077978989558, "focal_spot": {"HeliOS": [50.9133920210222, 6.387826440287362, 123.42486139488145], "UTIS": [50.91339203586557, 6.3878268830618286, 123.34729766845705]}}