{"motor_position": {"axis_1_motor_position": 59212, "axis_2_motor_position": 28800}, "target_name": "solar_tower_juelich_upper", "sun_elevation": 18.773981362113858, "sun_azimuth": 37.901745595460724, "focal_spot": {"HeliOS": [50.913392020380805, 6.387827353890555, 129.9068794199933], "UTIS": [50.91339203599386, 6.387826844503959, 130.075927734375]}}