{"motor_position": {"axis_1_motor_position": 61860, "axis_2_motor_position": 26783}, "target_name": "solar_tower_juelich_lower", "sun_elevation": 12.300055069407364, "sun_azimuth": 41.76460159372837, "focal_spot": {"HeliOS": [50.9133920215307, 6.387825336086249, 124.06037678101154], "UTIS": [50.91339203679117, 6.387826604851255, 123.89766693115234]}}