{"motor_position": {"axis_1_motor_position": 61792, "axis_2_motor_position": 55991}, "target_name": "solar_tower_juelich_lower", "sun_elevation": 13.398892091536887, "sun_azimuth": -38.53776507598557, "focal_spot": {"HeliOS": [50.91339202365846, 6.387825271161403, 123.58287037934042], "UTIS": [50.913392038729576, 6.387826022225406, 123.50324249267578]}}