{"motor_position": {"axis_1_motor_position": 59426, "axis_2_motor_position": 51048}, "target_name": "solar_tower_juelich_upper", "sun_elevation": 20.38392243903735, "sun_azimuth": -24.332334586808543, "focal_spot": {"HeliOS": [50.91339201730802, 6.387829680883518, 130.15638543148737], "UTIS": [50.91339202482882, 6.387830200363898, 130.21442794799805]}}