{"motor_position": {"axis_1_motor_position": 58859, "axis_2_motor_position": 37628}, "target_name": "solar_tower_juelich_upper", "sun_elevation": 22.688360265335554, "sun_azimuth": 14.593587558409428, "focal_spot": {"HeliOS": [50.91339202208768, 6.387826670473409, 130.03193302303336], "UTIS": [50.913392036962684, 6.3878265533029035, 130.03762435913086]}}