{"motor_position": {"axis_1_motor_position": 59388, "axis_2_motor_position": 51442}, "target_name": "solar_tower_juelich_upper", "sun_elevation": 20.385546685113653, "sun_azimuth": -25.53127348532896, "focal_spot": {"HeliOS": [50.91339201915254, 6.387828565639737, 130.13120655744882], "UTIS": [50.91339202650881, 6.3878296954165235, 130.14658737182617]}}