{"motor_position": {"axis_1_motor_position": 61759, "axis_2_motor_position": 59550}, "target_name": "solar_tower_juelich_upper", "sun_elevation": 10.475113968198023, "sun_azimuth": -49.44307016750088, "focal_spot": {"HeliOS": [50.91339202149674, 6.3878267710031125, 129.92595502882224], "UTIS": [50.91339203579774, 6.387826903449292, 129.87593841552734]}}