{"motor_position": {"axis_1_motor_position": 64142, "axis_2_motor_position": 63723}, "target_name": "solar_tower_juelich_upper", "sun_elevation": 2.59944120181255, "sun_azimuth": -62.10309370622354, "focal_spot": {"HeliOS": [50.91339202898459, 6.387821276348383, 129.16634050415212], "UTIS": [50.91339205582653, 6.387820883350562, 129.20328903198242]}}