{"motor_position": {"axis_1_motor_position": 57941, "axis_2_motor_position": 34916}, "target_name": "multi_focus_tower", "sun_elevation": 22.100645402956665, "sun_azimuth": 26.495008417571505, "focal_spot": {"HeliOS": [50.9133964346018, 6.3875790802651, 139.0688012119988], "UTIS": [50.913396435422214, 6.387579764144812, 139.05609893798828]}}