{"motor_position": {"axis_1_motor_position": 59018, "axis_2_motor_position": 57435}, "target_name": "multi_focus_tower", "sun_elevation": 17.45165508484075, "sun_azimuth": -39.75489269528064, "focal_spot": {"HeliOS": [50.91339643344628, 6.38757941169073, 139.04440209657645], "UTIS": [50.91339643642411, 6.387579462814397, 139.0171012878418]}}