{"motor_position": {"axis_1_motor_position": 57835, "axis_2_motor_position": 52444}, "target_name": "multi_focus_tower", "sun_elevation": 22.9771501253852, "sun_azimuth": -24.71876966617791, "focal_spot": {"HeliOS": [50.91339643208174, 6.387579793168875, 139.0862414183793], "UTIS": [50.91339643491547, 6.3875799165592575, 139.08124160766602]}}