{"motor_position": {"axis_1_motor_position": 57954, "axis_2_motor_position": 35100}, "target_name": "solar_tower_juelich_upper", "sun_elevation": 24.677649033188704, "sun_azimuth": 21.928891683804583, "focal_spot": {"HeliOS": [50.913392019640256, 6.3878274693273305, 129.7735232218643], "UTIS": [50.91339203307444, 6.387827721992064, 129.8212890625]}}