{"motor_position": {"axis_1_motor_position": 57514, "axis_2_motor_position": 40451}, "target_name": "solar_tower_juelich_lower", "sun_elevation": 28.67643566950248, "sun_azimuth": 6.968903019952143, "focal_spot": {"HeliOS": [50.913392010604554, 6.387830396470213, 123.22529404146964], "UTIS": [50.91339202348758, 6.387830603499384, 123.0319595336914]}}