{"motor_position": {"axis_1_motor_position": 56472, "axis_2_motor_position": 32468}, "target_name": "multi_focus_tower", "sun_elevation": 25.03455623263419, "sun_azimuth": 34.010949820691245, "focal_spot": {"HeliOS": [50.91339644578699, 6.3875758987069915, 139.0199374754207], "UTIS": [50.913396446666134, 6.3875763823882385, 138.9925537109375]}}