{"motor_position": {"axis_1_motor_position": 55767, "axis_2_motor_position": 39370}, "target_name": "multi_focus_tower", "sun_elevation": 29.67678424412465, "sun_azimuth": 14.997895203421292, "focal_spot": {"HeliOS": [50.91339642845551, 6.387580869917482, 138.87897834436836], "UTIS": [50.91339643324584, 6.387580418713334, 138.840576171875]}}