{"motor_position": {"axis_1_motor_position": 55881, "axis_2_motor_position": 49774}, "target_name": "multi_focus_tower", "sun_elevation": 29.412823608226443, "sun_azimuth": -16.897405911434284, "focal_spot": {"HeliOS": [50.91339647733379, 6.387566791234414, 138.85462123043837], "UTIS": [50.91339647531179, 6.387567766714108, 138.82629013061523]}}