{"motor_position": {"axis_1_motor_position": 56069, "axis_2_motor_position": 51480}, "target_name": "multi_focus_tower", "sun_elevation": 28.341511149694146, "sun_azimuth": -22.49454986095467, "focal_spot": {"HeliOS": [50.91339643441072, 6.387579218653551, 138.37781767248103], "UTIS": [50.91339643786216, 6.3875790303045035, 138.35284423828125]}}