{"motor_position": {"axis_1_motor_position": 56256, "axis_2_motor_position": 52969}, "target_name": "multi_focus_tower", "sun_elevation": 27.19987144668821, "sun_azimuth": -27.164676877392573, "focal_spot": {"HeliOS": [50.91339643102161, 6.387580192498923, 138.55885415226743], "UTIS": [50.91339643577171, 6.387579659027658, 138.5472755432129]}}