{"motor_position": {"axis_1_motor_position": 58745, "axis_2_motor_position": 25450}, "target_name": "solar_tower_juelich_lower", "sun_elevation": 19.995653528481924, "sun_azimuth": 46.99646885125278, "focal_spot": {"HeliOS": [50.91339202293781, 6.3878267378806495, 122.71939191185768], "UTIS": [50.91339203191515, 6.387828070436669, 122.6505126953125]}}