{"motor_position": {"axis_1_motor_position": 57274, "axis_2_motor_position": 33376}, "target_name": "solar_tower_juelich_lower", "sun_elevation": 27.512803687154918, "sun_azimuth": 27.26759514846518, "focal_spot": {"HeliOS": [50.913392012067696, 6.387829969059149, 123.15293973031326], "UTIS": [50.91339202019936, 6.387831591826946, 123.0903549194336]}}