{"motor_position": {"axis_1_motor_position": 57117, "axis_2_motor_position": 34775}, "target_name": "solar_tower_juelich_lower", "sun_elevation": 28.466383938704595, "sun_azimuth": 23.470392462713935, "focal_spot": {"HeliOS": [50.91339201210022, 6.387829981299656, 123.13366795267814], "UTIS": [50.9133920213391, 6.387831249263995, 123.11848831176758]}}