{"motor_position": {"axis_1_motor_position": 57600, "axis_2_motor_position": 52901}, "target_name": "solar_tower_juelich_lower", "sun_elevation": 26.414923246407774, "sun_azimuth": -31.23285582744255, "focal_spot": {"HeliOS": [50.9133920168442, 6.3878283088719146, 123.13672500881802], "UTIS": [50.9133920278037, 6.3878293062139395, 123.11586380004884]}}