{"motor_position": {"axis_1_motor_position": 53199, "axis_2_motor_position": 42339}, "target_name": "multi_focus_tower", "sun_elevation": 37.556669437576694, "sun_azimuth": 6.722792968303932, "focal_spot": {"HeliOS": [50.91339643180949, 6.3875798871651375, 138.98505192043663], "UTIS": [50.91339643513421, 6.387579850766116, 138.94053268432617]}}