{"motor_position": {"axis_1_motor_position": 53711, "axis_2_motor_position": 26312}, "target_name": "solar_tower_juelich_upper", "sun_elevation": 30.917075932447958, "sun_azimuth": 49.141364335958485, "focal_spot": {"HeliOS": [50.913392018380634, 6.387828006111218, 129.70274388105764], "UTIS": [50.91339202889331, 6.387828978705977, 129.75788497924805]}}