{"motor_position": {"axis_1_motor_position": 52685, "axis_2_motor_position": 35716}, "target_name": "solar_tower_juelich_upper", "sun_elevation": 39.37961054208302, "sun_azimuth": 23.428789298358616, "focal_spot": {"HeliOS": [50.913392022230354, 6.387826564111394, 130.02021062218958], "UTIS": [50.913392033246495, 6.3878276702742145, 130.02205657958984]}}