{"motor_position": {"axis_1_motor_position": 51610, "axis_2_motor_position": 56849}, "target_name": "multi_focus_tower", "sun_elevation": 36.52333170132374, "sun_azimuth": -44.433858418998355, "focal_spot": {"HeliOS": [50.91339642267041, 6.387582706055734, 138.40441728303466], "UTIS": [50.913396428517785, 6.387581840723854, 138.40781021118164]}}