{"motor_position": {"axis_1_motor_position": 51952, "axis_2_motor_position": 58988}, "target_name": "multi_focus_tower", "sun_elevation": 33.57553844955517, "sun_azimuth": -51.22705490691865, "focal_spot": {"HeliOS": [50.91339644503929, 6.387576066928466, 138.53017607107031], "UTIS": [50.91339644859126, 6.387575803376056, 138.4887657165527]}}