{"motor_position": {"axis_1_motor_position": 51738, "axis_2_motor_position": 61741}, "target_name": "multi_focus_tower", "sun_elevation": 30.787127467552097, "sun_azimuth": -60.8067756659863, "focal_spot": {"HeliOS": [50.91339644078872, 6.387577319058481, 138.43887026554972], "UTIS": [50.91339644347951, 6.387577340809337, 138.39489364624023]}}