{"motor_position": {"axis_1_motor_position": 52366, "axis_2_motor_position": 64115}, "target_name": "multi_focus_tower", "sun_elevation": 26.44180206252082, "sun_azimuth": -67.90746994487311, "focal_spot": {"HeliOS": [50.91339644023044, 6.387577485037469, 138.37266565007846], "UTIS": [50.91339644576831, 6.387576652422163, 138.29690170288086]}}