{"motor_position": {"axis_1_motor_position": 53367, "axis_2_motor_position": 66922}, "target_name": "multi_focus_tower", "sun_elevation": 20.765281881801805, "sun_azimuth": -76.10315655929652, "focal_spot": {"HeliOS": [50.91339643866848, 6.3875779554370125, 138.24793527061834], "UTIS": [50.91339644358918, 6.387577307831408, 138.1822853088379]}}