{"motor_position": {"axis_1_motor_position": 55152, "axis_2_motor_position": 70319}, "target_name": "multi_focus_tower", "sun_elevation": 13.120815933588181, "sun_azimuth": -86.07349558715923, "focal_spot": {"HeliOS": [50.9133964495269, 6.38757467441445, 138.16353108429803], "UTIS": [50.913396453866405, 6.3875742168013225, 138.0663070678711]}}