{"motor_position": {"axis_1_motor_position": 49925, "axis_2_motor_position": 35546}, "target_name": "multi_focus_tower", "sun_elevation": 43.54998391511602, "sun_azimuth": 31.340741986633862, "focal_spot": {"HeliOS": [50.913396435262754, 6.387578904467838, 138.94933105762289], "UTIS": [50.91339643789326, 6.387579020948099, 138.9488067626953]}}