{"motor_position": {"axis_1_motor_position": 49733, "axis_2_motor_position": 40470}, "target_name": "multi_focus_tower", "sun_elevation": 46.58697650645987, "sun_azimuth": 14.690532359792355, "focal_spot": {"HeliOS": [50.91339645006703, 6.387574694435148, 139.10212318420724], "UTIS": [50.91339645185444, 6.387574821930071, 139.05681610107422]}}