{"motor_position": {"axis_1_motor_position": 49876, "axis_2_motor_position": 50004}, "target_name": "multi_focus_tower", "sun_elevation": 45.693159493680795, "sun_azimuth": -21.303199673000346, "focal_spot": {"HeliOS": [50.91339643577997, 6.387578729692975, 139.2516193177869], "UTIS": [50.913396438631935, 6.38757879878099, 139.24887466430664]}}