{"motor_position": {"axis_1_motor_position": 52852, "axis_2_motor_position": 14552}, "target_name": "multi_focus_tower", "sun_elevation": 18.573129341782483, "sun_azimuth": 81.27902992449884, "focal_spot": {"HeliOS": [50.91339644002894, 6.387577547254573, 138.17045917364635], "UTIS": [50.91339644733665, 6.387576180723854, 138.08272171020508]}}