{"motor_position": {"axis_1_motor_position": 49443, "axis_2_motor_position": 44814}, "target_name": "multi_focus_tower", "sun_elevation": 48.139261242357215, "sun_azimuth": -1.4744391201912939, "focal_spot": {"HeliOS": [50.91339644060583, 6.387577375886512, 139.25036136191343], "UTIS": [50.913396444539025, 6.387577022149238, 139.2377586364746]}}