{"motor_position": {"axis_1_motor_position": 49770, "axis_2_motor_position": 52464}, "target_name": "multi_focus_tower", "sun_elevation": 44.52201025051204, "sun_azimuth": -30.733487231431567, "focal_spot": {"HeliOS": [50.913396439532896, 6.3875776776170525, 139.2055542082904], "UTIS": [50.913396442982574, 6.387577490267704, 139.19867324829102]}}