{"motor_position": {"axis_1_motor_position": 49905, "axis_2_motor_position": 54025}, "target_name": "multi_focus_tower", "sun_elevation": 42.990225373225236, "sun_azimuth": -36.37588595651658, "focal_spot": {"HeliOS": [50.913396443718874, 6.387576493783172, 139.11145027825864], "UTIS": [50.913396447651785, 6.387576085939425, 139.08513259887695]}}