{"motor_position": {"axis_1_motor_position": 50757, "axis_2_motor_position": 23197}, "target_name": "solar_tower_juelich_upper", "sun_elevation": 34.38056676383912, "sun_azimuth": 61.16794019731578, "focal_spot": {"HeliOS": [50.913392023067146, 6.387824906799764, 129.43966280366234], "UTIS": [50.91339204089802, 6.3878253704571035, 129.4785118103027]}}