{"motor_position": {"axis_1_motor_position": 50489, "axis_2_motor_position": 29702}, "target_name": "solar_tower_juelich_lower", "sun_elevation": 42.42149174972704, "sun_azimuth": 44.83062840749302, "focal_spot": {"HeliOS": [50.91339203381597, 6.387822396035524, 123.10053535196856], "UTIS": [50.913392044934156, 6.387824157304695, 122.90220260620116]}}