{"motor_position": {"axis_1_motor_position": 49229, "axis_2_motor_position": 55535}, "target_name": "multi_focus_tower", "sun_elevation": 43.205043339023064, "sun_azimuth": -42.86528902157814, "focal_spot": {"HeliOS": [50.9133964700815, 6.387568845853554, 138.7948923793369], "UTIS": [50.91339647001915, 6.387569358577246, 138.7275161743164]}}