{"motor_position": {"axis_1_motor_position": 49452, "axis_2_motor_position": 57527}, "target_name": "multi_focus_tower", "sun_elevation": 40.54726636767397, "sun_azimuth": -49.69163766435522, "focal_spot": {"HeliOS": [50.91339647193759, 6.387568332212532, 138.83228971400848], "UTIS": [50.913396470495776, 6.387569215220881, 138.7433738708496]}}