{"motor_position": {"axis_1_motor_position": 49754, "axis_2_motor_position": 59647}, "target_name": "multi_focus_tower", "sun_elevation": 37.336105469361975, "sun_azimuth": -56.59864313479907, "focal_spot": {"HeliOS": [50.913396463330194, 6.387570789073404, 138.77264956213412], "UTIS": [50.913396464763565, 6.387570939294061, 138.68027114868164]}}