{"motor_position": {"axis_1_motor_position": 50422, "axis_2_motor_position": 63120}, "target_name": "multi_focus_tower", "sun_elevation": 31.289765061485294, "sun_azimuth": -67.27926014154792, "focal_spot": {"HeliOS": [50.9133964425222, 6.387576810000341, 138.5603428496255], "UTIS": [50.913396447014925, 6.387576277488044, 138.4789581298828]}}