{"motor_position": {"axis_1_motor_position": 51003, "axis_2_motor_position": 65347}, "target_name": "multi_focus_tower", "sun_elevation": 26.963965377519333, "sun_azimuth": -73.80409240461967, "focal_spot": {"HeliOS": [50.91339644883081, 6.387574928278577, 138.40760215185168], "UTIS": [50.91339645379679, 6.387574237737971, 138.32194900512695]}}