{"motor_position": {"axis_1_motor_position": 52366, "axis_2_motor_position": 69060}, "target_name": "multi_focus_tower", "sun_elevation": 19.00166167694516, "sun_azimuth": -84.50181498319365, "focal_spot": {"HeliOS": [50.91339644767171, 6.387575252959457, 138.27656346183227], "UTIS": [50.91339645083299, 6.387575129145527, 138.19358825683594]}}