{"motor_position": {"axis_1_motor_position": 48818, "axis_2_motor_position": 31249}, "target_name": "multi_focus_tower", "sun_elevation": 42.65814540831686, "sun_azimuth": 46.235428353583806, "focal_spot": {"HeliOS": [50.91339643613109, 6.3875786667168315, 138.8211025290734], "UTIS": [50.913396439031224, 6.387578678693593, 138.7740249633789]}}