{"motor_position": {"axis_1_motor_position": 48396, "axis_2_motor_position": 42501}, "target_name": "multi_focus_tower", "sun_elevation": 50.739118715191324, "sun_azimuth": 7.786926077962857, "focal_spot": {"HeliOS": [50.913396427330035, 6.387581090236766, 139.2924519948369], "UTIS": [50.913396430407886, 6.387581272261361, 139.28334426879883]}}