{"motor_position": {"axis_1_motor_position": 48513, "axis_2_motor_position": 46648}, "target_name": "multi_focus_tower", "sun_elevation": 50.68372538336602, "sun_azimuth": -8.891044201673274, "focal_spot": {"HeliOS": [50.91339644944605, 6.387574760161049, 138.48662897808617], "UTIS": [50.91339645364983, 6.387574281943582, 138.4459571838379]}}