{"motor_position": {"axis_1_motor_position": 48494, "axis_2_motor_position": 48565}, "target_name": "multi_focus_tower", "sun_elevation": 49.96447985514712, "sun_azimuth": -16.745604446873546, "focal_spot": {"HeliOS": [50.91339643405754, 6.38757920844092, 139.28934023075115], "UTIS": [50.91339643708254, 6.387579264784096, 139.2733497619629]}}