{"motor_position": {"axis_1_motor_position": 50183, "axis_2_motor_position": 18098}, "target_name": "solar_tower_juelich_upper", "sun_elevation": 29.996172630001297, "sun_azimuth": 74.11839558298637, "focal_spot": {"HeliOS": [50.913392017933994, 6.387826718172419, 128.9854765654162], "UTIS": [50.913392036086385, 6.387826816692393, 129.03014755249023]}}