{"motor_position": {"axis_1_motor_position": 49132, "axis_2_motor_position": 25905}, "target_name": "solar_tower_juelich_upper", "sun_elevation": 40.249423974261596, "sun_azimuth": 56.91120250268458, "focal_spot": {"HeliOS": [50.91339201619889, 6.387828830206476, 129.54065730795983], "UTIS": [50.91339202696291, 6.387829558924927, 129.55241775512695]}}