{"motor_position": {"axis_1_motor_position": 47652, "axis_2_motor_position": 37769}, "target_name": "solar_tower_juelich_upper", "sun_elevation": 53.5688591590323, "sun_azimuth": 21.063011217371077, "focal_spot": {"HeliOS": [50.91339202041163, 6.3878278199476926, 130.1195161678447], "UTIS": [50.91339202977779, 6.38782871286213, 130.1504249572754]}}