{"motor_position": {"axis_1_motor_position": 47630, "axis_2_motor_position": 40006}, "target_name": "solar_tower_juelich_upper", "sun_elevation": 54.578139377751754, "sun_azimuth": 12.065762001247723, "focal_spot": {"HeliOS": [50.91339201968236, 6.387828266416108, 130.1325465604263], "UTIS": [50.91339202872308, 6.387829029874649, 130.15778732299805]}}