{"motor_position": {"axis_1_motor_position": 47846, "axis_2_motor_position": 49923}, "target_name": "solar_tower_juelich_upper", "sun_elevation": 52.00891851676291, "sun_azimuth": -29.971328608800825, "focal_spot": {"HeliOS": [50.91339201790951, 6.387829464753416, 130.20820059660292], "UTIS": [50.9133920265444, 6.387829684717681, 130.22857666015625]}}