{"motor_position": {"axis_1_motor_position": 47938, "axis_2_motor_position": 51487}, "target_name": "solar_tower_juelich_upper", "sun_elevation": 50.53806822567382, "sun_azimuth": -36.12686917912409, "focal_spot": {"HeliOS": [50.913392017680565, 6.3878295056656595, 130.17171043040952], "UTIS": [50.91339202541083, 6.387830025436475, 130.17174530029297]}}