{"motor_position": {"axis_1_motor_position": 47151, "axis_2_motor_position": 29162}, "target_name": "multi_focus_tower", "sun_elevation": 43.81095445632454, "sun_azimuth": 55.49733209388855, "focal_spot": {"HeliOS": [50.91339644348944, 6.387576543885573, 138.86144775184118], "UTIS": [50.91339644866107, 6.38757578238517, 138.78726959228516]}}