{"motor_position": {"axis_1_motor_position": 46936, "axis_2_motor_position": 33274}, "target_name": "multi_focus_tower", "sun_elevation": 48.63164636661599, "sun_azimuth": 43.394840254050045, "focal_spot": {"HeliOS": [50.913396433605065, 6.387579364993641, 139.0561048550389], "UTIS": [50.91339643598795, 6.387579593993878, 139.0411148071289]}}