{"motor_position": {"axis_1_motor_position": 48068, "axis_2_motor_position": 22303}, "target_name": "solar_tower_juelich_upper", "sun_elevation": 38.14940724282431, "sun_azimuth": 67.97099492245977, "focal_spot": {"HeliOS": [50.913392013130256, 6.387830147359158, 129.3956392485457], "UTIS": [50.913392023520785, 6.387830593519219, 129.45293045043945]}}