{"motor_position": {"axis_1_motor_position": 46726, "axis_2_motor_position": 41864}, "target_name": "solar_tower_juelich_upper", "sun_elevation": 57.41556623571811, "sun_azimuth": 4.520021887152737, "focal_spot": {"HeliOS": [50.91339202124084, 6.387827617858293, 130.237283861227], "UTIS": [50.9133920310931, 6.387828317520255, 130.25518798828125]}}