{"motor_position": {"axis_1_motor_position": 46751, "axis_2_motor_position": 43968}, "target_name": "solar_tower_juelich_upper", "sun_elevation": 57.40390408886762, "sun_azimuth": -5.03527838070175, "focal_spot": {"HeliOS": [50.913392016510095, 6.387830410559008, 130.26342594941178], "UTIS": [50.91339202167276, 6.387831148970825, 130.28627395629883]}}