{"motor_position": {"axis_1_motor_position": 48391, "axis_2_motor_position": 19403}, "target_name": "solar_tower_juelich_lower", "sun_elevation": 35.512235345983854, "sun_azimuth": 75.1207362086127, "focal_spot": {"HeliOS": [50.913392016591544, 6.387829110599794, 122.57392900017656], "UTIS": [50.91339202655959, 6.387829680151351, 122.47368621826172]}}