{"motor_position": {"axis_1_motor_position": 49342, "axis_2_motor_position": 67555}, "target_name": "solar_tower_juelich_upper", "sun_elevation": 25.383580470158268, "sun_azimuth": -88.37910950624732, "focal_spot": {"HeliOS": [50.91339201267054, 6.38783018920683, 129.30937190413454], "UTIS": [50.91339202387353, 6.387830487496952, 129.31605911254883]}}