{"motor_position": {"axis_1_motor_position": 47662, "axis_2_motor_position": 27100}, "target_name": "solar_tower_juelich_lower", "sun_elevation": 45.71605529870877, "sun_azimuth": 57.5117163799116, "focal_spot": {"HeliOS": [50.91339201021866, 6.387830844461569, 122.96442527735744], "UTIS": [50.91339201732512, 6.38783245572793, 122.87859344482422]}}