{"motor_position": {"axis_1_motor_position": 47290, "axis_2_motor_position": 35061}, "target_name": "solar_tower_juelich_lower", "sun_elevation": 54.21909846906736, "sun_azimuth": 32.674485884712205, "focal_spot": {"HeliOS": [50.91339200913412, 6.387830789117484, 123.33102327977016], "UTIS": [50.913392016550404, 6.387832688583681, 123.21760177612305]}}