{"motor_position": {"axis_1_motor_position": 47268, "axis_2_motor_position": 45476}, "target_name": "solar_tower_juelich_lower", "sun_elevation": 57.28529182139588, "sun_azimuth": -11.927978277788966, "focal_spot": {"HeliOS": [50.91339201198776, 6.387829615285025, 123.45955310621], "UTIS": [50.91339202218378, 6.387830995376675, 123.38726806640624]}}