{"motor_position": {"axis_1_motor_position": 47331, "axis_2_motor_position": 47600}, "target_name": "solar_tower_juelich_lower", "sun_elevation": 56.270770432198816, "sun_azimuth": -21.469375866848065, "focal_spot": {"HeliOS": [50.913392006402184, 6.3878317190369325, 123.36491608086708], "UTIS": [50.913392015008704, 6.387833151962868, 123.2644271850586]}}