{"motor_position": {"axis_1_motor_position": 48162, "axis_2_motor_position": 58591}, "target_name": "solar_tower_juelich_lower", "sun_elevation": 43.129868238007106, "sun_azimuth": -62.77392330117739, "focal_spot": {"HeliOS": [50.91339201281362, 6.3878297576867356, 123.111625502653], "UTIS": [50.91339202353312, 6.3878305898139525, 122.9996223449707]}}