{"motor_position": {"axis_1_motor_position": 48578, "axis_2_motor_position": 61404}, "target_name": "solar_tower_juelich_lower", "sun_elevation": 37.980299777827156, "sun_azimuth": -71.53592647562722, "focal_spot": {"HeliOS": [50.91339196548947, 6.387846333196875, 123.21889292409932], "UTIS": [50.91339196406401, 6.387848463870234, 123.05940246582033]}}