{"motor_position": {"axis_1_motor_position": 46027, "axis_2_motor_position": 52871}, "target_name": "multi_focus_tower", "sun_elevation": 53.27367524893572, "sun_azimuth": -37.699071453462984, "focal_spot": {"HeliOS": [50.913396445013866, 6.387576112723371, 138.9495058902903], "UTIS": [50.91339644783566, 6.387576030641728, 138.8960838317871]}}