{"motor_position": {"axis_1_motor_position": 45961, "axis_2_motor_position": 45067}, "target_name": "solar_tower_juelich_lower", "sun_elevation": 60.846793896801216, "sun_azimuth": -10.960976631634358, "focal_spot": {"HeliOS": [50.91339200817852, 6.387830879523145, 123.5383566761241], "UTIS": [50.91339201805618, 6.387832235998258, 123.47748184204102]}}