{"motor_position": {"axis_1_motor_position": 46015, "axis_2_motor_position": 47224}, "target_name": "solar_tower_juelich_lower", "sun_elevation": 59.836037257981374, "sun_azimuth": -21.484231882322096, "focal_spot": {"HeliOS": [50.91339200384939, 6.38783252950173, 123.45064543866096], "UTIS": [50.913392011976256, 6.387834063415387, 123.39147567749023]}}