{"motor_position": {"axis_1_motor_position": 46107, "axis_2_motor_position": 49859}, "target_name": "solar_tower_juelich_lower", "sun_elevation": 57.752655700779705, "sun_azimuth": -33.59916974310208, "focal_spot": {"HeliOS": [50.913392008271025, 6.387830940151002, 123.4607289141511], "UTIS": [50.913392016186286, 6.387832798023073, 123.37019348144533]}}