{"motor_position": {"axis_1_motor_position": 46054, "axis_2_motor_position": 48464}, "target_name": "solar_tower_juelich_lower", "sun_elevation": 58.96807550838237, "sun_azimuth": -27.299346705459705, "focal_spot": {"HeliOS": [50.91339200915343, 6.387830601808893, 123.47996417521624], "UTIS": [50.91339201897825, 6.387831958852145, 123.42079162597656]}}