{"motor_position": {"axis_1_motor_position": 46171, "axis_2_motor_position": 51235}, "target_name": "solar_tower_juelich_lower", "sun_elevation": 56.33461557212719, "sun_azimuth": -39.476989181880235, "focal_spot": {"HeliOS": [50.91339201183208, 6.387829763232553, 123.38599899898745], "UTIS": [50.913392021931074, 6.3878310713330295, 123.31779861450195]}}