{"motor_position": {"axis_1_motor_position": 46332, "axis_2_motor_position": 54105}, "target_name": "solar_tower_juelich_lower", "sun_elevation": 52.72269484049467, "sun_azimuth": -50.78632058634155, "focal_spot": {"HeliOS": [50.91339201260551, 6.387829586829762, 123.30767098474875], "UTIS": [50.91339202239899, 6.387830930695461, 123.2303466796875]}}