{"motor_position": {"axis_1_motor_position": 46430, "axis_2_motor_position": 55514}, "target_name": "solar_tower_juelich_lower", "sun_elevation": 50.672309256953085, "sun_azimuth": -55.86406008834488, "focal_spot": {"HeliOS": [50.913392011448884, 6.387830073822712, 123.24521614570428], "UTIS": [50.91339202114845, 6.3878313065685655, 123.16741943359376]}}