{"motor_position": {"axis_1_motor_position": 45827, "axis_2_motor_position": 24314}, "target_name": "solar_tower_juelich_upper", "sun_elevation": 44.20862597356674, "sun_azimuth": 67.71288332105581, "focal_spot": {"HeliOS": [50.913392011976946, 6.387830989009709, 129.48730366590522], "UTIS": [50.913392020978435, 6.387831357662652, 129.60565185546875]}}