{"motor_position": {"axis_1_motor_position": 45468, "axis_2_motor_position": 19472}, "target_name": "multi_focus_tower", "sun_elevation": 34.17503784903163, "sun_azimuth": 81.86804883864444, "focal_spot": {"HeliOS": [50.91339642413612, 6.387582018014138, 139.18015582733275], "UTIS": [50.9133964272598, 6.387582219075091, 139.17185974121094]}}