{"motor_position": {"axis_1_motor_position": 45291, "axis_2_motor_position": 22546}, "target_name": "multi_focus_tower", "sun_elevation": 38.586198511793626, "sun_azimuth": 75.6703594819202, "focal_spot": {"HeliOS": [50.91339642443791, 6.3875818987109225, 139.2946825861959], "UTIS": [50.91339642751716, 6.387582141674587, 139.30043411254883]}}