{"motor_position": {"axis_1_motor_position": 45375, "axis_2_motor_position": 20973}, "target_name": "multi_focus_tower", "sun_elevation": 36.32670827957757, "sun_azimuth": 78.91825317905453, "focal_spot": {"HeliOS": [50.91339642673222, 6.387581272633875, 139.23303280560452], "UTIS": [50.91339643011528, 6.387581360265786, 139.23875045776367]}}