{"motor_position": {"axis_1_motor_position": 45153, "axis_2_motor_position": 25585}, "target_name": "multi_focus_tower", "sun_elevation": 42.869031531707506, "sun_azimuth": 68.9442924647708, "focal_spot": {"HeliOS": [50.913396424554335, 6.3875818369634665, 139.3945511797787], "UTIS": [50.91339642773682, 6.387582075610248, 139.39068984985352]}}