{"motor_position": {"axis_1_motor_position": 45092, "axis_2_motor_position": 27355}, "target_name": "multi_focus_tower", "sun_elevation": 45.302194057414525, "sun_azimuth": 64.66846971296006, "focal_spot": {"HeliOS": [50.913396421960435, 6.387582542230045, 139.44071768620515], "UTIS": [50.91339642538128, 6.387582784066229, 139.43987655639648]}}