{"motor_position": {"axis_1_motor_position": 45044, "axis_2_motor_position": 28908}, "target_name": "multi_focus_tower", "sun_elevation": 47.381083464429075, "sun_azimuth": 60.65476753795907, "focal_spot": {"HeliOS": [50.91339642937156, 6.387580471554562, 139.52858455047766], "UTIS": [50.913396432978395, 6.387580499151279, 139.53129959106445]}}