{"motor_position": {"axis_1_motor_position": 44933, "axis_2_motor_position": 34570}, "target_name": "multi_focus_tower", "sun_elevation": 54.23985270093671, "sun_azimuth": 43.32747293504447, "focal_spot": {"HeliOS": [50.913396431669135, 6.387579815996153, 139.67540886534215], "UTIS": [50.913396434685154, 6.38757998582376, 139.68577575683594]}}