{"motor_position": {"axis_1_motor_position": 44971, "axis_2_motor_position": 36037}, "target_name": "multi_focus_tower", "sun_elevation": 55.67597256629476, "sun_azimuth": 38.23989248937597, "focal_spot": {"HeliOS": [50.913396455852926, 6.387573040366505, 139.052628102965], "UTIS": [50.913396456044374, 6.387573561744638, 139.03199768066406]}}