{"motor_position": {"axis_1_motor_position": 44899, "axis_2_motor_position": 38759}, "target_name": "multi_focus_tower", "sun_elevation": 58.064542907642256, "sun_azimuth": 27.068186524372866, "focal_spot": {"HeliOS": [50.913396428830254, 6.387580583380622, 139.7105389907637], "UTIS": [50.91339643464405, 6.387579998190484, 139.71647262573242]}}