{"motor_position": {"axis_1_motor_position": 44901, "axis_2_motor_position": 40739}, "target_name": "multi_focus_tower", "sun_elevation": 59.29369703091076, "sun_azimuth": 18.29750680045327, "focal_spot": {"HeliOS": [50.91339643672124, 6.387578431879803, 139.76737376916748], "UTIS": [50.913396440640504, 6.387578194682803, 139.7646026611328]}}