{"motor_position": {"axis_1_motor_position": 47143, "axis_2_motor_position": 12938}, "target_name": "solar_tower_juelich_upper", "sun_elevation": 27.773899305781185, "sun_azimuth": 89.78312294265102, "focal_spot": {"HeliOS": [50.91339201392915, 6.387829611764914, 129.3494204647418], "UTIS": [50.91339202376039, 6.387830521502048, 129.4143524169922]}}