{"motor_position": {"axis_1_motor_position": 46820, "axis_2_motor_position": 15644}, "target_name": "solar_tower_juelich_upper", "sun_elevation": 31.607860173456107, "sun_azimuth": 84.94390239680654, "focal_spot": {"HeliOS": [50.9133920141306, 6.387829992802965, 129.5576655561099], "UTIS": [50.913392023312156, 6.387830656230841, 129.62903594970703]}}