{"motor_position": {"axis_1_motor_position": 46632, "axis_2_motor_position": 17521}, "target_name": "solar_tower_juelich_upper", "sun_elevation": 34.27431745748309, "sun_azimuth": 81.42346946861801, "focal_spot": {"HeliOS": [50.91339201360309, 6.387830555033152, 129.6708603631439], "UTIS": [50.91339202194044, 6.387831068519331, 129.76068115234375]}}