{"motor_position": {"axis_1_motor_position": 48224, "axis_2_motor_position": 52819}, "target_name": "solar_tower_juelich_upper", "sun_elevation": 48.68469082109283, "sun_azimuth": -40.82599873578591, "focal_spot": {"HeliOS": [50.91339201924734, 6.3878297026618736, 130.61053822960514], "UTIS": [50.91339202315063, 6.387830704772262, 130.6318130493164]}}