{"motor_position": {"axis_1_motor_position": 51955, "axis_2_motor_position": 73146}, "target_name": "multi_focus_tower", "sun_elevation": 12.574112889236648, "sun_azimuth": -99.24568700021896, "focal_spot": {"HeliOS": [50.91339645075693, 6.387574350842378, 138.38494026590317], "UTIS": [50.913396455382255, 6.387573760886863, 138.33963012695312]}}