{"motor_position": {"axis_1_motor_position": 52725, "axis_2_motor_position": 74250}, "target_name": "multi_focus_tower", "sun_elevation": 9.812507087607964, "sun_azimuth": -102.6220042290055, "focal_spot": {"HeliOS": [50.9133964505721, 6.38757440806168, 138.39530832075985], "UTIS": [50.91339645549613, 6.387573726634289, 138.3405418395996]}}