{"motor_position": {"axis_1_motor_position": 48812, "axis_2_motor_position": 33433}, "target_name": "multi_focus_tower", "sun_elevation": 44.552290580876665, "sun_azimuth": 39.715848519907325, "focal_spot": {"HeliOS": [50.91339645051322, 6.387574671479707, 139.65595419366028], "UTIS": [50.913396450724804, 6.387575161689539, 139.6663818359375]}}