{"motor_position": {"axis_1_motor_position": 51570, "axis_2_motor_position": 20390}, "target_name": "multi_focus_tower", "sun_elevation": 26.44817364628594, "sun_azimuth": 69.88576935160829, "focal_spot": {"HeliOS": [50.91339644550055, 6.387575976478383, 138.9808197529273], "UTIS": [50.913396447649546, 6.387576086617426, 138.9712257385254]}}