{"motor_position": {"axis_1_motor_position": 51806, "axis_2_motor_position": 32321}, "target_name": "solar_tower_juelich_lower", "sun_elevation": 41.315747728457886, "sun_azimuth": 35.241077946756036, "focal_spot": {"HeliOS": [50.91339202101519, 6.3878261535710195, 123.62915108351956], "UTIS": [50.91339203241667, 6.3878279196969014, 123.48450088500977]}}