{"motor_position": {"axis_1_motor_position": 52189, "axis_2_motor_position": 53017}, "target_name": "solar_tower_juelich_lower", "sun_elevation": 40.482661084756465, "sun_azimuth": -36.48440154824271, "focal_spot": {"HeliOS": [50.91339201794673, 6.387826927867743, 123.86515098642622], "UTIS": [50.91339203358586, 6.387827568275876, 123.82220458984376]}}