{"motor_position": {"axis_1_motor_position": 51741, "axis_2_motor_position": 38479}, "target_name": "solar_tower_juelich_lower", "sun_elevation": 44.62519536166769, "sun_azimuth": 15.369247001210686, "focal_spot": {"HeliOS": [50.91339202242356, 6.387825368146079, 123.8197127016398], "UTIS": [50.913392036457836, 6.387826705046115, 123.75399780273438]}}