{"motor_position": {"axis_1_motor_position": 51822, "axis_2_motor_position": 47051}, "target_name": "solar_tower_juelich_lower", "sun_elevation": 44.606361934188186, "sun_azimuth": -15.335443326866338, "focal_spot": {"HeliOS": [50.91339201249439, 6.3878287821469755, 123.9612498269053], "UTIS": [50.9133920230174, 6.38783074481834, 123.8918113708496]}}