{"motor_position": {"axis_1_motor_position": 51989, "axis_2_motor_position": 59924}, "target_name": "multi_focus_tower", "sun_elevation": 32.36609100769985, "sun_azimuth": -54.359429962979725, "focal_spot": {"HeliOS": [50.91339644599477, 6.387575884964474, 139.45191180346683], "UTIS": [50.913396449276576, 6.387575597263991, 139.4372329711914]}}