{"motor_position": {"axis_1_motor_position": 52527, "axis_2_motor_position": 62176}, "target_name": "multi_focus_tower", "sun_elevation": 28.59363083506951, "sun_azimuth": -61.24031952864851, "focal_spot": {"HeliOS": [50.91339644203852, 6.387576974242797, 139.26002477564663], "UTIS": [50.91339644416527, 6.387577134561673, 139.2150993347168]}}