{"motor_position": {"axis_1_motor_position": 52156, "axis_2_motor_position": 60684}, "target_name": "multi_focus_tower", "sun_elevation": 31.13468984557769, "sun_azimuth": -56.717524172992924, "focal_spot": {"HeliOS": [50.91339644525052, 6.387576085616901, 139.39185816275787], "UTIS": [50.91339644832716, 6.3875758828105615, 139.37471771240234]}}