{"motor_position": {"axis_1_motor_position": 52759, "axis_2_motor_position": 62999}, "target_name": "multi_focus_tower", "sun_elevation": 27.11133691473783, "sun_azimuth": -63.70370141603594, "focal_spot": {"HeliOS": [50.913396444436536, 6.387576298037294, 139.2091099703368], "UTIS": [50.91339644679185, 6.387576344582946, 139.16686630249023]}}