{"motor_position": {"axis_1_motor_position": 53221, "axis_2_motor_position": 64450}, "target_name": "multi_focus_tower", "sun_elevation": 24.363958242301106, "sun_azimuth": -68.00149620570068, "focal_spot": {"HeliOS": [50.91339645344204, 6.387573718119996, 139.02210992262073], "UTIS": [50.9133964566853, 6.3875733689756204, 138.96787643432617]}}