{"motor_position": {"axis_1_motor_position": 52323, "axis_2_motor_position": 50317}, "target_name": "solar_tower_juelich_lower", "sun_elevation": 41.88177886338235, "sun_azimuth": -26.761793407113238, "focal_spot": {"HeliOS": [50.91339202247535, 6.387825272423677, 123.87165033674518], "UTIS": [50.913392037897495, 6.387826272326092, 123.85704040527344]}}