{"motor_position": {"axis_1_motor_position": 53149, "axis_2_motor_position": 29065}, "target_name": "solar_tower_juelich_lower", "sun_elevation": 35.81431499981424, "sun_azimuth": 43.01470451585997, "focal_spot": {"HeliOS": [50.91339202283195, 6.387825818197643, 123.40902580109103], "UTIS": [50.9133920352803, 6.3878270589757395, 123.35769653320312]}}