{"motor_position": {"axis_1_motor_position": 53335, "axis_2_motor_position": 54998}, "target_name": "solar_tower_juelich_lower", "sun_elevation": 36.133471986725894, "sun_azimuth": -41.97659398106114, "focal_spot": {"HeliOS": [50.9133920174015, 6.387827291207165, 123.74652420900648], "UTIS": [50.91339203095123, 6.387828360159685, 123.68793869018556]}}