{"motor_position": {"axis_1_motor_position": 54110, "axis_2_motor_position": 61092}, "target_name": "solar_tower_juelich_upper", "sun_elevation": 27.051955524819316, "sun_azimuth": -60.78095964546968, "focal_spot": {"HeliOS": [50.91339201927823, 6.387828616928588, 130.18271035895376], "UTIS": [50.91339202751932, 6.387829391686025, 130.22781372070312]}}