{"motor_position": {"axis_1_motor_position": 52532, "axis_2_motor_position": 30545}, "target_name": "solar_tower_juelich_upper", "sun_elevation": 36.84869534529359, "sun_azimuth": 39.05035272976905, "focal_spot": {"HeliOS": [50.91339202201864, 6.387827101229875, 130.2071751974902], "UTIS": [50.91339203242356, 6.387827917629002, 130.28879165649414]}}