{"motor_position": {"axis_1_motor_position": 52230, "axis_2_motor_position": 33991}, "target_name": "solar_tower_juelich_upper", "sun_elevation": 39.78774824174998, "sun_azimuth": 29.123975382337882, "focal_spot": {"HeliOS": [50.913392014578925, 6.38783124258655, 130.15659354537104], "UTIS": [50.91339201986033, 6.387831693730368, 130.3828010559082]}}