{"motor_position": {"axis_1_motor_position": 51956, "axis_2_motor_position": 40653}, "target_name": "solar_tower_juelich_upper", "sun_elevation": 43.048103566578135, "sun_azimuth": 7.630615479946491, "focal_spot": {"HeliOS": [50.91339202736278, 6.387824810306057, 130.5841282811218], "UTIS": [50.913392040383975, 6.387825524959774, 130.67247772216797]}}