{"motor_position": {"axis_1_motor_position": 52007, "axis_2_motor_position": 45263}, "target_name": "solar_tower_juelich_upper", "sun_elevation": 42.973854769231885, "sun_azimuth": -8.573229293226209, "focal_spot": {"HeliOS": [50.91339202176532, 6.387828127103324, 130.5798941494425], "UTIS": [50.91339202924721, 6.387828872341319, 130.6549415588379]}}