{"motor_position": {"axis_1_motor_position": 51967, "axis_2_motor_position": 43663}, "target_name": "solar_tower_juelich_upper", "sun_elevation": 43.240368331286945, "sun_azimuth": -2.903464473627458, "focal_spot": {"HeliOS": [50.91339202137292, 6.387828251919067, 130.53575785664523], "UTIS": [50.913392029995364, 6.387828647469017, 130.71978378295898]}}