{"motor_position": {"axis_1_motor_position": 54413, "axis_2_motor_position": 46856}, "target_name": "solar_tower_juelich_lower", "sun_elevation": 37.461300871859535, "sun_azimuth": -13.392704686966052, "focal_spot": {"HeliOS": [50.9133920146883, 6.387828055548734, 123.90679191506815], "UTIS": [50.91339202765792, 6.3878293500297, 123.8771514892578]}}