{"motor_position": {"axis_1_motor_position": 53798, "axis_2_motor_position": 32514}, "target_name": "multi_focus_tower", "sun_elevation": 31.953759374383786, "sun_azimuth": 36.23280922691271, "focal_spot": {"HeliOS": [50.91339645785741, 6.387572586015413, 139.4048524623085], "UTIS": [50.91339645695445, 6.387573288022393, 139.38978958129883]}}