{"motor_position": {"axis_1_motor_position": 55017, "axis_2_motor_position": 34455}, "target_name": "multi_focus_tower", "sun_elevation": 29.886545155676206, "sun_azimuth": 29.667982397544733, "focal_spot": {"HeliOS": [50.91339644986318, 6.387574797453814, 139.3565308464028], "UTIS": [50.913396450731476, 6.387575159682657, 139.34820556640625]}}