{"motor_position": {"axis_1_motor_position": 56031, "axis_2_motor_position": 55292}, "target_name": "multi_focus_tower", "sun_elevation": 26.582185982947514, "sun_azimuth": -34.79898019026664, "focal_spot": {"HeliOS": [50.91339646426275, 6.387570844177248, 139.48930558730183], "UTIS": [50.91339646395873, 6.387571181367257, 139.4609489440918]}}