{"motor_position": {"axis_1_motor_position": 56917, "axis_2_motor_position": 59054}, "target_name": "multi_focus_tower", "sun_elevation": 21.79292718248446, "sun_azimuth": -46.36938540718807, "focal_spot": {"HeliOS": [50.913396438912805, 6.387577844470138, 139.49022551619169], "UTIS": [50.913396442348414, 6.38757768100272, 139.4755401611328]}}