{"motor_position": {"axis_1_motor_position": 60100, "axis_2_motor_position": 52797}, "target_name": "solar_tower_juelich_lower", "sun_elevation": 19.408145705981347, "sun_azimuth": -29.536368409593585, "focal_spot": {"HeliOS": [50.913392025447266, 6.387824346360252, 123.77062018089104], "UTIS": [50.91339204150384, 6.3878251883666115, 123.76726531982422]}}