{"motor_position": {"axis_1_motor_position": 59664, "axis_2_motor_position": 31006}, "target_name": "multi_focus_tower", "sun_elevation": 15.881889205086905, "sun_azimuth": 35.898574210901636, "focal_spot": {"HeliOS": [50.91339645005376, 6.38757473625944, 139.31131804724623], "UTIS": [50.91339645088765, 6.3875751127108025, 139.27009963989258]}}