{"motor_position": {"axis_1_motor_position": 61981, "axis_2_motor_position": 34823}, "target_name": "solar_tower_juelich_lower", "sun_elevation": 14.374297761041142, "sun_azimuth": 21.393187912605317, "focal_spot": {"HeliOS": [50.91339204032342, 6.387819704680799, 123.34246199487646], "UTIS": [50.91339205674294, 6.3878206078994495, 123.2512550354004]}}