{"motor_position": {"axis_1_motor_position": 61738, "axis_2_motor_position": 57526}, "target_name": "multi_focus_tower", "sun_elevation": 9.958148695072389, "sun_azimuth": -38.76496507301876, "focal_spot": {"HeliOS": [50.91339644311645, 6.387576667011601, 139.16240102671756], "UTIS": [50.91339644681934, 6.387576336311342, 139.12696075439453]}}