{"motor_position": {"axis_1_motor_position": 59834, "axis_2_motor_position": 33412}, "target_name": "multi_focus_tower", "sun_elevation": 16.288531101037115, "sun_azimuth": 29.61414034565274, "focal_spot": {"HeliOS": [50.91339643960737, 6.387577661055862, 138.92049978146937], "UTIS": [50.91339644238368, 6.3875776703988, 138.8787841796875]}}