{"motor_position": {"axis_1_motor_position": 59859, "axis_2_motor_position": 54071}, "target_name": "multi_focus_tower", "sun_elevation": 16.580003371513214, "sun_azimuth": -28.864716829872382, "focal_spot": {"HeliOS": [50.91339643900372, 6.387577820757267, 139.4332777222316], "UTIS": [50.913396444162196, 6.387577135483752, 139.29511642456055]}}