{"motor_position": {"axis_1_motor_position": 59350, "axis_2_motor_position": 34568}, "target_name": "multi_focus_tower", "sun_elevation": 18.036800492503286, "sun_azimuth": 26.81039243916136, "focal_spot": {"HeliOS": [50.91339644140199, 6.38757714743158, 138.9830739604548], "UTIS": [50.913396443715136, 6.387577269944756, 138.9444122314453]}}