{"motor_position": {"axis_1_motor_position": 57209, "axis_2_motor_position": 26410}, "target_name": "solar_tower_juelich_lower", "sun_elevation": 24.33364406672942, "sun_azimuth": 45.857214188676494, "focal_spot": {"HeliOS": [50.91339203937165, 6.387821142853081, 122.66875370055158], "UTIS": [50.9133920503159, 6.387822539698093, 122.6008415222168]}}