{"motor_position": {"axis_1_motor_position": 56690, "axis_2_motor_position": 29100}, "target_name": "solar_tower_juelich_lower", "sun_elevation": 27.134063700926113, "sun_azimuth": 39.30125463371557, "focal_spot": {"HeliOS": [50.91339202945498, 6.3878243004047235, 122.84795642382628], "UTIS": [50.91339204053922, 6.3878254782998045, 122.7645149230957]}}