{"motor_position": {"axis_1_motor_position": 52874, "axis_2_motor_position": 48017}, "target_name": "solar_tower_juelich_upper", "sun_elevation": 39.89129688695843, "sun_azimuth": -17.87659168368606, "focal_spot": {"HeliOS": [50.913392016004856, 6.387830036503619, 130.00164829379128], "UTIS": [50.9133920222818, 6.387830965920961, 129.99372100830078]}}