{"motor_position": {"axis_1_motor_position": 53170, "axis_2_motor_position": 51449}, "target_name": "solar_tower_juelich_upper", "sun_elevation": 37.527004652224115, "sun_azimuth": -29.497139877175762, "focal_spot": {"HeliOS": [50.913392016934026, 6.387829420889157, 129.9641065982161], "UTIS": [50.913392024374524, 6.387830336909734, 129.95477294921875]}}