{"motor_position": {"axis_1_motor_position": 53428, "axis_2_motor_position": 53504}, "target_name": "solar_tower_juelich_upper", "sun_elevation": 35.55431701716989, "sun_azimuth": -36.259541815960354, "focal_spot": {"HeliOS": [50.91339201723037, 6.387829201786148, 129.94230700137902], "UTIS": [50.913392025557044, 6.387829981481726, 129.9271240234375]}}