{"motor_position": {"axis_1_motor_position": 52275, "axis_2_motor_position": 41775}, "target_name": "solar_tower_juelich_upper", "sun_elevation": 42.32916821064117, "sun_azimuth": 3.6752555910020885, "focal_spot": {"HeliOS": [50.913392023001975, 6.387826231969093, 130.0684019760691], "UTIS": [50.91339203706262, 6.3878265232607205, 130.12133026123047]}}