{"motor_position": {"axis_1_motor_position": 47909, "axis_2_motor_position": 56869}, "target_name": "solar_tower_juelich_lower", "sun_elevation": 46.037047923216846, "sun_azimuth": -57.42834779334945, "focal_spot": {"HeliOS": [50.91339201452583, 6.3878290119796866, 123.22511262258796], "UTIS": [50.913392025473755, 6.3878300065202716, 123.17079544067384]}}