{"motor_position": {"axis_1_motor_position": 46561, "axis_2_motor_position": 57915}, "target_name": "solar_tower_juelich_upper", "sun_elevation": 45.69990003050159, "sun_azimuth": -62.82391236197619, "focal_spot": {"HeliOS": [50.91339201626909, 6.387829774987099, 129.95599730540886], "UTIS": [50.91339202407447, 6.3878304270973105, 129.95657348632812]}}