{"motor_position": {"axis_1_motor_position": 45463, "axis_2_motor_position": 21851}, "target_name": "solar_tower_juelich_upper", "sun_elevation": 41.52954087234391, "sun_azimuth": 74.42479459552986, "focal_spot": {"HeliOS": [50.91339201107735, 6.387831372897596, 129.44631223843334], "UTIS": [50.913392019654715, 6.387831755533467, 129.53272247314453]}}