{"motor_position": {"axis_1_motor_position": 60128, "axis_2_motor_position": 19153}, "target_name": "multi_focus_tower", "sun_elevation": 12.466933656407758, "sun_azimuth": 49.519679214026965, "focal_spot": {"HeliOS": [50.913396451013845, 6.387574536812112, 139.66693727249947], "UTIS": [50.91339645299545, 6.387574478753485, 139.61273574829102]}}