{"motor_position": {"axis_1_motor_position": 59577, "axis_2_motor_position": 21240}, "target_name": "multi_focus_tower", "sun_elevation": 14.945898087844338, "sun_azimuth": 44.78589476591453, "focal_spot": {"HeliOS": [50.91339643505045, 6.3875789692814795, 138.91096417678187], "UTIS": [50.91339643904329, 6.387578675059512, 138.85679626464844]}}