{"motor_position": {"axis_1_motor_position": 59201, "axis_2_motor_position": 22721}, "target_name": "multi_focus_tower", "sun_elevation": 16.556464829421454, "sun_azimuth": 41.394975341797576, "focal_spot": {"HeliOS": [50.91339643623182, 6.387578622925763, 138.99957709797005], "UTIS": [50.91339643979353, 6.38757844942104, 138.9397430419922]}}