{"motor_position": {"axis_1_motor_position": 58898, "axis_2_motor_position": 24066}, "target_name": "multi_focus_tower", "sun_elevation": 17.92785319041531, "sun_azimuth": 38.247611650269, "focal_spot": {"HeliOS": [50.91339643681251, 6.387578454029025, 139.04574352664673], "UTIS": [50.91339643869326, 6.387578780339384, 139.0039405822754]}}