{"motor_position": {"axis_1_motor_position": 58634, "axis_2_motor_position": 25425}, "target_name": "multi_focus_tower", "sun_elevation": 19.209629024059367, "sun_azimuth": 35.02539533320776, "focal_spot": {"HeliOS": [50.91339645920525, 6.387572093326591, 139.06927674260643], "UTIS": [50.91339645827967, 6.387572889439629, 139.02271270751953]}}