{"motor_position": {"axis_1_motor_position": 58206, "axis_2_motor_position": 27965}, "target_name": "multi_focus_tower", "sun_elevation": 21.353448235773563, "sun_azimuth": 28.762177782595206, "focal_spot": {"HeliOS": [50.913396453828106, 6.387573630924017, 139.11065814764248], "UTIS": [50.91339645418037, 6.387574122369454, 139.06145477294922]}}