{"motor_position": {"axis_1_motor_position": 58019, "axis_2_motor_position": 29393}, "target_name": "multi_focus_tower", "sun_elevation": 22.413792908203284, "sun_azimuth": 25.04448149141774, "focal_spot": {"HeliOS": [50.91339643340217, 6.387579449220143, 138.86185213903968], "UTIS": [50.91339643725621, 6.387579212550958, 138.80917358398438]}}