{"motor_position": {"axis_1_motor_position": 57865, "axis_2_motor_position": 30707}, "target_name": "multi_focus_tower", "sun_elevation": 23.252955968008674, "sun_azimuth": 21.625486406911104, "focal_spot": {"HeliOS": [50.91339643813503, 6.387578082970386, 138.93040505007667], "UTIS": [50.913396440099824, 6.3875783572943705, 138.8872947692871]}}