{"motor_position": {"axis_1_motor_position": 57726, "axis_2_motor_position": 32120}, "target_name": "multi_focus_tower", "sun_elevation": 24.024791573174046, "sun_azimuth": 17.885264205597327, "focal_spot": {"HeliOS": [50.913396437950844, 6.387578135690554, 138.93213312673373], "UTIS": [50.91339643931238, 6.387578594133407, 138.8939208984375]}}