{"motor_position": {"axis_1_motor_position": 57608, "axis_2_motor_position": 33634}, "target_name": "multi_focus_tower", "sun_elevation": 24.69646234074556, "sun_azimuth": 13.802107901180676, "focal_spot": {"HeliOS": [50.913396443691596, 6.387576491504397, 138.9529033606707], "UTIS": [50.91339644519484, 6.387576824905416, 138.8984146118164]}}