{"motor_position": {"axis_1_motor_position": 57536, "axis_2_motor_position": 35016}, "target_name": "multi_focus_tower", "sun_elevation": 25.15007926124591, "sun_azimuth": 10.137120665131281, "focal_spot": {"HeliOS": [50.91339645563123, 6.387573068891408, 138.93551441373222], "UTIS": [50.91339646429216, 6.387571081077464, 138.88650512695312]}}