{"motor_position": {"axis_1_motor_position": 55194, "axis_2_motor_position": 26142}, "target_name": "multi_focus_tower", "sun_elevation": 28.59804471975491, "sun_azimuth": 35.320177924663994, "focal_spot": {"HeliOS": [50.913396439730676, 6.3875776394563095, 138.05849769736295], "UTIS": [50.91339644171715, 6.387577870869902, 138.0177764892578]}}