{"motor_position": {"axis_1_motor_position": 54863, "axis_2_motor_position": 28189}, "target_name": "multi_focus_tower", "sun_elevation": 30.277762206346395, "sun_azimuth": 30.024222150422474, "focal_spot": {"HeliOS": [50.913396446866166, 6.387575596058241, 139.05888873192202], "UTIS": [50.91339644813268, 6.3875759413084205, 139.00261306762695]}}