{"motor_position": {"axis_1_motor_position": 56179, "axis_2_motor_position": 47046}, "target_name": "solar_tower_juelich_lower", "sun_elevation": 30.146430768482087, "sun_azimuth": -30.67946895660172, "focal_spot": {"HeliOS": [50.91339202233753, 6.387826889099949, 122.76125815014058], "UTIS": [50.91339203337558, 6.387827631479046, 122.78350067138672]}}