{"motor_position": {"axis_1_motor_position": 54587, "axis_2_motor_position": 52299}, "target_name": "multi_focus_tower", "sun_elevation": 28.339639469081025, "sun_azimuth": -42.944509080378175, "focal_spot": {"HeliOS": [50.913396445428106, 6.387576065707691, 139.7132281739309], "UTIS": [50.91339644788966, 6.387576014396844, 139.6816444396973]}}