{"motor_position": {"axis_1_motor_position": 53812, "axis_2_motor_position": 19998}, "target_name": "solar_tower_juelich_upper", "sun_elevation": 30.559406522677197, "sun_azimuth": 48.721115592809994, "focal_spot": {"HeliOS": [50.91339201543308, 6.387829027727879, 129.44603781739144], "UTIS": [50.91339202725186, 6.3878294720765, 129.441162109375]}}