{"motor_position": {"axis_1_motor_position": 52753, "axis_2_motor_position": 48787}, "target_name": "solar_tower_juelich_upper", "sun_elevation": 35.91213198497337, "sun_azimuth": -38.960199881182454, "focal_spot": {"HeliOS": [50.91339205767747, 6.387806783922779, 130.55159259582788], "UTIS": [50.913392102600916, 6.387806823892413, 130.5902862548828]}}