{"motor_position": {"axis_1_motor_position": 48108, "axis_2_motor_position": 28032}, "target_name": "multi_focus_tower", "sun_elevation": 46.82122143979724, "sun_azimuth": 36.92324983772608, "focal_spot": {"HeliOS": [50.91339642976396, 6.387580421183846, 139.23248968606], "UTIS": [50.91339643293061, 6.387580513524883, 139.18082427978516]}}