{"motor_position": {"axis_1_motor_position": 46896, "axis_2_motor_position": 9462}, "target_name": "multi_focus_tower", "sun_elevation": 27.896689794623146, "sun_azimuth": 85.77012272574724, "focal_spot": {"HeliOS": [50.91339640674464, 6.38758716249603, 138.80907030404055], "UTIS": [50.913396414398015, 6.387586087364611, 138.7601089477539]}}