{"motor_position": {"axis_1_motor_position": 46241, "axis_2_motor_position": 16971}, "target_name": "multi_focus_tower", "sun_elevation": 38.40264999201066, "sun_azimuth": 71.1028668097136, "focal_spot": {"HeliOS": [50.91339642568647, 6.387581657156513, 138.91134975708485], "UTIS": [50.91339642924223, 6.387581622841707, 138.87217712402344]}}