{"motor_position": {"axis_1_motor_position": 46037, "axis_2_motor_position": 20563}, "target_name": "multi_focus_tower", "sun_elevation": 43.20763987653734, "sun_azimuth": 62.91745830848041, "focal_spot": {"HeliOS": [50.91339642898307, 6.38758070012478, 138.9594070147178], "UTIS": [50.913396431611325, 6.387580910317727, 138.9150276184082]}}