{"motor_position": {"axis_1_motor_position": 45839, "axis_2_motor_position": 25785}, "target_name": "multi_focus_tower", "sun_elevation": 49.58219410735148, "sun_azimuth": 48.91411981744985, "focal_spot": {"HeliOS": [50.913396443494754, 6.387576542011927, 138.85574470707172], "UTIS": [50.91339644565732, 6.387576685806892, 138.81841659545898]}}