{"motor_position": {"axis_1_motor_position": 45928, "axis_2_motor_position": 23120}, "target_name": "multi_focus_tower", "sun_elevation": 46.442364637974826, "sun_azimuth": 56.42798440640713, "focal_spot": {"HeliOS": [50.9133964384331, 6.387577999257923, 138.88622598856938], "UTIS": [50.91339643980866, 6.38757844486488, 138.84613037109375]}}