{"motor_position": {"axis_1_motor_position": 45669, "axis_2_motor_position": 34725}, "target_name": "multi_focus_tower", "sun_elevation": 57.03256182459979, "sun_azimuth": 16.65027618825088, "focal_spot": {"HeliOS": [50.91339643887937, 6.387577871458034, 138.86923993927263], "UTIS": [50.91339644025781, 6.3875783097801175, 138.86569595336914]}}