{"motor_position": {"axis_1_motor_position": 45679, "axis_2_motor_position": 33695}, "target_name": "multi_focus_tower", "sun_elevation": 56.526022036810346, "sun_azimuth": 20.854479808023033, "focal_spot": {"HeliOS": [50.91339643376313, 6.38757934978033, 138.8276066496407], "UTIS": [50.913396436477576, 6.387579446732232, 138.81354141235352]}}