{"motor_position": {"axis_1_motor_position": 45598, "axis_2_motor_position": 43900}, "target_name": "solar_tower_juelich_upper", "sun_elevation": 56.66127285554491, "sun_azimuth": -31.860359168885708, "focal_spot": {"HeliOS": [50.91339203117709, 6.387821234556139, 129.86100757054442], "UTIS": [50.91339205128982, 6.387822246964757, 129.8676795959473]}}