{"motor_position": {"axis_1_motor_position": 47012, "axis_2_motor_position": 55595}, "target_name": "solar_tower_juelich_lower", "sun_elevation": 40.34227140747126, "sun_azimuth": -72.06715389781746, "focal_spot": {"HeliOS": [50.913392000415996, 6.387834887845106, 122.34552625363574], "UTIS": [50.913392005880794, 6.3878358954869885, 122.36251068115234]}}