{"motor_position": {"axis_1_motor_position": 47251, "axis_2_motor_position": 57442}, "target_name": "solar_tower_juelich_lower", "sun_elevation": 37.099451844414396, "sun_azimuth": -76.9412774806801, "focal_spot": {"HeliOS": [50.91339199916269, 6.387835476417243, 122.1747266753942], "UTIS": [50.913392002604475, 6.387836880227929, 122.1353988647461]}}