{"motor_position": {"axis_1_motor_position": 47574, "axis_2_motor_position": 59600}, "target_name": "solar_tower_juelich_lower", "sun_elevation": 33.1424850948235, "sun_azimuth": -82.41365937225238, "focal_spot": {"HeliOS": [50.91339200418104, 6.387833800337762, 122.1577220854238], "UTIS": [50.91339201049437, 6.38783450881401, 122.14147567749023]}}