{"motor_position": {"axis_1_motor_position": 45387, "axis_2_motor_position": 49628}, "target_name": "solar_tower_juelich_lower", "sun_elevation": 51.60213064046369, "sun_azimuth": -56.93283807039493, "focal_spot": {"HeliOS": [50.91339202968629, 6.387823865398454, 122.89940340969694], "UTIS": [50.913392048888475, 6.387822968743352, 122.79201889038086]}}