{"motor_position": {"axis_1_motor_position": 58307, "axis_2_motor_position": 61626}, "target_name": "solar_tower_juelich_upper", "sun_elevation": 20.830452051753472, "sun_azimuth": -39.16879862566381, "focal_spot": {"HeliOS": [50.91339208991862, 6.387789481941456, 128.93353160087804], "UTIS": [50.91339215782916, 6.387790222713436, 128.9304161071777]}}