{"motor_position": {"axis_1_motor_position": 58764, "axis_2_motor_position": 63203}, "target_name": "solar_tower_juelich_upper", "sun_elevation": 18.329685666143067, "sun_azimuth": -44.760755126555104, "focal_spot": {"HeliOS": [50.913392024484764, 6.38782484757473, 129.80282274045666], "UTIS": [50.9133920414706, 6.387825198353553, 129.8274269104004]}}