{"motor_position": {"axis_1_motor_position": 58577, "axis_2_motor_position": 62621}, "target_name": "solar_tower_juelich_upper", "sun_elevation": 19.18997783792497, "sun_azimuth": -42.92811084919116, "focal_spot": {"HeliOS": [50.91339201851565, 6.387828287844765, 129.85938237785038], "UTIS": [50.913392032170904, 6.387827993565016, 129.89110565185547]}}