{"motor_position": {"axis_1_motor_position": 58963, "axis_2_motor_position": 63771}, "target_name": "solar_tower_juelich_upper", "sun_elevation": 17.44356711367298, "sun_azimuth": -46.56542173293234, "focal_spot": {"HeliOS": [50.913392024153104, 6.3878250436139545, 129.80883248555216], "UTIS": [50.91339204074113, 6.387825417612012, 129.80653762817383]}}