{"motor_position": {"axis_1_motor_position": 59169, "axis_2_motor_position": 64309}, "target_name": "solar_tower_juelich_upper", "sun_elevation": 16.54680239396358, "sun_azimuth": -48.31650732075433, "focal_spot": {"HeliOS": [50.91339201576934, 6.387829442156569, 129.70271841141442], "UTIS": [50.913392028403926, 6.3878291258048865, 129.7040252685547]}}