{"motor_position": {"axis_1_motor_position": 59371, "axis_2_motor_position": 64862}, "target_name": "solar_tower_juelich_upper", "sun_elevation": 15.609735125702793, "sun_azimuth": -50.074974978607926, "focal_spot": {"HeliOS": [50.91339201580458, 6.387829890209798, 129.89675533873745], "UTIS": [50.91339202558806, 6.3878299721660055, 129.9164161682129]}}