{"motor_position": {"axis_1_motor_position": 59596, "axis_2_motor_position": 65409}, "target_name": "solar_tower_juelich_upper", "sun_elevation": 14.65919621517821, "sun_azimuth": -51.79281682247802, "focal_spot": {"HeliOS": [50.913392024539945, 6.387825075153707, 129.93082933271566], "UTIS": [50.91339204113699, 6.38782529862299, 129.93746948242188]}}