{"motor_position": {"axis_1_motor_position": 59838, "axis_2_motor_position": 65938}, "target_name": "solar_tower_juelich_upper", "sun_elevation": 13.682423178174217, "sun_azimuth": -53.496725128742725, "focal_spot": {"HeliOS": [50.91339202534265, 6.387824543481935, 129.88990858113044], "UTIS": [50.9133920431326, 6.387824698803057, 129.93167114257812]}}