{"motor_position": {"axis_1_motor_position": 57070, "axis_2_motor_position": 51651}, "target_name": "solar_tower_juelich_upper", "sun_elevation": 28.054576796204337, "sun_azimuth": -7.498403756042125, "focal_spot": {"HeliOS": [50.91339200743744, 6.3878359129755715, 130.3489149299293], "UTIS": [50.91339200373819, 6.387836539475236, 130.39638900756836]}}