{"motor_position": {"axis_1_motor_position": 57982, "axis_2_motor_position": 59796}, "target_name": "solar_tower_juelich_upper", "sun_elevation": 22.516429851155603, "sun_azimuth": -33.77113327851391, "focal_spot": {"HeliOS": [50.913392020814214, 6.387827127571968, 129.91421502996485], "UTIS": [50.913392032693736, 6.387827836418146, 130.01604843139648]}}