{"motor_position": {"axis_1_motor_position": 58213, "axis_2_motor_position": 60824}, "target_name": "solar_tower_juelich_upper", "sun_elevation": 21.285339450575382, "sun_azimuth": -37.07759832450298, "focal_spot": {"HeliOS": [50.91339202266574, 6.387826373467417, 130.04575998721828], "UTIS": [50.91339203705775, 6.3878265247252, 130.15436935424805]}}