{"motor_position": {"axis_1_motor_position": 58548, "axis_2_motor_position": 62088}, "target_name": "solar_tower_juelich_upper", "sun_elevation": 19.601689448270502, "sun_azimuth": -41.132983805689406, "focal_spot": {"HeliOS": [50.91339202036776, 6.38782761550676, 130.01965361622433], "UTIS": [50.9133920324952, 6.387827896088938, 130.01832962036133]}}