{"motor_position": {"axis_1_motor_position": 59058, "axis_2_motor_position": 63684}, "target_name": "solar_tower_juelich_upper", "sun_elevation": 17.206396741819766, "sun_azimuth": -46.237279854542805, "focal_spot": {"HeliOS": [50.91339202204696, 6.387826730990757, 130.04894700868226], "UTIS": [50.91339203551095, 6.387826989650228, 130.13214492797852]}}