{"motor_position": {"axis_1_motor_position": 59412, "axis_2_motor_position": 64620}, "target_name": "solar_tower_juelich_upper", "sun_elevation": 15.657286227940862, "sun_azimuth": -49.23145477064853, "focal_spot": {"HeliOS": [50.91339202081619, 6.387827489688858, 130.07595412351202], "UTIS": [50.91339203353623, 6.3878275831918785, 130.07057571411133]}}