{"motor_position": {"axis_1_motor_position": 60682, "axis_2_motor_position": 64931}, "target_name": "solar_tower_juelich_lower", "sun_elevation": 13.78476038331246, "sun_azimuth": -49.740289263572464, "focal_spot": {"HeliOS": [50.913392018843716, 6.387826883714137, 123.6654081928326], "UTIS": [50.913392035528354, 6.387826984422846, 123.6749267578125]}}