{"motor_position": {"axis_1_motor_position": 58159, "axis_2_motor_position": 43449}, "target_name": "solar_tower_juelich_upper", "sun_elevation": 24.671840137145903, "sun_azimuth": 17.738491723792805, "focal_spot": {"HeliOS": [50.913392017484874, 6.38782890243016, 129.8763812521908], "UTIS": [50.913392028528605, 6.387829088325039, 129.9449577331543]}}