{"motor_position": {"axis_1_motor_position": 59850, "axis_2_motor_position": 56752}, "target_name": "solar_tower_juelich_upper", "sun_elevation": 18.780069224867617, "sun_azimuth": -22.91842689332059, "focal_spot": {"HeliOS": [50.91339202009056, 6.3878275344481725, 129.91494648712165], "UTIS": [50.91339203336471, 6.38782763474701, 130.03499603271484]}}