{"motor_position": {"axis_1_motor_position": 61947, "axis_2_motor_position": 57727}, "target_name": "solar_tower_juelich_upper", "sun_elevation": 12.32737294369547, "sun_azimuth": -25.29375231330835, "focal_spot": {"HeliOS": [50.913392033354484, 6.38782100878114, 130.44972552804845], "UTIS": [50.913392055655464, 6.387820934763311, 130.5180549621582]}}