{"motor_position": {"axis_1_motor_position": 59076, "axis_2_motor_position": 43030}, "target_name": "solar_tower_juelich_upper", "sun_elevation": 21.97675329078708, "sun_azimuth": 18.624863746147707, "focal_spot": {"HeliOS": [50.913392023474614, 6.387825166050521, 129.68340489928173], "UTIS": [50.91339204083742, 6.387825388668189, 129.69916152954102]}}