{"motor_position": {"axis_1_motor_position": 58984, "axis_2_motor_position": 56167}, "target_name": "solar_tower_juelich_upper", "sun_elevation": 21.422523801073684, "sun_azimuth": -21.389769516955617, "focal_spot": {"HeliOS": [50.91339202198994, 6.3878268949331956, 130.1082352436356], "UTIS": [50.91339203469952, 6.387827233540434, 130.13397979736328]}}