{"motor_position": {"axis_1_motor_position": 60980, "axis_2_motor_position": 63975}, "target_name": "solar_tower_juelich_upper", "sun_elevation": 12.248560164250254, "sun_azimuth": -46.145366938692874, "focal_spot": {"HeliOS": [50.91339202380352, 6.387825487240888, 129.9304139494424], "UTIS": [50.913392040782796, 6.38782540508935, 130.0813865661621]}}