{"motor_position": {"axis_1_motor_position": 63159, "axis_2_motor_position": 67939}, "target_name": "solar_tower_juelich_upper", "sun_elevation": 4.64620556498423, "sun_azimuth": -59.01163450598837, "focal_spot": {"HeliOS": [50.913392031530826, 6.387820581725511, 129.58306788574882], "UTIS": [50.9133920582158, 6.387820165192484, 129.5876502990723]}}