{"motor_position": {"axis_1_motor_position": 58185, "axis_2_motor_position": 40739}, "target_name": "multi_focus_tower", "sun_elevation": 21.329152511735515, "sun_azimuth": 29.10955600459916, "focal_spot": {"HeliOS": [50.91339643521961, 6.387578948850235, 138.64178972077465], "UTIS": [50.913396438055116, 6.387578972267685, 138.60830688476562]}}