{"motor_position": {"axis_1_motor_position": 58439, "axis_2_motor_position": 62214}, "target_name": "multi_focus_tower", "sun_elevation": 18.41226379714446, "sun_azimuth": -37.45873691930592, "focal_spot": {"HeliOS": [50.91339644057553, 6.387577383532611, 138.99305822656476], "UTIS": [50.913396443394575, 6.387577366356383, 138.9490509033203]}}