{"motor_position": {"axis_1_motor_position": 57863, "axis_2_motor_position": 48394}, "target_name": "solar_tower_juelich_upper", "sun_elevation": 26.054357924513557, "sun_azimuth": 2.9181530567256027, "focal_spot": {"HeliOS": [50.913392019157484, 6.3878281716689855, 129.96469537933598], "UTIS": [50.91339203025581, 6.387828569180341, 129.98162460327148]}}