{"motor_position": {"axis_1_motor_position": 58750, "axis_2_motor_position": 59606}, "target_name": "solar_tower_juelich_upper", "sun_elevation": 20.55755590913999, "sun_azimuth": -32.72296244848569, "focal_spot": {"HeliOS": [50.913392021252584, 6.387826810015425, 129.8812513063113], "UTIS": [50.913392035458365, 6.38782700545441, 129.905517578125]}}