{"motor_position": {"axis_1_motor_position": 56848, "axis_2_motor_position": 41132}, "target_name": "solar_tower_juelich_upper", "sun_elevation": 27.684770242801868, "sun_azimuth": 25.098932505178304, "focal_spot": {"HeliOS": [50.913392026323756, 6.387823644491038, 129.7060848352621], "UTIS": [50.91339204567893, 6.387823933449394, 129.70198822021484]}}