{"motor_position": {"axis_1_motor_position": 56391, "axis_2_motor_position": 45444}, "target_name": "solar_tower_juelich_upper", "sun_elevation": 30.033617626292333, "sun_azimuth": 12.310790583988458, "focal_spot": {"HeliOS": [50.91339202122757, 6.387827022192552, 129.97139803530203], "UTIS": [50.91339203412206, 6.387827407108467, 129.9908218383789]}}