{"motor_position": {"axis_1_motor_position": 56322, "axis_2_motor_position": 53971}, "target_name": "solar_tower_juelich_upper", "sun_elevation": 29.59109867567835, "sun_azimuth": -15.764927932130421, "focal_spot": {"HeliOS": [50.91339196838904, 6.387858488825029, 130.31684252555547], "UTIS": [50.91339193196586, 6.387858110961102, 130.4518699645996]}}