{"motor_position": {"axis_1_motor_position": 56499, "axis_2_motor_position": 56090}, "target_name": "solar_tower_juelich_upper", "sun_elevation": 28.40115030785119, "sun_azimuth": -22.221763817243662, "focal_spot": {"HeliOS": [50.91339201592606, 6.3878295111578325, 129.76801947485018], "UTIS": [50.913392027075766, 6.387829525004582, 129.87590408325195]}}