{"motor_position": {"axis_1_motor_position": 56721, "axis_2_motor_position": 57893}, "target_name": "solar_tower_juelich_upper", "sun_elevation": 26.926731168831804, "sun_azimuth": -28.159918782261116, "focal_spot": {"HeliOS": [50.913392022133394, 6.387826112524291, 129.78424094480283], "UTIS": [50.91339203945504, 6.387825804173786, 129.9164047241211]}}