{"motor_position": {"axis_1_motor_position": 59627, "axis_2_motor_position": 28902}, "target_name": "solar_tower_juelich_upper", "sun_elevation": 15.0971925285047, "sun_azimuth": 55.95044919951335, "focal_spot": {"HeliOS": [50.91339202061023, 6.387824551831712, 128.56203376931126], "UTIS": [50.91339204387314, 6.387824476215617, 128.5575408935547]}}