{"motor_position": {"axis_1_motor_position": 58404, "axis_2_motor_position": 32640}, "target_name": "solar_tower_juelich_upper", "sun_elevation": 19.84547534815463, "sun_azimuth": 47.298972754879564, "focal_spot": {"HeliOS": [50.913392021323475, 6.387825726246631, 129.3807193936262], "UTIS": [50.9133920387529, 6.387826015214886, 129.38836669921875]}}