{"motor_position": {"axis_1_motor_position": 57679, "axis_2_motor_position": 35551}, "target_name": "solar_tower_juelich_upper", "sun_elevation": 23.112077420857492, "sun_azimuth": 40.13915574684195, "focal_spot": {"HeliOS": [50.91339203710645, 6.38781850656344, 130.25511697003495], "UTIS": [50.91339204919327, 6.387822877131978, 129.89793014526367]}}