{"motor_position": {"axis_1_motor_position": 56493, "axis_2_motor_position": 42873}, "target_name": "solar_tower_juelich_upper", "sun_elevation": 29.19090422121374, "sun_azimuth": 20.080373293328314, "focal_spot": {"HeliOS": [50.91339202102509, 6.387826881921405, 129.85603911564522], "UTIS": [50.9133920341883, 6.387827387202381, 129.85063552856445]}}