{"motor_position": {"axis_1_motor_position": 56091, "axis_2_motor_position": 49446}, "target_name": "solar_tower_juelich_upper", "sun_elevation": 31.148241782709004, "sun_azimuth": -0.37095445868753085, "focal_spot": {"HeliOS": [50.91339202009869, 6.387827564619283, 129.93036118778394], "UTIS": [50.9133920317702, 6.387828114004957, 129.93535614013672]}}