{"motor_position": {"axis_1_motor_position": 57840, "axis_2_motor_position": 36124}, "target_name": "solar_tower_juelich_lower", "sun_elevation": 24.440766184356814, "sun_azimuth": 38.909155530775344, "focal_spot": {"HeliOS": [50.913392011355526, 6.3878306576276165, 122.78781227824987], "UTIS": [50.913392020165396, 6.38783160203763, 122.69787216186523]}}