{"motor_position": {"axis_1_motor_position": 57483, "axis_2_motor_position": 37912}, "target_name": "solar_tower_juelich_lower", "sun_elevation": 26.168075379872192, "sun_azimuth": 34.24829878598791, "focal_spot": {"HeliOS": [50.913392012424076, 6.387830146803296, 122.9048066714784], "UTIS": [50.91339202197251, 6.387831058881559, 122.8258171081543]}}