{"motor_position": {"axis_1_motor_position": 52865, "axis_2_motor_position": 40831}, "target_name": "solar_tower_juelich_upper", "sun_elevation": 38.11393647053565, "sun_azimuth": 28.999023062539077, "focal_spot": {"HeliOS": [50.913392015650544, 6.387829096347659, 129.52708910564945], "UTIS": [50.91339202673151, 6.38782962847418, 129.5410118103027]}}