{"motor_position": {"axis_1_motor_position": 51878, "axis_2_motor_position": 61466}, "target_name": "solar_tower_juelich_upper", "sun_elevation": 36.29289679970154, "sun_azimuth": -45.01047013467363, "focal_spot": {"HeliOS": [50.91339201067735, 6.387830293330551, 128.90442095580244], "UTIS": [50.91339202416941, 6.387830398563675, 128.91170120239258]}}