{"motor_position": {"axis_1_motor_position": 52123, "axis_2_motor_position": 63209}, "target_name": "solar_tower_juelich_upper", "sun_elevation": 33.693814996900066, "sun_azimuth": -50.975674691078936, "focal_spot": {"HeliOS": [50.9133920098426, 6.3878316047545995, 129.27313416427165], "UTIS": [50.91339201912705, 6.387831914127865, 129.2375831604004]}}