{"motor_position": {"axis_1_motor_position": 51892, "axis_2_motor_position": 66138}, "target_name": "solar_tower_juelich_upper", "sun_elevation": 30.28400706578364, "sun_azimuth": -61.67890930809933, "focal_spot": {"HeliOS": [50.91339201513221, 6.387828941072471, 129.33688699596422], "UTIS": [50.9133920289286, 6.387828968102058, 129.38024520874023]}}