{"motor_position": {"axis_1_motor_position": 52718, "axis_2_motor_position": 68949}, "target_name": "solar_tower_juelich_upper", "sun_elevation": 24.63862320646794, "sun_azimuth": -70.6172201027744, "focal_spot": {"HeliOS": [50.913392018419934, 6.387827094544474, 129.2927133737044], "UTIS": [50.91339203616445, 6.387826793226808, 129.3194580078125]}}