{"motor_position": {"axis_1_motor_position": 53667, "axis_2_motor_position": 71188}, "target_name": "solar_tower_juelich_upper", "sun_elevation": 19.625654568969395, "sun_azimuth": -77.64824187599721, "focal_spot": {"HeliOS": [50.91339202248416, 6.38782455718422, 129.09270048226935], "UTIS": [50.91339204244881, 6.387824904332017, 129.1071891784668]}}