{"motor_position": {"axis_1_motor_position": 54881, "axis_2_motor_position": 73285}, "target_name": "solar_tower_juelich_upper", "sun_elevation": 14.495045448888277, "sun_azimuth": -84.33566532464113, "focal_spot": {"HeliOS": [50.91339201409822, 6.3878303259258, 129.68827810567865], "UTIS": [50.91339201935644, 6.387831845182033, 129.78525161743164]}}