{"motor_position": {"axis_1_motor_position": 53378, "axis_2_motor_position": 25170}, "target_name": "solar_tower_juelich_upper", "sun_elevation": 24.96672763451582, "sun_azimuth": 71.26425765917934, "focal_spot": {"HeliOS": [50.91339200559579, 6.3878313604983665, 128.25030660152194], "UTIS": [50.913392017549576, 6.387832388260135, 128.29436492919922]}}