{"motor_position": {"axis_1_motor_position": 50516, "axis_2_motor_position": 42521}, "target_name": "solar_tower_juelich_upper", "sun_elevation": 44.84699654375099, "sun_azimuth": 25.693456654293414, "focal_spot": {"HeliOS": [50.913392019218136, 6.387828649576887, 130.18196147748606], "UTIS": [50.9133920281878, 6.387829190764079, 130.1913299560547]}}