{"motor_position": {"axis_1_motor_position": 50169, "axis_2_motor_position": 52096}, "target_name": "solar_tower_juelich_upper", "sun_elevation": 46.99135812142946, "sun_azimuth": -10.69979886868337, "focal_spot": {"HeliOS": [50.913392015145696, 6.387831150028823, 130.24508184810327], "UTIS": [50.913392022626546, 6.387830862302202, 130.28273391723633]}}