{"motor_position": {"axis_1_motor_position": 50200, "axis_2_motor_position": 49055}, "target_name": "solar_tower_juelich_upper", "sun_elevation": 47.40806590233908, "sun_azimuth": 1.4069994281200495, "focal_spot": {"HeliOS": [50.91339201238921, 6.387832844042247, 130.28258565281786], "UTIS": [50.91339201553593, 6.3878329934972875, 130.3098487854004]}}