{"motor_position": {"axis_1_motor_position": 50225, "axis_2_motor_position": 54867}, "target_name": "solar_tower_juelich_upper", "sun_elevation": 45.62219468183919, "sun_azimuth": -21.72766062268113, "focal_spot": {"HeliOS": [50.91339201388749, 6.387831553782029, 130.12480447360497], "UTIS": [50.9133920201935, 6.387831593589748, 130.1619644165039]}}