{"motor_position": {"axis_1_motor_position": 50090, "axis_2_motor_position": 57916}, "target_name": "solar_tower_juelich_upper", "sun_elevation": 43.71921089426774, "sun_azimuth": -33.82738308731376, "focal_spot": {"HeliOS": [50.913392015908144, 6.387830303358673, 130.08627066111015], "UTIS": [50.913392023786095, 6.387830513776237, 130.1823844909668]}}