{"motor_position": {"axis_1_motor_position": 51654, "axis_2_motor_position": 30605}, "target_name": "solar_tower_juelich_lower", "sun_elevation": 34.419706309884205, "sun_azimuth": 61.098244926379174, "focal_spot": {"HeliOS": [50.913392015886515, 6.387829455985474, 122.48923215024186], "UTIS": [50.91339202577379, 6.387829916336084, 122.4109992980957]}}