{"motor_position": {"axis_1_motor_position": 50585, "axis_2_motor_position": 36632}, "target_name": "solar_tower_juelich_lower", "sun_elevation": 42.04735216494212, "sun_azimuth": 45.81229621049325, "focal_spot": {"HeliOS": [50.91339202910513, 6.3878241408660275, 123.03947725785532], "UTIS": [50.91339204308536, 6.3878247130003825, 122.9760284423828]}}