{"motor_position": {"axis_1_motor_position": 49452, "axis_2_motor_position": 39069}, "target_name": "solar_tower_juelich_upper", "sun_elevation": 45.20991901284575, "sun_azimuth": 38.93225313674523, "focal_spot": {"HeliOS": [50.913392011296274, 6.387832930347353, 130.08806100651017], "UTIS": [50.913392012445705, 6.387833922313391, 130.10944747924805]}}