{"motor_position": {"axis_1_motor_position": 48998, "axis_2_motor_position": 45743}, "target_name": "solar_tower_juelich_upper", "sun_elevation": 50.12848191830164, "sun_azimuth": 15.152998381433846, "focal_spot": {"HeliOS": [50.913392008090646, 6.387835486837109, 130.33387904298056], "UTIS": [50.91339200392172, 6.387836484309755, 130.43468475341797]}}