{"motor_position": {"axis_1_motor_position": 49074, "axis_2_motor_position": 59371}, "target_name": "solar_tower_juelich_upper", "sun_elevation": 44.675116675416064, "sun_azimuth": -40.777937770669446, "focal_spot": {"HeliOS": [50.913392014224, 6.387831333410154, 130.1139955263559], "UTIS": [50.913392022296314, 6.3878309615546405, 130.1778335571289]}}