{"motor_position": {"axis_1_motor_position": 49270, "axis_2_motor_position": 61629}, "target_name": "solar_tower_juelich_upper", "sun_elevation": 41.58306674647825, "sun_azimuth": -49.094812061288025, "focal_spot": {"HeliOS": [50.913392010550965, 6.3878328659801955, 129.9107063064718], "UTIS": [50.913392017199705, 6.387832493421345, 129.98907089233398]}}