{"motor_position": {"axis_1_motor_position": 49417, "axis_2_motor_position": 32259}, "target_name": "solar_tower_juelich_upper", "sun_elevation": 38.9514611911032, "sun_azimuth": 59.45431447956868, "focal_spot": {"HeliOS": [50.91339200903541, 6.387832668219412, 129.52209639605684], "UTIS": [50.913392014373564, 6.387833342863973, 129.55571365356445]}}