{"motor_position": {"axis_1_motor_position": 48097, "axis_2_motor_position": 53395}, "target_name": "solar_tower_juelich_upper", "sun_elevation": 51.915366307831135, "sun_azimuth": -17.242821963437002, "focal_spot": {"HeliOS": [50.91339201210554, 6.3878329129679505, 130.248652728293], "UTIS": [50.91339201411443, 6.387833420749237, 130.3424072265625]}}