{"motor_position": {"axis_1_motor_position": 48170, "axis_2_motor_position": 56900}, "target_name": "solar_tower_juelich_upper", "sun_elevation": 49.26387772986791, "sun_azimuth": -32.1217361834463, "focal_spot": {"HeliOS": [50.91339201128502, 6.38783297456907, 130.1017471725775], "UTIS": [50.9133920164977, 6.387832704421764, 130.14628982543945]}}