{"motor_position": {"axis_1_motor_position": 48123, "axis_2_motor_position": 55215}, "target_name": "solar_tower_juelich_upper", "sun_elevation": 50.742108325756156, "sun_azimuth": -25.064514945646103, "focal_spot": {"HeliOS": [50.913392014491095, 6.38783121356216, 130.12638027114224], "UTIS": [50.91339202124425, 6.387831277770509, 130.19029998779297]}}