{"motor_position": {"axis_1_motor_position": 48614, "axis_2_motor_position": 63290}, "target_name": "solar_tower_juelich_upper", "sun_elevation": 40.658268653485, "sun_azimuth": -56.25303122688058, "focal_spot": {"HeliOS": [50.913392011466314, 6.387831698326727, 129.65959473555267], "UTIS": [50.9133920214147, 6.387831226537429, 129.74539947509766]}}