{"motor_position": {"axis_1_motor_position": 47387, "axis_2_motor_position": 47093}, "target_name": "solar_tower_juelich_upper", "sun_elevation": 54.6765277550363, "sun_azimuth": 10.776199904484308, "focal_spot": {"HeliOS": [50.913392008699546, 6.3878352798277245, 130.38234954747622], "UTIS": [50.91339200591697, 6.387835884615256, 130.43551635742188]}}