{"motor_position": {"axis_1_motor_position": 47327, "axis_2_motor_position": 49317}, "target_name": "solar_tower_juelich_upper", "sun_elevation": 55.06183891946167, "sun_azimuth": 0.8168703997018273, "focal_spot": {"HeliOS": [50.91339201391182, 6.3878319732449516, 130.28629271039873], "UTIS": [50.9133920185458, 6.38783208883494, 130.3607177734375]}}