{"motor_position": {"axis_1_motor_position": 47298, "axis_2_motor_position": 51220}, "target_name": "solar_tower_juelich_upper", "sun_elevation": 54.86266314661267, "sun_azimuth": -7.908586918081906, "focal_spot": {"HeliOS": [50.91339201482798, 6.387831272915488, 130.22232485808624], "UTIS": [50.913392020733106, 6.387831431405337, 130.2863540649414]}}