{"motor_position": {"axis_1_motor_position": 47373, "axis_2_motor_position": 58106}, "target_name": "solar_tower_juelich_upper", "sun_elevation": 49.950254163695845, "sun_azimuth": -38.260549936878704, "focal_spot": {"HeliOS": [50.913392014672944, 6.387830825869697, 130.01642461311224], "UTIS": [50.913392023131166, 6.387830710623404, 130.09901428222656]}}