{"motor_position": {"axis_1_motor_position": 48076, "axis_2_motor_position": 34921}, "target_name": "solar_tower_juelich_upper", "sun_elevation": 44.269659180935264, "sun_azimuth": 54.49872372858309, "focal_spot": {"HeliOS": [50.91339201290434, 6.387831021229702, 129.70405591932354], "UTIS": [50.91339202090976, 6.387831378307758, 129.7488555908203]}}