{"motor_position": {"axis_1_motor_position": 48498, "axis_2_motor_position": 28263}, "target_name": "solar_tower_juelich_upper", "sun_elevation": 35.95892921129753, "sun_azimuth": 71.45462277650428, "focal_spot": {"HeliOS": [50.913392011299244, 6.387831156182183, 129.40680101839942], "UTIS": [50.913392019436046, 6.38783182125541, 129.43936157226562]}}