{"motor_position": {"axis_1_motor_position": 47625, "axis_2_motor_position": 40302}, "target_name": "solar_tower_juelich_upper", "sun_elevation": 50.344222680331036, "sun_azimuth": 37.82888318517808, "focal_spot": {"HeliOS": [50.91339201635033, 6.387829684093245, 129.93749374943624], "UTIS": [50.913392022968694, 6.387830759456363, 130.0603065490723]}}