{"motor_position": {"axis_1_motor_position": 46612, "axis_2_motor_position": 43249}, "target_name": "solar_tower_juelich_upper", "sun_elevation": 54.87708195160038, "sun_azimuth": 28.26644159025146, "focal_spot": {"HeliOS": [50.91339201804252, 6.387829428457887, 130.22440626811965], "UTIS": [50.913392026868664, 6.387829587255163, 130.28334045410156]}}