{"motor_position": {"axis_1_motor_position": 46900, "axis_2_motor_position": 66237}, "target_name": "solar_tower_juelich_upper", "sun_elevation": 38.82195991015661, "sun_azimuth": -69.70487628710052, "focal_spot": {"HeliOS": [50.91339201332016, 6.387829907566117, 129.33686431599506], "UTIS": [50.913392026856, 6.387829591062133, 129.4062156677246]}}