{"motor_position": {"axis_1_motor_position": 47188, "axis_2_motor_position": 68550}, "target_name": "solar_tower_juelich_upper", "sun_elevation": 33.93828577898713, "sun_azimuth": -77.07530610192315, "focal_spot": {"HeliOS": [50.91339200397932, 6.387834237743917, 129.09451423429036], "UTIS": [50.91339201169182, 6.387834148904424, 129.1899452209473]}}