{"motor_position": {"axis_1_motor_position": 47603, "axis_2_motor_position": 70915}, "target_name": "solar_tower_juelich_upper", "sun_elevation": 28.558807616038685, "sun_azimuth": -84.34654209039132, "focal_spot": {"HeliOS": [50.91339199580637, 6.387837709618044, 128.81950712440397], "UTIS": [50.913391998492756, 6.387838116052659, 128.89761352539062]}}