{"motor_position": {"axis_1_motor_position": 47528, "axis_2_motor_position": 30443}, "target_name": "solar_tower_juelich_upper", "sun_elevation": 40.11411950185303, "sun_azimuth": 67.955459381074, "focal_spot": {"HeliOS": [50.9133920083376, 6.387832609040518, 129.35390042530207], "UTIS": [50.91339201579355, 6.387832916069674, 129.39278030395508]}}