{"motor_position": {"axis_1_motor_position": 47279, "axis_2_motor_position": 32700}, "target_name": "solar_tower_juelich_upper", "sun_elevation": 43.205523284059474, "sun_azimuth": 62.49804943632357, "focal_spot": {"HeliOS": [50.91339201132319, 6.387831658311597, 129.61313634072374], "UTIS": [50.91339201880919, 6.387832009671645, 129.66815185546875]}}