{"motor_position": {"axis_1_motor_position": 46907, "axis_2_motor_position": 36965}, "target_name": "solar_tower_juelich_upper", "sun_elevation": 48.69862305362082, "sun_azimuth": 50.65096825297874, "focal_spot": {"HeliOS": [50.91339201128692, 6.387832414268094, 129.89587698966082], "UTIS": [50.91339201617323, 6.3878328019453035, 129.94880294799805]}}