{"motor_position": {"axis_1_motor_position": 46251, "axis_2_motor_position": 52710}, "target_name": "solar_tower_juelich_upper", "sun_elevation": 56.97862078153491, "sun_azimuth": -15.483900677456969, "focal_spot": {"HeliOS": [50.913392015530306, 6.38783124715683, 130.3655162810897], "UTIS": [50.913392020927375, 6.387831373015965, 130.46448135375977]}}