{"motor_position": {"axis_1_motor_position": 45175, "axis_2_motor_position": 57507}, "target_name": "multi_focus_tower", "sun_elevation": 54.55991873552418, "sun_azimuth": -32.41614163634326, "focal_spot": {"HeliOS": [50.913396425387845, 6.387581630449545, 139.30377925484487], "UTIS": [50.91339643275503, 6.38758056632754, 139.27899932861328]}}