{"motor_position": {"axis_1_motor_position": 45659, "axis_2_motor_position": 45455}, "target_name": "solar_tower_juelich_lower", "sun_elevation": 59.88807093115977, "sun_azimuth": 21.145755531030165, "focal_spot": {"HeliOS": [50.91339199431094, 6.387836098207299, 123.27967225331722], "UTIS": [50.913392003743006, 6.387836538024314, 123.24947357177734]}}