{"motor_position": {"axis_1_motor_position": 45546, "axis_2_motor_position": 60468}, "target_name": "solar_tower_juelich_lower", "sun_elevation": 52.19444705435086, "sun_azimuth": -52.163982941057604, "focal_spot": {"HeliOS": [50.91339199656999, 6.387835465629329, 123.11124935344618], "UTIS": [50.91339200851938, 6.38783510242346, 123.10514068603516]}}