{"motor_position": {"axis_1_motor_position": 45928, "axis_2_motor_position": 33661}, "target_name": "solar_tower_juelich_upper", "sun_elevation": 46.34404861438469, "sun_azimuth": 62.70444906403494, "focal_spot": {"HeliOS": [50.91339201370362, 6.3878333515597685, 130.72820218698575], "UTIS": [50.91339201381344, 6.387833511214796, 130.902099609375]}}