{"motor_position": {"axis_1_motor_position": 45671, "axis_2_motor_position": 39726}, "target_name": "solar_tower_juelich_upper", "sun_elevation": 54.02609745823844, "sun_azimuth": 44.019222793501285, "focal_spot": {"HeliOS": [50.91339200793397, 6.387834185464523, 129.85904185257368], "UTIS": [50.9133920100513, 6.387834641986794, 129.91938018798828]}}