{"motor_position": {"axis_1_motor_position": 45593, "axis_2_motor_position": 41311}, "target_name": "solar_tower_juelich_upper", "sun_elevation": 55.718106211938796, "sun_azimuth": 38.077089315370394, "focal_spot": {"HeliOS": [50.913392002725715, 6.387837145883758, 129.87753649776366], "UTIS": [50.91339200082172, 6.38783741605143, 129.96223068237305]}}