{"motor_position": {"axis_1_motor_position": 48416, "axis_2_motor_position": 20827}, "target_name": "solar_tower_juelich_lower", "sun_elevation": 28.067559693276653, "sun_azimuth": 89.41966833597147, "focal_spot": {"HeliOS": [50.913392005415055, 6.387833477403036, 122.06717848418825], "UTIS": [50.913392012371474, 6.387833944619595, 122.01168060302734]}}