{"motor_position": {"axis_1_motor_position": 47887, "axis_2_motor_position": 23998}, "target_name": "solar_tower_juelich_lower", "sun_elevation": 32.625621595304274, "sun_azimuth": 83.61800787856298, "focal_spot": {"HeliOS": [50.91339200025397, 6.387835015057639, 122.27127634903007], "UTIS": [50.91339200744634, 6.387835424944731, 122.22021102905272]}}