{"motor_position": {"axis_1_motor_position": 47012, "axis_2_motor_position": 38572}, "target_name": "solar_tower_juelich_upper", "sun_elevation": 50.07206194591841, "sun_azimuth": 45.11759443537822, "focal_spot": {"HeliOS": [50.91339201053534, 6.387832720801049, 129.85364508444437], "UTIS": [50.91339201404788, 6.38783344075363, 129.89342880249023]}}