{"motor_position": {"axis_1_motor_position": 48075, "axis_2_motor_position": 64932}, "target_name": "solar_tower_juelich_upper", "sun_elevation": 39.09307123891608, "sun_azimuth": -63.066327821587194, "focal_spot": {"HeliOS": [50.91339200579841, 6.38783404600229, 129.38390396312556], "UTIS": [50.91339201028916, 6.38783457049168, 129.4480438232422]}}