{"motor_position": {"axis_1_motor_position": 46652, "axis_2_motor_position": 54218}, "target_name": "multi_focus_tower", "sun_elevation": 53.511429728502655, "sun_azimuth": -15.795944530444508, "focal_spot": {"HeliOS": [50.913396427298785, 6.3875812338874685, 138.7593853707848], "UTIS": [50.91339644232181, 6.387577689003126, 138.82456970214844]}}