{"motor_position": {"axis_1_motor_position": 46617, "axis_2_motor_position": 56049}, "target_name": "multi_focus_tower", "sun_elevation": 52.393263971622076, "sun_azimuth": -23.916912443337115, "focal_spot": {"HeliOS": [50.91339643745884, 6.387578264312757, 139.15028920298738], "UTIS": [50.91339644093841, 6.387578105078292, 139.10524368286133]}}