{"motor_position": {"axis_1_motor_position": 48265, "axis_2_motor_position": 42011}, "target_name": "multi_focus_tower", "sun_elevation": 46.81769597497669, "sun_azimuth": 34.48079772777279, "focal_spot": {"HeliOS": [50.91339642518803, 6.387581783635708, 138.96715379677755], "UTIS": [50.913396431961445, 6.3875808050107326, 138.91464233398438]}}