{"motor_position": {"axis_1_motor_position": 48124, "axis_2_motor_position": 44161}, "target_name": "multi_focus_tower", "sun_elevation": 48.59791956497961, "sun_azimuth": 26.860267065293783, "focal_spot": {"HeliOS": [50.91339643290702, 6.387579564259806, 139.05014038354335], "UTIS": [50.91339643720039, 6.387579229338244, 138.99858856201172]}}