{"motor_position": {"axis_1_motor_position": 50007, "axis_2_motor_position": 72313}, "target_name": "multi_focus_tower", "sun_elevation": 22.552433962740434, "sun_azimuth": -81.25221836223795, "focal_spot": {"HeliOS": [50.91339643496201, 6.387579114892215, 137.88310700732697], "UTIS": [50.91339643876025, 6.3875787601892196, 137.85003280639648]}}