{"motor_position": {"axis_1_motor_position": 49003, "axis_2_motor_position": 66904}, "target_name": "multi_focus_tower", "sun_elevation": 33.85327472595845, "sun_azimuth": -63.379753706365, "focal_spot": {"HeliOS": [50.913396422143116, 6.387582828525868, 138.49389464992583], "UTIS": [50.91339642694808, 6.387582312828962, 138.46501541137695]}}