{"motor_position": {"axis_1_motor_position": 49414, "axis_2_motor_position": 68974}, "target_name": "multi_focus_tower", "sun_elevation": 29.625404755366034, "sun_azimuth": -70.16335074553044, "focal_spot": {"HeliOS": [50.913396417550175, 6.387584297938314, 138.26208893479787], "UTIS": [50.913396423436076, 6.38758336909905, 138.23422241210938]}}