{"motor_position": {"axis_1_motor_position": 50454, "axis_2_motor_position": 60134}, "target_name": "solar_tower_juelich_upper", "sun_elevation": 40.71483815043909, "sun_azimuth": -41.77079129494051, "focal_spot": {"HeliOS": [50.913392009805264, 6.387832754385857, 129.71475231554246], "UTIS": [50.91339201668095, 6.387832649341034, 129.78287887573242]}}