{"motor_position": {"axis_1_motor_position": 52849, "axis_2_motor_position": 33987}, "target_name": "solar_tower_juelich_lower", "sun_elevation": 34.91339035645961, "sun_azimuth": 50.1779167077144, "focal_spot": {"HeliOS": [50.91339201800878, 6.387828642948775, 122.55898971075858], "UTIS": [50.9133920266406, 6.387829655800976, 122.52427673339844]}}