{"motor_position": {"axis_1_motor_position": 52356, "axis_2_motor_position": 38363}, "target_name": "solar_tower_juelich_lower", "sun_elevation": 39.25917426942979, "sun_azimuth": 37.98918984023009, "focal_spot": {"HeliOS": [50.913392004367125, 6.387832968800275, 122.88946275933422], "UTIS": [50.91339201244222, 6.387833923357511, 122.84626388549805]}}