{"motor_position": {"axis_1_motor_position": 51766, "axis_2_motor_position": 44686}, "target_name": "solar_tower_juelich_lower", "sun_elevation": 43.95721862022209, "sun_azimuth": 17.58957528996074, "focal_spot": {"HeliOS": [50.91339201267274, 6.387829849906239, 123.07696793712098], "UTIS": [50.913392023841595, 6.387830497097432, 123.06743621826172]}}