{"motor_position": {"axis_1_motor_position": 51776, "axis_2_motor_position": 47097}, "target_name": "solar_tower_juelich_lower", "sun_elevation": 44.49016150906299, "sun_azimuth": 8.831439001574433, "focal_spot": {"HeliOS": [50.91339200635336, 6.3878319061718445, 123.2179321818114], "UTIS": [50.91339201658332, 6.3878326786882695, 123.1906967163086]}}