{"motor_position": {"axis_1_motor_position": 52288, "axis_2_motor_position": 56327}, "target_name": "solar_tower_juelich_lower", "sun_elevation": 40.91057393095755, "sun_azimuth": -25.806225755237136, "focal_spot": {"HeliOS": [50.91339200828103, 6.387831330187096, 123.1288290938132], "UTIS": [50.91339201951697, 6.387831796932155, 123.15832901000977]}}