{"motor_position": {"axis_1_motor_position": 52495, "axis_2_motor_position": 58673}, "target_name": "solar_tower_juelich_lower", "sun_elevation": 38.70877411694644, "sun_azimuth": -34.356097512237476, "focal_spot": {"HeliOS": [50.91339200826541, 6.387831435320398, 123.04320722412986], "UTIS": [50.91339201950276, 6.387831801203556, 123.05752563476562]}}