{"motor_position": {"axis_1_motor_position": 52567, "axis_2_motor_position": 36163}, "target_name": "multi_focus_tower", "sun_elevation": 32.546575809167614, "sun_azimuth": 46.81224300931293, "focal_spot": {"HeliOS": [50.913396451844605, 6.387574103935172, 138.71390382407853], "UTIS": [50.91339645476766, 6.38757394573684, 138.66752243041992]}}