{"motor_position": {"axis_1_motor_position": 53094, "axis_2_motor_position": 51497}, "target_name": "solar_tower_juelich_lower", "sun_elevation": 40.73226238463777, "sun_azimuth": -7.467620932005842, "focal_spot": {"HeliOS": [50.913392013958024, 6.387829318139592, 123.14143453835538], "UTIS": [50.913392025480455, 6.387830004506611, 123.12504959106444]}}