{"motor_position": {"axis_1_motor_position": 53104, "axis_2_motor_position": 49194}, "target_name": "solar_tower_juelich_lower", "sun_elevation": 40.968164631375686, "sun_azimuth": 0.8591067889313514, "focal_spot": {"HeliOS": [50.91339201530634, 6.3878288656494036, 123.12432416225457], "UTIS": [50.91339202657928, 6.3878296742358005, 123.11322021484376]}}