{"motor_position": {"axis_1_motor_position": 53291, "axis_2_motor_position": 53779}, "target_name": "solar_tower_juelich_lower", "sun_elevation": 39.528578317170606, "sun_azimuth": -15.719307916687349, "focal_spot": {"HeliOS": [50.91339201209071, 6.3878299350279395, 123.17399530430023], "UTIS": [50.91339202270692, 6.387830838138276, 123.16152954101562]}}