{"motor_position": {"axis_1_motor_position": 53335, "axis_2_motor_position": 42841}, "target_name": "multi_focus_tower", "sun_elevation": 34.8601271903477, "sun_azimuth": 26.1057523564235, "focal_spot": {"HeliOS": [50.91339645754259, 6.387572499946563, 138.87225819701465], "UTIS": [50.91339645957244, 6.387572500620068, 138.8048324584961]}}