{"motor_position": {"axis_1_motor_position": 55326, "axis_2_motor_position": 59496}, "target_name": "multi_focus_tower", "sun_elevation": 28.12638819278299, "sun_azimuth": -30.00293812814732, "focal_spot": {"HeliOS": [50.913396462336685, 6.387571069619533, 138.7558508289923], "UTIS": [50.913396463230704, 6.387571400334205, 138.71559524536133]}}