{"motor_position": {"axis_1_motor_position": 55881, "axis_2_motor_position": 47338}, "target_name": "multi_focus_tower", "sun_elevation": 29.329737882179014, "sun_azimuth": 10.61057290568903, "focal_spot": {"HeliOS": [50.91339646346324, 6.387570723353955, 138.71373555685], "UTIS": [50.913396465045906, 6.387570854381315, 138.6721534729004]}}