{"motor_position": {"axis_1_motor_position": 59763, "axis_2_motor_position": 58268}, "target_name": "solar_tower_juelich_lower", "sun_elevation": 19.90962389818414, "sun_azimuth": -27.926972509325324, "focal_spot": {"HeliOS": [50.913392026733476, 6.387825435217746, 122.7135311660568], "UTIS": [50.91339203754335, 6.387826378772114, 122.7050437927246]}}