{"motor_position": {"axis_1_motor_position": 61599, "axis_2_motor_position": 34344}, "target_name": "solar_tower_juelich_lower", "sun_elevation": 13.832772972295388, "sun_azimuth": 41.40008666978496, "focal_spot": {"HeliOS": [50.91339203897651, 6.387822019954416, 122.1899030591344], "UTIS": [50.91339204795529, 6.387823249238786, 122.21165466308594]}}