{"motor_position": {"axis_1_motor_position": 60705, "axis_2_motor_position": 37692}, "target_name": "solar_tower_juelich_lower", "sun_elevation": 17.305082268494345, "sun_azimuth": 33.00202860554491, "focal_spot": {"HeliOS": [50.91339204500167, 6.387819278502243, 122.62335092086794], "UTIS": [50.91339205943151, 6.387819799777537, 122.55621719360352]}}