{"motor_position": {"axis_1_motor_position": 62379, "axis_2_motor_position": 60714}, "target_name": "solar_tower_juelich_lower", "sun_elevation": 11.656839851306982, "sun_azimuth": -34.81874460691976, "focal_spot": {"HeliOS": [50.91339204735589, 6.387818061424048, 122.8608911773758], "UTIS": [50.91339206478687, 6.387818190083193, 122.8252296447754]}}