{"motor_position": {"axis_1_motor_position": 63152, "axis_2_motor_position": 62785}, "target_name": "solar_tower_juelich_lower", "sun_elevation": 8.735349258652606, "sun_azimuth": -41.36889329376714, "focal_spot": {"HeliOS": [50.91339203311686, 6.387823916325473, 122.24692566447932], "UTIS": [50.91339204306381, 6.387824719475282, 122.2259750366211]}}