{"motor_position": {"axis_1_motor_position": 60624, "axis_2_motor_position": 40225}, "target_name": "solar_tower_juelich_lower", "sun_elevation": 18.224235120220087, "sun_azimuth": 26.170329963553478, "focal_spot": {"HeliOS": [50.91339203253045, 6.387823332315741, 122.78140955288556], "UTIS": [50.91339204466158, 6.387824239234233, 122.72536087036131]}}