{"motor_position": {"axis_1_motor_position": 55531, "axis_2_motor_position": 50860}, "target_name": "solar_tower_juelich_lower", "sun_elevation": 34.0237621091104, "sun_azimuth": -4.890084034634786, "focal_spot": {"HeliOS": [50.91339202749526, 6.387824714496333, 123.03271887995707], "UTIS": [50.913392042920606, 6.387824762521509, 123.01227188110352]}}