{"motor_position": {"axis_1_motor_position": 55526, "axis_2_motor_position": 61333}, "target_name": "solar_tower_juelich_lower", "sun_elevation": 29.11729710057796, "sun_azimuth": -41.03254268791315, "focal_spot": {"HeliOS": [50.91339202295459, 6.387826701578041, 122.74202597846406], "UTIS": [50.913392036326655, 6.3878267444718215, 122.69316482543944]}}