{"motor_position": {"axis_1_motor_position": 55969, "axis_2_motor_position": 63208}, "target_name": "solar_tower_juelich_lower", "sun_elevation": 26.456121084518028, "sun_azimuth": -47.20974039453457, "focal_spot": {"HeliOS": [50.91339201873912, 6.387828270714875, 122.65475781243632], "UTIS": [50.91339203252602, 6.387827886827456, 122.61853408813477]}}