{"motor_position": {"axis_1_motor_position": 52065, "axis_2_motor_position": 48242}, "target_name": "solar_tower_juelich_upper", "sun_elevation": 42.310995709157744, "sun_azimuth": 4.226039426306215, "focal_spot": {"HeliOS": [50.91339202100548, 6.387826994007413, 129.9022050287537], "UTIS": [50.91339203538934, 6.387827026201214, 129.9318618774414]}}