{"motor_position": {"axis_1_motor_position": 46951, "axis_2_motor_position": 61473}, "target_name": "solar_tower_juelich_lower", "sun_elevation": 47.945148604687816, "sun_azimuth": -53.1451894400684, "focal_spot": {"HeliOS": [50.913392003146555, 6.38783324082866, 123.03181262625672], "UTIS": [50.91339201622129, 6.3878327875039, 123.06312942504884]}}