{"motor_position": {"axis_1_motor_position": 45444, "axis_2_motor_position": 58736}, "target_name": "solar_tower_juelich_upper", "sun_elevation": 53.401787075969466, "sun_azimuth": -44.323790581819, "focal_spot": {"HeliOS": [50.91339201243047, 6.387832126397261, 130.02890933044443], "UTIS": [50.91339201877676, 6.387832019414508, 130.11986541748047]}}