{"motor_position": {"axis_1_motor_position": 45619, "axis_2_motor_position": 64173}, "target_name": "solar_tower_juelich_upper", "sun_elevation": 44.56684177508246, "sun_azimuth": -64.9389493326206, "focal_spot": {"HeliOS": [50.91339201212715, 6.387831546997337, 129.74258767857137], "UTIS": [50.91339202217197, 6.387830998929396, 129.8178672790527]}}