{"motor_position": {"axis_1_motor_position": 45561, "axis_2_motor_position": 62894}, "target_name": "solar_tower_juelich_upper", "sun_elevation": 46.857051917872916, "sun_azimuth": -60.5503372832555, "focal_spot": {"HeliOS": [50.91339200490388, 6.387835705187963, 129.80142322858006], "UTIS": [50.913392009356535, 6.387834850804052, 129.88474655151367]}}